info_date,cpi_yoy,ppi_yoy,cpi_core,cpi_ppi_scissors,pmi_manu,pmi_non_manu,pmi_mom,pmi_yoy,shibor_1y,shibor_overnight,shibor_3m,m2_yoy,m1_yoy,m1_m2_scissors
2015-01-04,,,,,,,,,4.7385,3.64,5.138,,,
2015-01-05,,,,,,,,,4.7429,3.421,5.125,,,
2015-01-06,,,,,,,,,4.7455,3.032,5.077,,,
2015-01-07,,,,,,,,,4.7476,2.881,5.019,,,
2015-01-08,,,,,,,,,4.7488,2.83,4.963,,,
2015-01-09,,,,,,,,,4.749,2.805,4.925,,,
2015-01-12,,,,,,,,,4.75,2.753,4.9061,,,
2015-01-13,,,,,,,,,4.75,2.667,4.9055,,,
2015-01-14,,,,,,,,,4.75,2.636,4.898,,,
2015-01-15,,,,,,,,,4.7521,2.631,4.894,,,
2015-01-16,,,,,,,,,4.7521,2.633,4.889,,,
2015-01-19,,,,,,,,,4.7555,2.66,4.894,,,
2015-01-20,,,,,,,,,4.7635,2.707,4.897,,,
2015-01-21,,,,,,,,,4.768,2.788,4.9,,,
2015-01-22,,,,,,,,,4.772,2.771,4.9,,,
2015-01-23,,,,,,,,,4.7738,2.728,4.901,,,
2015-01-26,,,,,,,,,4.7748,2.688,4.8935,,,
2015-01-27,,,,,,,,,4.7758,2.674,4.897,,,
2015-01-28,,,,,,,,,4.7788,2.69,4.9005,,,
2015-01-29,,,,,,,,,4.779,2.765,4.907,,,
2015-01-30,,,,,,,,,4.783,2.813,4.914,,,
2015-02-01,,,,,49.8,53.7,-1.386139,-0.598802,4.783,2.813,4.914,,,
2015-02-02,,,,,49.8,53.7,-1.386139,-0.598802,4.7848,2.889,4.9164,,,
2015-02-03,,,,,49.8,53.7,-1.386139,-0.598802,4.7856,2.9544,4.9167,,,
2015-02-04,,,,,49.8,53.7,-1.386139,-0.598802,4.7886,2.973,4.928,,,
2015-02-05,,,,,49.8,53.7,-1.386139,-0.598802,4.783,2.866,4.916,,,
2015-02-06,,,,,49.8,53.7,-1.386139,-0.598802,4.7793,2.856,4.908,,,
2015-02-09,,,,,49.8,53.7,-1.386139,-0.598802,4.779,2.812,4.904,,,
2015-02-10,0.76,,1.2,5.08,49.8,53.7,-1.386139,-0.598802,4.779,2.852,4.899,,,
2015-02-11,0.76,,1.2,5.08,49.8,53.7,-1.386139,-0.598802,4.78,2.932,4.9,,,
2015-02-12,0.76,,1.2,5.08,49.8,53.7,-1.386139,-0.598802,4.7834,3.058,4.901,,,
2015-02-13,0.76,,1.2,5.08,49.8,53.7,-1.386139,-0.598802,4.7855,3.091,4.9,10.77,10.55,-0.2
2015-02-15,0.76,,1.2,5.08,49.8,53.7,-1.386139,-0.598802,4.7876,3.175,4.9,10.77,10.55,-0.2
2015-02-16,0.76,,1.2,5.08,49.8,53.7,-1.386139,-0.598802,4.7888,3.182,4.9,10.77,10.55,-0.2
2015-02-17,0.76,,1.2,5.08,49.8,53.7,-1.386139,-0.598802,4.7868,3.4,4.9,10.77,10.55,-0.2
2015-02-25,0.76,,1.2,5.08,49.8,53.7,-1.386139,-0.598802,4.7886,3.328,4.9,10.77,10.55,-0.2
2015-02-26,0.76,,1.2,5.08,49.8,53.7,-1.386139,-0.598802,4.7878,3.298,4.9,10.77,10.55,-0.2
2015-02-27,0.76,,1.2,5.08,49.8,53.7,-1.386139,-0.598802,4.7888,3.318,4.9,10.77,10.55,-0.2
2015-02-28,0.76,,1.2,5.08,49.8,53.7,-1.386139,-0.598802,4.7879,3.441,4.9,10.77,10.55,-0.2
2015-03-01,0.76,,1.2,5.08,49.9,53.9,-0.59761,0.200803,4.7879,3.441,4.9,10.77,10.55,-0.2
2015-03-02,0.76,,1.2,5.08,49.9,53.9,-0.59761,0.200803,4.7829,3.453,4.898,10.77,10.55,-0.2
2015-03-03,0.76,,1.2,5.08,49.9,53.9,-0.59761,0.200803,4.7805,3.45,4.8979,10.77,10.55,-0.2
2015-03-04,0.76,,1.2,5.08,49.9,53.9,-0.59761,0.200803,4.7812,3.446,4.8959,10.77,10.55,-0.2
2015-03-05,0.76,,1.2,5.08,49.9,53.9,-0.59761,0.200803,4.7802,3.433,4.896,10.77,10.55,-0.2
2015-03-06,0.76,,1.2,5.08,49.9,53.9,-0.59761,0.200803,4.7821,3.416,4.8978,10.77,10.55,-0.2
2015-03-09,0.76,,1.2,5.08,49.9,53.9,-0.59761,0.200803,4.7803,3.381,4.8979,10.77,10.55,-0.2
2015-03-10,0.76,-4.7976,1.2,5.08,49.9,53.9,-0.59761,0.200803,4.7801,3.35,4.8988,10.77,10.55,-0.2
2015-03-11,0.76,-4.7976,1.2,5.08,49.9,53.9,-0.59761,0.200803,4.7801,3.347,4.9,10.77,10.55,-0.2
2015-03-12,0.76,-4.7976,1.2,5.08,49.9,53.9,-0.59761,0.200803,4.7801,3.4644,4.9,12.51,5.63,-6.9
2015-03-13,0.76,-4.7976,1.2,5.08,49.9,53.9,-0.59761,0.200803,4.78,3.436,4.9,12.51,5.63,-6.9
2015-03-16,0.76,-4.7976,1.2,5.08,49.9,53.9,-0.59761,0.200803,4.7801,3.403,4.905,12.51,5.63,-6.9
2015-03-17,0.76,-4.7976,1.2,5.08,49.9,53.9,-0.59761,0.200803,4.7801,3.376,4.905,12.51,5.63,-6.9
2015-03-18,0.76,-4.7976,1.2,5.08,49.9,53.9,-0.59761,0.200803,4.7801,3.369,4.906,12.51,5.63,-6.9
2015-03-19,0.76,-4.7976,1.2,5.08,49.9,53.9,-0.59761,0.200803,4.7801,3.332,4.904,12.51,5.63,-6.9
2015-03-20,0.76,-4.7976,1.2,5.08,49.9,53.9,-0.59761,0.200803,4.78,3.294,4.902,12.51,5.63,-6.9
2015-03-23,0.76,-4.7976,1.2,5.08,49.9,53.9,-0.59761,0.200803,4.78,3.217,4.899,12.51,5.63,-6.9
2015-03-24,0.76,-4.7976,1.2,5.08,49.9,53.9,-0.59761,0.200803,4.78,3.218,4.898,12.51,5.63,-6.9
2015-03-25,0.76,-4.7976,1.2,5.08,49.9,53.9,-0.59761,0.200803,4.7801,3.21,4.8975,12.51,5.63,-6.9
2015-03-26,0.76,-4.7976,1.2,5.08,49.9,53.9,-0.59761,0.200803,4.78,3.216,4.8975,12.51,5.63,-6.9
2015-03-27,0.76,-4.7976,1.2,5.08,49.9,53.9,-0.59761,0.200803,4.78,3.206,4.8975,12.51,5.63,-6.9
2015-03-30,0.76,-4.7976,1.2,5.08,49.9,53.9,-0.59761,0.200803,4.78,3.203,4.8975,12.51,5.63,-6.9
2015-03-31,0.76,-4.7976,1.2,5.08,49.9,53.9,-0.59761,0.200803,4.78,3.183,4.8975,12.51,5.63,-6.9
2015-04-01,0.76,-4.7976,1.2,5.08,50.1,53.7,-0.397614,0.400802,4.78,3.087,4.8975,12.51,5.63,-6.9
2015-04-02,0.76,-4.7976,1.2,5.08,50.1,53.7,-0.397614,0.400802,4.78,2.995,4.8975,12.51,5.63,-6.9
2015-04-03,0.76,-4.7976,1.2,5.08,50.1,53.7,-0.397614,0.400802,4.78,2.887,4.888,12.51,5.63,-6.9
2015-04-07,0.76,-4.7976,1.2,5.08,50.1,53.7,-0.397614,0.400802,4.78,2.766,4.8585,12.51,5.63,-6.9
2015-04-08,0.76,-4.7976,1.2,5.08,50.1,53.7,-0.397614,0.400802,4.78,2.683,4.8305,12.51,5.63,-6.9
2015-04-09,0.76,-4.7976,1.2,5.08,50.1,53.7,-0.397614,0.400802,4.7798,2.599,4.8008,12.51,5.63,-6.9
2015-04-10,0.76,-4.5603,1.2,5.08,50.1,53.7,-0.397614,0.400802,4.7785,2.489,4.7821,12.51,5.63,-6.9
2015-04-13,0.76,-4.5603,1.2,5.08,50.1,53.7,-0.397614,0.400802,4.7774,2.405,4.7667,12.51,5.63,-6.9
2015-04-14,0.76,-4.5603,1.2,5.08,50.1,53.7,-0.397614,0.400802,4.7773,2.372,4.7535,11.62,2.91,-8.7
2015-04-15,0.76,-4.5603,1.2,5.08,50.1,53.7,-0.397614,0.400802,4.7773,2.307,4.7365,11.62,2.91,-8.7
2015-04-16,0.76,-4.5603,1.2,5.08,50.1,53.7,-0.397614,0.400802,4.7753,2.298,4.72,11.62,2.91,-8.7
2015-04-17,0.76,-4.5603,1.2,5.08,50.1,53.7,-0.397614,0.400802,4.7758,2.268,4.703,11.62,2.91,-8.7
2015-04-20,0.76,-4.5603,1.2,5.08,50.1,53.7,-0.397614,0.400802,4.7553,2.087,4.6133,11.62,2.91,-8.7
2015-04-21,0.76,-4.5603,1.2,5.08,50.1,53.7,-0.397614,0.400802,4.7265,2.002,4.4845,11.62,2.91,-8.7
2015-04-22,0.76,-4.5603,1.2,5.08,50.1,53.7,-0.397614,0.400802,4.6935,1.949,4.4161,11.62,2.91,-8.7
2015-04-23,0.76,-4.5603,1.2,5.08,50.1,53.7,-0.397614,0.400802,4.6688,1.908,4.3431,11.62,2.91,-8.7
2015-04-24,0.76,-4.5603,1.2,5.08,50.1,53.7,-0.397614,0.400802,4.643,1.851,4.2641,11.62,2.91,-8.7
2015-04-27,0.76,-4.5603,1.2,5.08,50.1,53.7,-0.397614,0.400802,4.6278,1.806,4.161,11.62,2.91,-8.7
2015-04-28,0.76,-4.5603,1.2,5.08,50.1,53.7,-0.397614,0.400802,4.6075,1.759,4.08,11.62,2.91,-8.7
2015-04-29,0.76,-4.5603,1.2,5.08,50.1,53.7,-0.397614,0.400802,4.5965,1.739,4.035,11.62,2.91,-8.7
2015-04-30,0.76,-4.5603,1.2,5.08,50.1,53.7,-0.397614,0.400802,4.5816,1.69,3.97,11.62,2.91,-8.7
2015-05-01,0.76,-4.5603,1.2,5.08,50.1,53.4,-0.595238,0.0,4.5816,1.69,3.97,11.62,2.91,-8.7
2015-05-04,0.76,-4.5603,1.2,5.08,50.1,53.4,-0.595238,0.0,4.5628,1.619,3.923,11.62,2.91,-8.7
2015-05-05,0.76,-4.5603,1.2,5.08,50.1,53.4,-0.595238,0.0,4.5455,1.564,3.8815,11.62,2.91,-8.7
2015-05-06,0.76,-4.5603,1.2,5.08,50.1,53.4,-0.595238,0.0,4.533,1.523,3.846,11.62,2.91,-8.7
2015-05-07,0.76,-4.5603,1.2,5.08,50.1,53.4,-0.595238,0.0,4.515,1.489,3.823,11.62,2.91,-8.7
2015-05-08,0.76,-4.5603,1.2,5.08,50.1,53.4,-0.595238,0.0,4.5,1.443,3.7985,11.62,2.91,-8.7
2015-05-09,0.76,-4.5725,1.2,5.08,50.1,53.4,-0.595238,0.0,4.5,1.443,3.7985,11.62,2.91,-8.7
2015-05-11,0.76,-4.5725,1.2,5.08,50.1,53.4,-0.595238,0.0,4.453,1.345,3.735,11.62,2.91,-8.7
2015-05-12,0.76,-4.5725,1.2,5.08,50.1,53.4,-0.595238,0.0,4.415,1.29,3.681,11.62,2.91,-8.7
2015-05-13,0.76,-4.5725,1.2,5.08,50.1,53.4,-0.595238,0.0,4.3845,1.247,3.634,10.07,3.67,-6.4
2015-05-14,0.76,-4.5725,1.2,5.08,50.1,53.4,-0.595238,0.0,4.3115,1.182,3.482,10.07,3.67,-6.4
2015-05-15,0.76,-4.5725,1.2,5.08,50.1,53.4,-0.595238,0.0,4.241,1.078,3.323,10.07,3.67,-6.4
2015-05-18,0.76,-4.5725,1.2,5.08,50.1,53.4,-0.595238,0.0,4.171,1.052,3.2,10.07,3.67,-6.4
2015-05-19,0.76,-4.5725,1.2,5.08,50.1,53.4,-0.595238,0.0,4.115,1.033,3.156,10.07,3.67,-6.4
2015-05-20,0.76,-4.5725,1.2,5.08,50.1,53.4,-0.595238,0.0,4.024,1.032,3.071,10.07,3.67,-6.4
2015-05-21,0.76,-4.5725,1.2,5.08,50.1,53.4,-0.595238,0.0,3.948,1.033,3.014,10.07,3.67,-6.4
2015-05-22,0.76,-4.5725,1.2,5.08,50.1,53.4,-0.595238,0.0,3.866,1.037,2.959,10.07,3.67,-6.4
2015-05-25,0.76,-4.5725,1.2,5.08,50.1,53.4,-0.595238,0.0,3.692,1.039,2.903,10.07,3.67,-6.4
2015-05-26,0.76,-4.5725,1.2,5.08,50.1,53.4,-0.595238,0.0,3.574,1.04,2.881,10.07,3.67,-6.4
2015-05-27,0.76,-4.5725,1.2,5.08,50.1,53.4,-0.595238,0.0,3.511,1.04,2.869,10.07,3.67,-6.4
2015-05-28,0.76,-4.5725,1.2,5.08,50.1,53.4,-0.595238,0.0,3.463,1.043,2.865,10.07,3.67,-6.4
2015-05-29,0.76,-4.5725,1.2,5.08,50.1,53.4,-0.595238,0.0,3.444,1.039,2.864,10.07,3.67,-6.4
2015-06-01,0.76,-4.5725,1.2,5.08,50.2,53.2,-1.181102,0.199601,3.43,1.027,2.8565,10.07,3.67,-6.4
2015-06-02,0.76,-4.5725,1.2,5.08,50.2,53.2,-1.181102,0.199601,3.4175,1.034,2.862,10.07,3.67,-6.4
2015-06-03,0.76,-4.5725,1.2,5.08,50.2,53.2,-1.181102,0.199601,3.408,1.039,2.871,10.07,3.67,-6.4
2015-06-04,0.76,-4.5725,1.2,5.08,50.2,53.2,-1.181102,0.199601,3.402,1.047,2.8825,10.07,3.67,-6.4
2015-06-05,0.76,-4.5725,1.2,5.08,50.2,53.2,-1.181102,0.199601,3.4,1.051,2.885,10.07,3.67,-6.4
2015-06-08,0.76,-4.5725,1.2,5.08,50.2,53.2,-1.181102,0.199601,3.4,1.061,2.887,10.07,3.67,-6.4
2015-06-09,0.76,-4.607,1.2,5.08,50.2,53.2,-1.181102,0.199601,3.4,1.071,2.902,10.07,3.67,-6.4
2015-06-10,0.76,-4.607,1.2,5.08,50.2,53.2,-1.181102,0.199601,3.4,1.083,2.902,10.07,3.67,-6.4
2015-06-11,0.76,-4.607,1.2,5.08,50.2,53.2,-1.181102,0.199601,3.4,1.09,2.909,10.82,4.65,-6.1
2015-06-12,0.76,-4.607,1.2,5.08,50.2,53.2,-1.181102,0.199601,3.4,1.104,2.921,10.82,4.65,-6.1
2015-06-15,0.76,-4.607,1.2,5.08,50.2,53.2,-1.181102,0.199601,3.4,1.121,2.96,10.82,4.65,-6.1
2015-06-16,0.76,-4.607,1.2,5.08,50.2,53.2,-1.181102,0.199601,3.4,1.131,2.981,10.82,4.65,-6.1
2015-06-17,0.76,-4.607,1.2,5.08,50.2,53.2,-1.181102,0.199601,3.4,1.151,2.999,10.82,4.65,-6.1
2015-06-18,0.76,-4.607,1.2,5.08,50.2,53.2,-1.181102,0.199601,3.4,1.202,3.054,10.82,4.65,-6.1
2015-06-19,0.76,-4.607,1.2,5.08,50.2,53.2,-1.181102,0.199601,3.4,1.267,3.105,10.82,4.65,-6.1
2015-06-23,0.76,-4.607,1.2,5.08,50.2,53.2,-1.181102,0.199601,3.4,1.295,3.173,10.82,4.65,-6.1
2015-06-24,0.76,-4.607,1.2,5.08,50.2,53.2,-1.181102,0.199601,3.4,1.338,3.211,10.82,4.65,-6.1
2015-06-25,0.76,-4.607,1.2,5.08,50.2,53.2,-1.181102,0.199601,3.4,1.357,3.25,10.82,4.65,-6.1
2015-06-26,0.76,-4.607,1.2,5.08,50.2,53.2,-1.181102,0.199601,3.4,1.357,3.277,10.82,4.65,-6.1
2015-06-29,0.76,-4.607,1.2,5.08,50.2,53.2,-1.181102,0.199601,3.392,1.34,3.248,10.82,4.65,-6.1
2015-06-30,0.76,-4.607,1.2,5.08,50.2,53.2,-1.181102,0.199601,3.392,1.257,3.233,10.82,4.65,-6.1
2015-07-01,0.76,-4.607,1.2,5.08,50.2,53.8,-1.568627,0.0,3.3865,1.163,3.213,10.82,4.65,-6.1
2015-07-02,0.76,-4.607,1.2,5.08,50.2,53.8,-1.568627,0.0,3.387,1.1608,3.212,10.82,4.65,-6.1
2015-07-03,0.76,-4.607,1.2,5.08,50.2,53.8,-1.568627,0.0,3.387,1.159,3.202,10.82,4.65,-6.1
2015-07-06,0.76,-4.607,1.2,5.08,50.2,53.8,-1.568627,0.0,3.387,1.167,3.203,10.82,4.65,-6.1
2015-07-07,0.76,-4.607,1.2,5.08,50.2,53.8,-1.568627,0.0,3.386,1.176,3.192,10.82,4.65,-6.1
2015-07-08,0.76,-4.607,1.2,5.08,50.2,53.8,-1.568627,0.0,3.3858,1.187,3.186,10.82,4.65,-6.1
2015-07-09,0.76,-4.8135,1.2,5.08,50.2,53.8,-1.568627,0.0,3.3867,1.198,3.182,10.82,4.65,-6.1
2015-07-10,0.76,-4.8135,1.2,5.08,50.2,53.8,-1.568627,0.0,3.3868,1.21,3.177,10.82,4.65,-6.1
2015-07-13,0.76,-4.8135,1.2,5.08,50.2,53.8,-1.568627,0.0,3.3897,1.224,3.1709,10.82,4.65,-6.1
2015-07-14,0.76,-4.8135,1.2,5.08,50.2,53.8,-1.568627,0.0,3.3901,1.238,3.1642,11.75,4.27,-7.5
2015-07-15,0.76,-4.8135,1.2,5.08,50.2,53.8,-1.568627,0.0,3.3911,1.245,3.1598,11.75,4.27,-7.5
2015-07-16,0.76,-4.8135,1.2,5.08,50.2,53.8,-1.568627,0.0,3.3912,1.263,3.155,11.75,4.27,-7.5
2015-07-17,0.76,-4.8135,1.2,5.08,50.2,53.8,-1.568627,0.0,3.3912,1.282,3.152,11.75,4.27,-7.5
2015-07-20,0.76,-4.8135,1.2,5.08,50.2,53.8,-1.568627,0.0,3.3912,1.29,3.1505,11.75,4.27,-7.5
2015-07-21,0.76,-4.8135,1.2,5.08,50.2,53.8,-1.568627,0.0,3.3912,1.304,3.1512,11.75,4.27,-7.5
2015-07-22,0.76,-4.8135,1.2,5.08,50.2,53.8,-1.568627,0.0,3.3912,1.323,3.1563,11.75,4.27,-7.5
2015-07-23,0.76,-4.8135,1.2,5.08,50.2,53.8,-1.568627,0.0,3.3912,1.332,3.16,11.75,4.27,-7.5
2015-07-24,0.76,-4.8135,1.2,5.08,50.2,53.8,-1.568627,0.0,3.3922,1.337,3.1635,11.75,4.27,-7.5
2015-07-27,0.76,-4.8135,1.2,5.08,50.2,53.8,-1.568627,0.0,3.3923,1.374,3.1645,11.75,4.27,-7.5
2015-07-28,0.76,-4.8135,1.2,5.08,50.2,53.8,-1.568627,0.0,3.3924,1.388,3.1638,11.75,4.27,-7.5
2015-07-29,0.76,-4.8135,1.2,5.08,50.2,53.8,-1.568627,0.0,3.3923,1.427,3.1635,11.75,4.27,-7.5
2015-07-30,0.76,-4.8135,1.2,5.08,50.2,53.8,-1.568627,0.0,3.3924,1.448,3.1605,11.75,4.27,-7.5
2015-07-31,0.76,-4.8135,1.2,5.08,50.2,53.8,-1.568627,0.0,3.3924,1.47,3.1575,11.75,4.27,-7.5
2015-08-01,0.76,-4.8135,1.2,5.08,50.0,53.9,-3.288201,-0.398406,3.3924,1.47,3.1575,11.75,4.27,-7.5
2015-08-03,0.76,-4.8135,1.2,5.08,50.0,53.9,-3.288201,-0.398406,3.3924,1.488,3.153,11.75,4.27,-7.5
2015-08-04,0.76,-4.8135,1.2,5.08,50.0,53.9,-3.288201,-0.398406,3.3924,1.497,3.15,11.75,4.27,-7.5
2015-08-05,0.76,-4.8135,1.2,5.08,50.0,53.9,-3.288201,-0.398406,3.3934,1.508,3.143,11.75,4.27,-7.5
2015-08-06,0.76,-4.8135,1.2,5.08,50.0,53.9,-3.288201,-0.398406,3.3935,1.517,3.137,11.75,4.27,-7.5
2015-08-07,0.76,-4.8135,1.2,5.08,50.0,53.9,-3.288201,-0.398406,3.3935,1.529,3.127,11.75,4.27,-7.5
2015-08-09,1.6,-4.8135,1.7,6.97,50.0,53.9,-3.288201,-0.398406,3.3935,1.529,3.127,11.75,4.27,-7.5
2015-08-10,1.6,-4.8135,1.7,6.97,50.0,53.9,-3.288201,-0.398406,3.3935,1.557,3.1223,11.75,4.27,-7.5
2015-08-11,1.6,-4.8135,1.7,6.97,50.0,53.9,-3.288201,-0.398406,3.3935,1.586,3.118,13.310595,6.57,-6.7
2015-08-12,1.6,-4.8135,1.7,6.97,50.0,53.9,-3.288201,-0.398406,3.3925,1.614,3.1125,13.310595,6.57,-6.7
2015-08-13,1.6,-4.8135,1.7,6.97,50.0,53.9,-3.288201,-0.398406,3.3925,1.641,3.101,13.310595,6.57,-6.7
2015-08-14,1.6,-4.8135,1.7,6.97,50.0,53.9,-3.288201,-0.398406,3.3925,1.667,3.097,13.310595,6.57,-6.7
2015-08-17,1.6,-4.8135,1.7,6.97,50.0,53.9,-3.288201,-0.398406,3.3925,1.701,3.091,13.310595,6.57,-6.7
2015-08-18,1.6,-4.8135,1.7,6.97,50.0,53.9,-3.288201,-0.398406,3.3945,1.745,3.093,13.310595,6.57,-6.7
2015-08-19,1.6,-4.8135,1.7,6.97,50.0,53.9,-3.288201,-0.398406,3.3947,1.788,3.094,13.310595,6.57,-6.7
2015-08-20,1.6,-4.8135,1.7,6.97,50.0,53.9,-3.288201,-0.398406,3.3957,1.83,3.093,13.310595,6.57,-6.7
2015-08-21,1.6,-4.8135,1.7,6.97,50.0,53.9,-3.288201,-0.398406,3.3987,1.847,3.09,13.310595,6.57,-6.7
2015-08-24,1.6,-4.8135,1.7,6.97,50.0,53.9,-3.288201,-0.398406,3.4,1.866,3.09,13.310595,6.57,-6.7
2015-08-25,1.6,-4.8135,1.7,6.97,50.0,53.9,-3.288201,-0.398406,3.4,1.879,3.091,13.310595,6.57,-6.7
2015-08-26,1.6,-4.8135,1.7,6.97,50.0,53.9,-3.288201,-0.398406,3.4,1.786,3.0975,13.310595,6.57,-6.7
2015-08-27,1.6,-4.8135,1.7,6.97,50.0,53.9,-3.288201,-0.398406,3.4,1.759,3.096,13.310595,6.57,-6.7
2015-08-28,1.6,-4.8135,1.7,6.97,50.0,53.9,-3.288201,-0.398406,3.4,1.774,3.098,13.310595,6.57,-6.7
2015-08-31,1.6,-4.8135,1.7,6.97,50.0,53.9,-3.288201,-0.398406,3.401,1.801,3.1,13.310595,6.57,-6.7
2015-09-01,1.6,-4.8135,1.7,6.97,49.7,53.4,-2.739726,-0.6,3.404,1.821,3.1026,13.310595,6.57,-6.7
2015-09-02,1.6,-4.8135,1.7,6.97,49.7,53.4,-2.739726,-0.6,3.401,2.031,3.1026,13.310595,6.57,-6.7
2015-09-06,1.6,-4.8135,1.7,6.97,49.7,53.4,-2.739726,-0.6,3.401,1.901,3.104,13.310595,6.57,-6.7
2015-09-07,1.6,-4.8135,1.7,6.97,49.7,53.4,-2.739726,-0.6,3.401,1.904,3.099,13.310595,6.57,-6.7
2015-09-08,1.6,-4.8135,1.7,6.97,49.7,53.4,-2.739726,-0.6,3.409,1.897,3.095,13.310595,6.57,-6.7
2015-09-09,1.6,-5.9227,1.7,6.97,49.7,53.4,-2.739726,-0.6,3.4143,1.896,3.092,13.310595,6.57,-6.7
2015-09-10,1.6,-5.9227,1.7,6.97,49.7,53.4,-2.739726,-0.6,3.41,1.899,3.093,13.310595,6.57,-6.7
2015-09-11,1.6,-5.9227,1.7,6.97,49.7,53.4,-2.739726,-0.6,3.411,1.9001,3.097,13.311818,9.27,-4.0
2015-09-14,1.6,-5.9227,1.7,6.97,49.7,53.4,-2.739726,-0.6,3.411,1.899,3.106,13.311818,9.27,-4.0
2015-09-15,1.6,-5.9227,1.7,6.97,49.7,53.4,-2.739726,-0.6,3.412,1.899,3.113,13.311818,9.27,-4.0
2015-09-16,1.6,-5.9227,1.7,6.97,49.7,53.4,-2.739726,-0.6,3.413,1.9,3.116,13.311818,9.27,-4.0
2015-09-17,1.6,-5.9227,1.7,6.97,49.7,53.4,-2.739726,-0.6,3.413,1.899,3.1268,13.311818,9.27,-4.0
2015-09-18,1.6,-5.9227,1.7,6.97,49.7,53.4,-2.739726,-0.6,3.413,1.9,3.1355,13.311818,9.27,-4.0
2015-09-21,1.6,-5.9227,1.7,6.97,49.7,53.4,-2.739726,-0.6,3.413,1.901,3.141,13.311818,9.27,-4.0
2015-09-22,1.6,-5.9227,1.7,6.97,49.7,53.4,-2.739726,-0.6,3.413,1.908,3.1448,13.311818,9.27,-4.0
2015-09-23,1.6,-5.9227,1.7,6.97,49.7,53.4,-2.739726,-0.6,3.413,1.908,3.1468,13.311818,9.27,-4.0
2015-09-24,1.6,-5.9227,1.7,6.97,49.7,53.4,-2.739726,-0.6,3.413,1.909,3.1518,13.311818,9.27,-4.0
2015-09-25,1.6,-5.9227,1.7,6.97,49.7,53.4,-2.739726,-0.6,3.413,1.907,3.153,13.311818,9.27,-4.0
2015-09-28,1.6,-5.9227,1.7,6.97,49.7,53.4,-2.739726,-0.6,3.413,1.91,3.152,13.311818,9.27,-4.0
2015-09-29,1.6,-5.9227,1.7,6.97,49.7,53.4,-2.739726,-0.6,3.413,1.907,3.153,13.311818,9.27,-4.0
2015-09-30,1.6,-5.9227,1.7,6.97,49.7,53.4,-2.739726,-0.6,3.413,1.989,3.153,13.311818,9.27,-4.0
2015-10-01,1.6,-5.9227,1.7,6.97,49.8,53.4,-2.544031,0.201207,3.413,1.989,3.153,13.311818,9.27,-4.0
2015-10-08,1.6,-5.9227,1.7,6.97,49.8,53.4,-2.544031,0.201207,3.414,1.909,3.1515,13.311818,9.27,-4.0
2015-10-09,1.6,-5.9227,1.7,6.97,49.8,53.4,-2.544031,0.201207,3.414,1.906,3.1585,13.311818,9.27,-4.0
2015-10-10,1.6,-5.9227,1.7,6.97,49.8,53.4,-2.544031,0.201207,3.414,1.904,3.1656,13.311818,9.27,-4.0
2015-10-12,1.6,-5.9227,1.7,6.97,49.8,53.4,-2.544031,0.201207,3.414,1.902,3.173,13.311818,9.27,-4.0
2015-10-13,1.6,-5.9227,1.7,6.97,49.8,53.4,-2.544031,0.201207,3.413,1.9,3.1825,13.311818,9.27,-4.0
2015-10-14,1.6,-5.9227,1.6,7.5,49.8,53.4,-2.544031,0.201207,3.414,1.9,3.186,13.311818,9.27,-4.0
2015-10-15,1.6,-5.9227,1.6,7.5,49.8,53.4,-2.544031,0.201207,3.415,1.901,3.1846,13.125282,11.37,-1.7
2015-10-16,1.6,-5.9227,1.6,7.5,49.8,53.4,-2.544031,0.201207,3.415,1.899,3.1826,13.125282,11.37,-1.7
2015-10-19,1.6,-5.9227,1.6,7.5,49.8,53.4,-2.544031,0.201207,3.416,1.902,3.1783,13.125282,11.37,-1.7
2015-10-20,1.6,-5.9227,1.6,7.5,49.8,53.4,-2.544031,0.201207,3.418,1.903,3.175,13.125282,11.37,-1.7
2015-10-21,1.6,-5.9227,1.6,7.5,49.8,53.4,-2.544031,0.201207,3.419,1.905,3.169,13.125282,11.37,-1.7
2015-10-22,1.6,-5.9227,1.6,7.5,49.8,53.4,-2.544031,0.201207,3.418,1.904,3.157,13.125282,11.37,-1.7
2015-10-23,1.6,-5.9227,1.6,7.5,49.8,53.4,-2.544031,0.201207,3.418,1.909,3.144,13.125282,11.37,-1.7
2015-10-26,1.6,-5.9227,1.6,7.5,49.8,53.4,-2.544031,0.201207,3.392,1.84,3.084,13.125282,11.37,-1.7
2015-10-27,1.6,-5.9227,1.6,7.5,49.8,53.4,-2.544031,0.201207,3.384,1.8,3.047,13.125282,11.37,-1.7
2015-10-28,1.6,-5.9227,1.6,7.5,49.8,53.4,-2.544031,0.201207,3.371,1.796,3.038,13.125282,11.37,-1.7
2015-10-29,1.6,-5.9227,1.6,7.5,49.8,53.4,-2.544031,0.201207,3.364,1.798,3.036,13.125282,11.37,-1.7
2015-10-30,1.6,-5.9227,1.6,7.5,49.8,53.4,-2.544031,0.201207,3.3575,1.798,3.036,13.125282,11.37,-1.7
2015-11-01,1.6,-5.9227,1.6,7.5,49.8,53.1,-1.968504,0.0,3.3575,1.798,3.036,13.125282,11.37,-1.7
2015-11-02,1.6,-5.9227,1.6,7.5,49.8,53.1,-1.968504,0.0,3.355,1.793,3.042,13.125282,11.37,-1.7
2015-11-03,1.6,-5.9227,1.6,7.5,49.8,53.1,-1.968504,0.0,3.354,1.792,3.0425,13.125282,11.37,-1.7
2015-11-04,1.6,-5.9227,1.6,7.5,49.8,53.1,-1.968504,0.0,3.351,1.79,3.0415,13.125282,11.37,-1.7
2015-11-05,1.6,-5.9227,1.6,7.5,49.8,53.1,-1.968504,0.0,3.35,1.787,3.0405,13.125282,11.37,-1.7
2015-11-06,1.6,-5.9227,1.6,7.5,49.8,53.1,-1.968504,0.0,3.35,1.787,3.0355,13.125282,11.37,-1.7
2015-11-09,1.6,-5.9227,1.6,7.5,49.8,53.1,-1.968504,0.0,3.35,1.786,3.033,13.125282,11.37,-1.7
2015-11-10,1.6,-5.8802,1.6,7.5,49.8,53.1,-1.968504,0.0,3.351,1.783,3.034,13.125282,11.37,-1.7
2015-11-11,1.6,-5.8802,1.6,7.5,49.8,53.1,-1.968504,0.0,3.35,1.782,3.034,13.125282,11.37,-1.7
2015-11-12,1.6,-5.8802,1.6,7.5,49.8,53.1,-1.968504,0.0,3.35,1.784,3.034,13.49,14.01,0.5
2015-11-13,1.6,-5.8802,1.6,7.5,49.8,53.1,-1.968504,0.0,3.3508,1.786,3.034,13.49,14.01,0.5
2015-11-16,1.6,-5.8802,1.6,7.5,49.8,53.1,-1.968504,0.0,3.3508,1.784,3.038,13.49,14.01,0.5
2015-11-17,1.6,-5.8802,1.6,7.5,49.8,53.1,-1.968504,0.0,3.35,1.782,3.04,13.49,14.01,0.5
2015-11-18,1.6,-5.8802,1.6,7.5,49.8,53.1,-1.968504,0.0,3.35,1.781,3.0441,13.49,14.01,0.5
2015-11-19,1.6,-5.8802,1.6,7.5,49.8,53.1,-1.968504,0.0,3.35,1.785,3.044,13.49,14.01,0.5
2015-11-20,1.6,-5.8802,1.6,7.5,49.8,53.1,-1.968504,0.0,3.35,1.784,3.044,13.49,14.01,0.5
2015-11-23,1.6,-5.8802,1.6,7.5,49.8,53.1,-1.968504,0.0,3.3503,1.785,3.046,13.49,14.01,0.5
2015-11-24,1.6,-5.8802,1.6,7.5,49.8,53.1,-1.968504,0.0,3.3503,1.785,3.05,13.49,14.01,0.5
2015-11-25,1.6,-5.8802,1.6,7.5,49.8,53.1,-1.968504,0.0,3.35,1.785,3.05,13.49,14.01,0.5
2015-11-26,1.6,-5.8802,1.6,7.5,49.8,53.1,-1.968504,0.0,3.3503,1.785,3.05,13.49,14.01,0.5
2015-11-27,1.6,-5.8802,1.6,7.5,49.8,53.1,-1.968504,0.0,3.35,1.786,3.05,13.49,14.01,0.5
2015-11-30,1.6,-5.8802,1.6,7.5,49.8,53.1,-1.968504,0.0,3.35,1.788,3.05,13.49,14.01,0.5
2015-12-01,1.6,-5.8802,1.6,7.5,49.6,53.6,-1.39165,-0.401606,3.35,1.788,3.047,13.49,14.01,0.5
2015-12-02,1.6,-5.8802,1.6,7.5,49.6,53.6,-1.39165,-0.401606,3.35,1.786,3.042,13.49,14.01,0.5
2015-12-03,1.6,-5.8802,1.6,7.5,49.6,53.6,-1.39165,-0.401606,3.35,1.787,3.043,13.49,14.01,0.5
2015-12-04,1.6,-5.8802,1.6,7.5,49.6,53.6,-1.39165,-0.401606,3.35,1.787,3.043,13.49,14.01,0.5
2015-12-07,1.6,-5.8802,1.6,7.5,49.6,53.6,-1.39165,-0.401606,3.35,1.784,3.048,13.49,14.01,0.5
2015-12-08,1.6,-5.8802,1.6,7.5,49.6,53.6,-1.39165,-0.401606,3.35,1.786,3.051,13.49,14.01,0.5
2015-12-09,1.49,-5.8802,1.5,7.39,49.6,53.6,-1.39165,-0.401606,3.35,1.789,3.047,13.49,14.01,0.5
2015-12-10,1.49,-5.8802,1.5,7.39,49.6,53.6,-1.39165,-0.401606,3.35,1.789,3.046,13.49,14.01,0.5
2015-12-11,1.49,-5.8802,1.5,7.39,49.6,53.6,-1.39165,-0.401606,3.35,1.788,3.051,13.68,15.67,2.0
2015-12-14,1.49,-5.8802,1.5,7.39,49.6,53.6,-1.39165,-0.401606,3.35,1.788,3.0461,13.68,15.67,2.0
2015-12-15,1.49,-5.8802,1.5,7.39,49.6,53.6,-1.39165,-0.401606,3.35,1.788,3.051,13.68,15.67,2.0
2015-12-16,1.49,-5.8802,1.5,7.39,49.6,53.6,-1.39165,-0.401606,3.35,1.79,3.0475,13.68,15.67,2.0
2015-12-17,1.49,-5.8802,1.5,7.39,49.6,53.6,-1.39165,-0.401606,3.35,1.793,3.0481,13.68,15.67,2.0
2015-12-18,1.49,-5.8802,1.5,7.39,49.6,53.6,-1.39165,-0.401606,3.35,1.816,3.0501,13.68,15.67,2.0
2015-12-21,1.49,-5.8802,1.5,7.39,49.6,53.6,-1.39165,-0.401606,3.3503,1.843,3.0551,13.68,15.67,2.0
2015-12-22,1.49,-5.8802,1.5,7.39,49.6,53.6,-1.39165,-0.401606,3.35,1.875,3.0611,13.68,15.67,2.0
2015-12-23,1.49,-5.8802,1.5,7.39,49.6,53.6,-1.39165,-0.401606,3.35,1.903,3.0735,13.68,15.67,2.0
2015-12-24,1.49,-5.8802,1.5,7.39,49.6,53.6,-1.39165,-0.401606,3.35,1.924,3.0774,13.68,15.67,2.0
2015-12-25,1.49,-5.8802,1.5,7.39,49.6,53.6,-1.39165,-0.401606,3.35,1.934,3.0825,13.68,15.67,2.0
2015-12-28,1.49,-5.8802,1.5,7.39,49.6,53.6,-1.39165,-0.401606,3.35,1.939,3.0878,13.68,15.67,2.0
2015-12-29,1.49,-5.8802,1.5,7.39,49.6,53.6,-1.39165,-0.401606,3.35,1.935,3.0882,13.68,15.67,2.0
2015-12-30,1.49,-5.8802,1.5,7.39,49.6,53.6,-1.39165,-0.401606,3.35,1.935,3.0882,13.68,15.67,2.0
2015-12-31,1.49,-5.8802,1.5,7.39,49.6,53.6,-1.39165,-0.401606,3.35,1.991,3.0852,13.68,15.67,2.0
2016-01-01,1.49,-5.8802,1.5,7.39,49.7,54.4,-0.798403,0.201613,3.35,1.991,3.0852,13.68,15.67,2.0
2016-01-04,1.49,-5.8802,1.5,7.39,49.7,54.4,-0.798403,0.201613,3.35,1.995,3.086,13.68,15.67,2.0
2016-01-05,1.49,-5.8802,1.5,7.39,49.7,54.4,-0.798403,0.201613,3.35,1.998,3.086,13.68,15.67,2.0
2016-01-06,1.49,-5.8802,1.5,7.39,49.7,54.4,-0.798403,0.201613,3.347,1.98,3.082,13.68,15.67,2.0
2016-01-07,1.49,-5.8802,1.5,7.39,49.7,54.4,-0.798403,0.201613,3.346,1.966,3.0746,13.68,15.67,2.0
2016-01-08,1.49,-5.8802,1.5,7.39,49.7,54.4,-0.798403,0.201613,3.345,1.958,3.067,13.68,15.67,2.0
2016-01-09,1.64,-5.8802,1.5,7.54,49.7,54.4,-0.798403,0.201613,3.345,1.958,3.067,13.68,15.67,2.0
2016-01-11,1.64,-5.8802,1.5,7.54,49.7,54.4,-0.798403,0.201613,3.344,1.951,3.0585,13.68,15.67,2.0
2016-01-12,1.64,-5.8802,1.5,7.54,49.7,54.4,-0.798403,0.201613,3.34,1.951,3.053,13.68,15.67,2.0
2016-01-13,1.64,-5.8802,1.5,7.54,49.7,54.4,-0.798403,0.201613,3.3345,1.95,3.041,13.68,15.67,2.0
2016-01-14,1.64,-5.8802,1.5,7.54,49.7,54.4,-0.798403,0.201613,3.318,1.95,3.027,13.68,15.67,2.0
2016-01-15,1.64,-5.8802,1.5,7.54,49.7,54.4,-0.798403,0.201613,3.295,1.956,3.008,13.343102,15.2,1.9
2016-01-18,1.64,-5.8802,1.5,7.54,49.7,54.4,-0.798403,0.201613,3.2705,1.954,2.985,13.343102,15.2,1.9
2016-01-19,1.64,-5.8802,1.5,7.54,49.7,54.4,-0.798403,0.201613,3.25,1.959,2.976,13.343102,15.2,1.9
2016-01-20,1.64,-5.8802,1.5,7.54,49.7,54.4,-0.798403,0.201613,3.253,1.983,2.9705,13.343102,15.2,1.9
2016-01-21,1.64,-5.8802,1.5,7.54,49.7,54.4,-0.798403,0.201613,3.253,2.014,2.986,13.343102,15.2,1.9
2016-01-22,1.64,-5.8802,1.5,7.54,49.7,54.4,-0.798403,0.201613,3.256,2.028,3.031,13.343102,15.2,1.9
2016-01-25,1.64,-5.8802,1.5,7.54,49.7,54.4,-0.798403,0.201613,3.259,2.009,3.0415,13.343102,15.2,1.9
2016-01-26,1.64,-5.8802,1.5,7.54,49.7,54.4,-0.798403,0.201613,3.2682,1.997,3.073,13.343102,15.2,1.9
2016-01-27,1.64,-5.8802,1.5,7.54,49.7,54.4,-0.798403,0.201613,3.265,1.995,3.104,13.343102,15.2,1.9
2016-01-28,1.64,-5.8802,1.5,7.54,49.7,54.4,-0.798403,0.201613,3.265,1.992,3.107,13.343102,15.2,1.9
2016-01-29,1.64,-5.8802,1.5,7.54,49.7,54.4,-0.798403,0.201613,3.265,1.989,3.103,13.343102,15.2,1.9
2016-02-01,1.64,-5.8802,1.5,7.54,49.4,53.5,-0.803213,-0.603622,3.265,1.987,3.082,13.343102,15.2,1.9
2016-02-02,1.64,-5.8802,1.5,7.54,49.4,53.5,-0.803213,-0.603622,3.265,1.984,3.081,13.343102,15.2,1.9
2016-02-03,1.64,-5.8802,1.5,7.54,49.4,53.5,-0.803213,-0.603622,3.262,1.983,3.071,13.343102,15.2,1.9
2016-02-04,1.64,-5.8802,1.5,7.54,49.4,53.5,-0.803213,-0.603622,3.253,1.983,3.061,13.343102,15.2,1.9
2016-02-05,1.64,-5.8802,1.5,7.54,49.4,53.5,-0.803213,-0.603622,3.25,1.984,3.06,13.343102,15.2,1.9
2016-02-06,1.64,-5.8802,1.5,7.54,49.4,53.5,-0.803213,-0.603622,3.251,2.281,3.058,13.343102,15.2,1.9
2016-02-14,1.64,-5.8802,1.5,7.54,49.4,53.5,-0.803213,-0.603622,3.251,1.978,3.0495,13.343102,15.2,1.9
2016-02-15,1.64,-5.8802,1.5,7.54,49.4,53.5,-0.803213,-0.603622,3.25,1.977,3.041,13.343102,15.2,1.9
2016-02-16,1.64,-5.8802,1.5,7.54,49.4,53.5,-0.803213,-0.603622,3.25,1.974,3.029,13.970279,18.55,4.6
2016-02-17,1.64,-5.8802,1.5,7.54,49.4,53.5,-0.803213,-0.603622,3.25,1.968,3.014,13.970279,18.55,4.6
2016-02-18,1.64,-5.2796,1.5,7.54,49.4,53.5,-0.803213,-0.603622,3.25,1.951,3.004,13.970279,18.55,4.6
2016-02-19,1.64,-5.2796,1.5,7.54,49.4,53.5,-0.803213,-0.603622,3.234,1.938,2.967,13.970279,18.55,4.6
2016-02-22,1.64,-5.2796,1.5,7.54,49.4,53.5,-0.803213,-0.603622,3.219,1.934,2.947,13.970279,18.55,4.6
2016-02-23,1.64,-5.2796,1.5,7.54,49.4,53.5,-0.803213,-0.603622,3.21,1.933,2.927,13.970279,18.55,4.6
2016-02-24,1.64,-5.2796,1.5,7.54,49.4,53.5,-0.803213,-0.603622,3.204,1.956,2.901,13.970279,18.55,4.6
2016-02-25,1.64,-5.2796,1.5,7.54,49.4,53.5,-0.803213,-0.603622,3.197,2.004,2.899,13.970279,18.55,4.6
2016-02-26,1.64,-5.2796,1.5,7.54,49.4,53.5,-0.803213,-0.603622,3.192,2.048,2.899,13.970279,18.55,4.6
2016-02-29,1.64,-5.2796,1.5,7.54,49.4,53.5,-0.803213,-0.603622,3.186,2.007,2.899,13.970279,18.55,4.6
2016-03-01,1.64,-5.2796,1.5,7.54,49.0,52.7,-1.803607,-0.809717,3.1735,1.968,2.8835,13.970279,18.55,4.6
2016-03-02,1.64,-5.2796,1.5,7.54,49.0,52.7,-1.803607,-0.809717,3.145,1.962,2.857,13.970279,18.55,4.6
2016-03-03,1.64,-5.2796,1.5,7.54,49.0,52.7,-1.803607,-0.809717,3.134,1.957,2.84,13.970279,18.55,4.6
2016-03-04,1.64,-5.2796,1.5,7.54,49.0,52.7,-1.803607,-0.809717,3.125,1.95,2.832,13.970279,18.55,4.6
2016-03-07,1.64,-5.2796,1.5,7.54,49.0,52.7,-1.803607,-0.809717,3.121,1.951,2.823,13.970279,18.55,4.6
2016-03-08,1.64,-5.2796,1.5,7.54,49.0,52.7,-1.803607,-0.809717,3.112,1.95,2.814,13.970279,18.55,4.6
2016-03-09,1.64,-5.2796,1.5,7.54,49.0,52.7,-1.803607,-0.809717,3.106,1.95,2.807,13.970279,18.55,4.6
2016-03-10,2.28,-5.2796,1.3,7.18,49.0,52.7,-1.803607,-0.809717,3.101,1.947,2.804,13.970279,18.55,4.6
2016-03-11,2.28,-5.2796,1.3,7.18,49.0,52.7,-1.803607,-0.809717,3.0955,1.945,2.799,13.300164,17.36,4.1
2016-03-14,2.28,-5.2796,1.3,7.18,49.0,52.7,-1.803607,-0.809717,3.093,1.949,2.793,13.300164,17.36,4.1
2016-03-15,2.28,-5.2796,1.3,7.18,49.0,52.7,-1.803607,-0.809717,3.091,1.953,2.793,13.300164,17.36,4.1
2016-03-16,2.28,-5.2796,1.3,7.18,49.0,52.7,-1.803607,-0.809717,3.09,1.956,2.793,13.300164,17.36,4.1
2016-03-17,2.28,-5.2796,1.3,7.18,49.0,52.7,-1.803607,-0.809717,3.078,1.97,2.791,13.300164,17.36,4.1
2016-03-18,2.28,-5.2796,1.3,7.18,49.0,52.7,-1.803607,-0.809717,3.0685,1.99,2.793,13.300164,17.36,4.1
2016-03-21,2.28,-5.2796,1.3,7.18,49.0,52.7,-1.803607,-0.809717,3.0635,1.998,2.795,13.300164,17.36,4.1
2016-03-22,2.28,-5.2796,1.3,7.18,49.0,52.7,-1.803607,-0.809717,3.058,2.007,2.797,13.300164,17.36,4.1
2016-03-23,2.28,-5.2796,1.3,7.18,49.0,52.7,-1.803607,-0.809717,3.0555,2.0,2.798,13.300164,17.36,4.1
2016-03-24,2.28,-5.2796,1.3,7.18,49.0,52.7,-1.803607,-0.809717,3.055,1.995,2.799,13.300164,17.36,4.1
2016-03-25,2.28,-5.2796,1.3,7.18,49.0,52.7,-1.803607,-0.809717,3.055,1.989,2.797,13.300164,17.36,4.1
2016-03-28,2.28,-5.2796,1.3,7.18,49.0,52.7,-1.803607,-0.809717,3.055,1.992,2.797,13.300164,17.36,4.1
2016-03-29,2.28,-5.2796,1.3,7.18,49.0,52.7,-1.803607,-0.809717,3.054,1.996,2.8002,13.300164,17.36,4.1
2016-03-30,2.28,-5.2796,1.3,7.18,49.0,52.7,-1.803607,-0.809717,3.052,2.004,2.8115,13.300164,17.36,4.1
2016-03-31,2.28,-5.2796,1.3,7.18,49.0,52.7,-1.803607,-0.809717,3.051,2.017,2.8248,13.300164,17.36,4.1
2016-04-01,2.28,-5.2796,1.3,7.18,50.2,53.8,0.199601,2.44898,3.051,2.014,2.8385,13.300164,17.36,4.1
2016-04-05,2.28,-5.2796,1.3,7.18,50.2,53.8,0.199601,2.44898,3.05,1.993,2.846,13.300164,17.36,4.1
2016-04-06,2.28,-5.2796,1.3,7.18,50.2,53.8,0.199601,2.44898,3.049,1.983,2.845,13.300164,17.36,4.1
2016-04-07,2.28,-5.2796,1.3,7.18,50.2,53.8,0.199601,2.44898,3.048,1.9783,2.847,13.300164,17.36,4.1
2016-04-08,2.28,-5.2796,1.3,7.18,50.2,53.8,0.199601,2.44898,3.047,1.98,2.8455,13.300164,17.36,4.1
2016-04-11,2.28,-4.3207,1.3,7.18,50.2,53.8,0.199601,2.44898,3.042,1.985,2.8485,13.300164,17.36,4.1
2016-04-12,2.28,-4.3207,1.3,7.18,50.2,53.8,0.199601,2.44898,3.043,1.993,2.847,13.300164,17.36,4.1
2016-04-13,2.28,-4.3207,1.3,7.18,50.2,53.8,0.199601,2.44898,3.042,1.996,2.8485,13.300164,17.36,4.1
2016-04-14,2.28,-4.3207,1.3,7.18,50.2,53.8,0.199601,2.44898,3.042,1.999,2.8487,13.300164,17.36,4.1
2016-04-15,2.28,-4.3207,1.3,7.18,50.2,53.8,0.199601,2.44898,3.044,1.995,2.848,13.397699,22.05,8.7
2016-04-18,2.28,-4.3207,1.3,7.18,50.2,53.8,0.199601,2.44898,3.042,1.998,2.848,13.397699,22.05,8.7
2016-04-19,2.28,-4.3207,1.3,7.18,50.2,53.8,0.199601,2.44898,3.043,2.004,2.85,13.397699,22.05,8.7
2016-04-20,2.28,-4.3207,1.3,7.18,50.2,53.8,0.199601,2.44898,3.042,2.018,2.851,13.397699,22.05,8.7
2016-04-21,2.28,-4.3207,1.3,7.18,50.2,53.8,0.199601,2.44898,3.042,2.029,2.861,13.397699,22.05,8.7
2016-04-22,2.28,-4.3207,1.3,7.18,50.2,53.8,0.199601,2.44898,3.042,2.038,2.868,13.397699,22.05,8.7
2016-04-25,2.28,-4.3207,1.3,7.18,50.2,53.8,0.199601,2.44898,3.042,2.045,2.8735,13.397699,22.05,8.7
2016-04-26,2.28,-4.3207,1.3,7.18,50.2,53.8,0.199601,2.44898,3.042,2.036,2.8775,13.397699,22.05,8.7
2016-04-27,2.28,-4.3207,1.3,7.18,50.2,53.8,0.199601,2.44898,3.042,2.024,2.883,13.397699,22.05,8.7
2016-04-28,2.28,-4.3207,1.3,7.18,50.2,53.8,0.199601,2.44898,3.042,2.021,2.8925,13.397699,22.05,8.7
2016-04-29,2.28,-4.3207,1.3,7.18,50.2,53.8,0.199601,2.44898,3.042,2.049,2.908,13.397699,22.05,8.7
2016-05-01,2.28,-4.3207,1.3,7.18,50.1,53.5,0.0,-0.199203,3.042,2.049,2.908,13.397699,22.05,8.7
2016-05-03,2.28,-4.3207,1.3,7.18,50.1,53.5,0.0,-0.199203,3.0422,2.0033,2.9044,13.397699,22.05,8.7
2016-05-04,2.28,-4.3207,1.3,7.18,50.1,53.5,0.0,-0.199203,3.042,2.0,2.899,13.397699,22.05,8.7
2016-05-05,2.28,-4.3207,1.3,7.18,50.1,53.5,0.0,-0.199203,3.042,2.001,2.896,13.397699,22.05,8.7
2016-05-06,2.28,-4.3207,1.3,7.18,50.1,53.5,0.0,-0.199203,3.042,2.0,2.894,13.397699,22.05,8.7
2016-05-09,2.28,-4.3207,1.3,7.18,50.1,53.5,0.0,-0.199203,3.042,1.999,2.892,13.397699,22.05,8.7
2016-05-10,2.28,-3.3813,1.3,7.18,50.1,53.5,0.0,-0.199203,3.042,1.999,2.892,13.397699,22.05,8.7
2016-05-11,2.28,-3.3813,1.3,7.18,50.1,53.5,0.0,-0.199203,3.043,1.999,2.894,13.397699,22.05,8.7
2016-05-12,2.28,-3.3813,1.3,7.18,50.1,53.5,0.0,-0.199203,3.044,2.0,2.8955,13.397699,22.05,8.7
2016-05-13,2.28,-3.3813,1.3,7.18,50.1,53.5,0.0,-0.199203,3.045,2.002,2.9035,12.84,22.92,10.1
2016-05-16,2.28,-3.3813,1.3,7.18,50.1,53.5,0.0,-0.199203,3.047,2.005,2.9075,12.84,22.92,10.1
2016-05-17,2.28,-3.3813,1.3,7.18,50.1,53.5,0.0,-0.199203,3.049,2.011,2.9158,12.84,22.92,10.1
2016-05-18,2.28,-3.3813,1.3,7.18,50.1,53.5,0.0,-0.199203,3.05,2.011,2.9227,12.84,22.92,10.1
2016-05-19,2.28,-3.3813,1.3,7.18,50.1,53.5,0.0,-0.199203,3.05,2.01,2.9273,12.84,22.92,10.1
2016-05-20,2.28,-3.3813,1.3,7.18,50.1,53.5,0.0,-0.199203,3.05,2.008,2.9288,12.84,22.92,10.1
2016-05-23,2.28,-3.3813,1.3,7.18,50.1,53.5,0.0,-0.199203,3.05,2.004,2.93,12.84,22.92,10.1
2016-05-24,2.28,-3.3813,1.3,7.18,50.1,53.5,0.0,-0.199203,3.05,2.002,2.933,12.84,22.92,10.1
2016-05-25,2.28,-3.3813,1.3,7.18,50.1,53.5,0.0,-0.199203,3.05,2.001,2.9385,12.84,22.92,10.1
2016-05-26,2.28,-3.3813,1.3,7.18,50.1,53.5,0.0,-0.199203,3.05,2.001,2.941,12.84,22.92,10.1
2016-05-27,2.28,-3.3813,1.3,7.18,50.1,53.5,0.0,-0.199203,3.05,2.001,2.942,12.84,22.92,10.1
2016-05-30,2.28,-3.3813,1.3,7.18,50.1,53.5,0.0,-0.199203,3.05,2.002,2.9455,12.84,22.92,10.1
2016-05-31,2.28,-3.3813,1.3,7.18,50.1,53.5,0.0,-0.199203,3.05,2.01,2.946,12.84,22.92,10.1
2016-06-01,2.28,-3.3813,1.3,7.18,50.1,53.1,-0.199203,0.0,3.05,2.006,2.946,12.84,22.92,10.1
2016-06-02,2.28,-3.3813,1.3,7.18,50.1,53.1,-0.199203,0.0,3.05,2.004,2.946,12.84,22.92,10.1
2016-06-03,2.28,-3.3813,1.3,7.18,50.1,53.1,-0.199203,0.0,3.05,1.999,2.947,12.84,22.92,10.1
2016-06-06,2.28,-3.3813,1.3,7.18,50.1,53.1,-0.199203,0.0,3.05,1.998,2.946,12.84,22.92,10.1
2016-06-07,2.28,-3.3813,1.3,7.18,50.1,53.1,-0.199203,0.0,3.05,2.0,2.946,12.84,22.92,10.1
2016-06-08,2.28,-3.3813,1.3,7.18,50.1,53.1,-0.199203,0.0,3.05,2.0,2.946,12.84,22.92,10.1
2016-06-09,2.28,-2.8,1.3,7.18,50.1,53.1,-0.199203,0.0,3.05,2.0,2.946,12.84,22.92,10.1
2016-06-12,2.28,-2.8,1.3,7.18,50.1,53.1,-0.199203,0.0,3.05,2.0,2.946,12.84,22.92,10.1
2016-06-13,2.28,-2.8,1.3,7.18,50.1,53.1,-0.199203,0.0,3.05,2.0,2.9476,12.84,22.92,10.1
2016-06-14,2.28,-2.8,1.3,7.18,50.1,53.1,-0.199203,0.0,3.05,2.0,2.9508,12.84,22.92,10.1
2016-06-15,2.28,-2.8,1.3,7.18,50.1,53.1,-0.199203,0.0,3.05,2.0,2.9521,11.805299,23.66,11.9
2016-06-16,2.28,-2.8,1.3,7.18,50.1,53.1,-0.199203,0.0,3.05,2.002,2.9523,11.805299,23.66,11.9
2016-06-17,2.28,-2.8,1.3,7.18,50.1,53.1,-0.199203,0.0,3.05,2.005,2.9568,11.805299,23.66,11.9
2016-06-20,2.28,-2.8,1.3,7.18,50.1,53.1,-0.199203,0.0,3.051,2.01,2.9572,11.805299,23.66,11.9
2016-06-21,2.28,-2.8,1.3,7.18,50.1,53.1,-0.199203,0.0,3.051,2.019,2.9573,11.805299,23.66,11.9
2016-06-22,2.28,-2.8,1.3,7.18,50.1,53.1,-0.199203,0.0,3.051,2.027,2.9593,11.805299,23.66,11.9
2016-06-23,2.28,-2.8,1.3,7.18,50.1,53.1,-0.199203,0.0,3.051,2.032,2.9605,11.805299,23.66,11.9
2016-06-24,2.28,-2.8,1.3,7.18,50.1,53.1,-0.199203,0.0,3.051,2.035,2.9626,11.805299,23.66,11.9
2016-06-27,2.28,-2.8,1.3,7.18,50.1,53.1,-0.199203,0.0,3.051,2.038,2.9618,11.805299,23.66,11.9
2016-06-28,2.28,-2.8,1.3,7.18,50.1,53.1,-0.199203,0.0,3.051,2.04,2.9638,11.805299,23.66,11.9
2016-06-29,2.28,-2.8,1.3,7.18,50.1,53.1,-0.199203,0.0,3.051,2.038,2.9639,11.805299,23.66,11.9
2016-06-30,2.28,-2.8,1.3,7.18,50.1,53.1,-0.199203,0.0,3.05,2.037,2.9659,11.805299,23.66,11.9
2016-07-01,2.28,-2.8,1.3,7.18,50.0,53.7,-0.398406,-0.199601,3.05,2.027,2.9661,11.805299,23.66,11.9
2016-07-04,2.28,-2.8,1.3,7.18,50.0,53.7,-0.398406,-0.199601,3.05,2.014,2.9672,11.805299,23.66,11.9
2016-07-05,2.28,-2.8,1.3,7.18,50.0,53.7,-0.398406,-0.199601,3.05,2.007,2.9605,11.805299,23.66,11.9
2016-07-06,2.28,-2.8,1.3,7.18,50.0,53.7,-0.398406,-0.199601,3.05,1.999,2.953,11.805299,23.66,11.9
2016-07-07,2.28,-2.8,1.3,7.18,50.0,53.7,-0.398406,-0.199601,3.05,1.997,2.9455,11.805299,23.66,11.9
2016-07-08,2.28,-2.8,1.3,7.18,50.0,53.7,-0.398406,-0.199601,3.05,1.996,2.936,11.805299,23.66,11.9
2016-07-10,1.88,-2.8,1.6,4.48,50.0,53.7,-0.398406,-0.199601,3.05,1.996,2.936,11.805299,23.66,11.9
2016-07-11,1.88,-2.8,1.6,4.48,50.0,53.7,-0.398406,-0.199601,3.05,1.996,2.931,11.805299,23.66,11.9
2016-07-12,1.88,-2.8,1.6,4.48,50.0,53.7,-0.398406,-0.199601,3.05,1.994,2.924,11.805299,23.66,11.9
2016-07-13,1.88,-2.8,1.6,4.48,50.0,53.7,-0.398406,-0.199601,3.049,1.993,2.907,11.805299,23.66,11.9
2016-07-14,1.88,-2.8,1.6,4.48,50.0,53.7,-0.398406,-0.199601,3.047,1.993,2.888,11.805299,23.66,11.9
2016-07-15,1.88,-2.8,1.6,4.48,50.0,53.7,-0.398406,-0.199601,3.047,1.996,2.877,11.783363,24.59,12.8
2016-07-18,1.88,-2.8,1.6,4.48,50.0,53.7,-0.398406,-0.199601,3.048,1.996,2.87,11.783363,24.59,12.8
2016-07-19,1.88,-2.8,1.6,4.48,50.0,53.7,-0.398406,-0.199601,3.048,2.003,2.865,11.783363,24.59,12.8
2016-07-20,1.88,-2.8,1.6,4.48,50.0,53.7,-0.398406,-0.199601,3.045,2.005,2.8615,11.783363,24.59,12.8
2016-07-21,1.88,-2.8,1.6,4.48,50.0,53.7,-0.398406,-0.199601,3.046,2.008,2.8575,11.783363,24.59,12.8
2016-07-22,1.88,-2.8,1.6,4.48,50.0,53.7,-0.398406,-0.199601,3.044,2.023,2.856,11.783363,24.59,12.8
2016-07-25,1.88,-2.8,1.6,4.48,50.0,53.7,-0.398406,-0.199601,3.041,2.032,2.854,11.783363,24.59,12.8
2016-07-26,1.88,-2.8,1.6,4.48,50.0,53.7,-0.398406,-0.199601,3.041,2.037,2.851,11.783363,24.59,12.8
2016-07-27,1.88,-2.8,1.6,4.48,50.0,53.7,-0.398406,-0.199601,3.041,2.038,2.849,11.783363,24.59,12.8
2016-07-28,1.88,-2.8,1.6,4.48,50.0,53.7,-0.398406,-0.199601,3.039,2.028,2.8465,11.783363,24.59,12.8
2016-07-29,1.88,-2.8,1.6,4.48,50.0,53.7,-0.398406,-0.199601,3.038,2.017,2.846,11.783363,24.59,12.8
2016-08-01,1.88,-2.8,1.6,4.48,49.9,53.9,-0.2,-0.2,3.0378,2.012,2.844,11.783363,24.59,12.8
2016-08-02,1.88,-2.8,1.6,4.48,49.9,53.9,-0.2,-0.2,3.0358,2.008,2.839,11.783363,24.59,12.8
2016-08-03,1.88,-2.8,1.6,4.48,49.9,53.9,-0.2,-0.2,3.0335,2.004,2.8335,11.783363,24.59,12.8
2016-08-04,1.88,-2.8,1.6,4.48,49.9,53.9,-0.2,-0.2,3.03,2.002,2.822,11.783363,24.59,12.8
2016-08-05,1.88,-2.8,1.6,4.48,49.9,53.9,-0.2,-0.2,3.028,2.002,2.8185,11.783363,24.59,12.8
2016-08-08,1.88,-2.8,1.6,4.48,49.9,53.9,-0.2,-0.2,3.026,2.005,2.815,11.783363,24.59,12.8
2016-08-09,1.77,-2.8,1.8,3.47,49.9,53.9,-0.2,-0.2,3.025,2.01,2.8105,11.783363,24.59,12.8
2016-08-10,1.77,-2.8,1.8,3.47,49.9,53.9,-0.2,-0.2,3.026,2.017,2.8085,11.783363,24.59,12.8
2016-08-11,1.77,-2.8,1.8,3.47,49.9,53.9,-0.2,-0.2,3.027,2.021,2.805,11.783363,24.59,12.8
2016-08-12,1.77,-2.8,1.8,3.47,49.9,53.9,-0.2,-0.2,3.026,2.021,2.8045,10.22,25.43,15.2
2016-08-15,1.77,-2.8,1.8,3.47,49.9,53.9,-0.2,-0.2,3.0278,2.0233,2.8028,10.22,25.43,15.2
2016-08-16,1.77,-2.8,1.8,3.47,49.9,53.9,-0.2,-0.2,3.026,2.022,2.7995,10.22,25.43,15.2
2016-08-17,1.77,-2.8,1.8,3.47,49.9,53.9,-0.2,-0.2,3.026,2.022,2.796,10.22,25.43,15.2
2016-08-18,1.77,-2.8,1.8,3.47,49.9,53.9,-0.2,-0.2,3.026,2.023,2.794,10.22,25.43,15.2
2016-08-19,1.77,-2.8,1.8,3.47,49.9,53.9,-0.2,-0.2,3.027,2.023,2.793,10.22,25.43,15.2
2016-08-22,1.77,-2.8,1.8,3.47,49.9,53.9,-0.2,-0.2,3.0267,2.0233,2.7944,10.22,25.43,15.2
2016-08-23,1.77,-2.8,1.8,3.47,49.9,53.9,-0.2,-0.2,3.026,2.033,2.793,10.22,25.43,15.2
2016-08-24,1.77,-2.8,1.8,3.47,49.9,53.9,-0.2,-0.2,3.027,2.043,2.794,10.22,25.43,15.2
2016-08-25,1.77,-2.8,1.8,3.47,49.9,53.9,-0.2,-0.2,3.027,2.044,2.795,10.22,25.43,15.2
2016-08-26,1.77,-2.8,1.8,3.47,49.9,53.9,-0.2,-0.2,3.027,2.044,2.796,10.22,25.43,15.2
2016-08-29,1.77,-2.8,1.8,3.47,49.9,53.9,-0.2,-0.2,3.027,2.049,2.795,10.22,25.43,15.2
2016-08-30,1.77,-2.8,1.8,3.47,49.9,53.9,-0.2,-0.2,3.025,2.063,2.795,10.22,25.43,15.2
2016-08-31,1.77,-2.8,1.8,3.47,49.9,53.9,-0.2,-0.2,3.027,2.065,2.794,10.22,25.43,15.2
2016-09-01,1.77,-2.8,1.8,3.47,50.4,53.5,1.408451,1.002004,3.026,2.066,2.791,10.22,25.43,15.2
2016-09-02,1.77,-2.8,1.8,3.47,50.4,53.5,1.408451,1.002004,3.0265,2.066,2.788,10.22,25.43,15.2
2016-09-05,1.77,-2.8,1.8,3.47,50.4,53.5,1.408451,1.002004,3.0255,2.07,2.786,10.22,25.43,15.2
2016-09-06,1.77,-2.8,1.8,3.47,50.4,53.5,1.408451,1.002004,3.0265,2.077,2.7845,10.22,25.43,15.2
2016-09-07,1.77,-2.8,1.8,3.47,50.4,53.5,1.408451,1.002004,3.0265,2.0803,2.781,10.22,25.43,15.2
2016-09-08,1.77,-2.8,1.8,3.47,50.4,53.5,1.408451,1.002004,3.0255,2.081,2.781,10.22,25.43,15.2
2016-09-09,1.34,-2.8,1.6,2.14,50.4,53.5,1.408451,1.002004,3.0255,2.085,2.7831,10.22,25.43,15.2
2016-09-12,1.34,-2.8,1.6,2.14,50.4,53.5,1.408451,1.002004,3.0265,2.095,2.7849,10.22,25.43,15.2
2016-09-13,1.34,-2.8,1.6,2.14,50.4,53.5,1.408451,1.002004,3.0265,2.108,2.785,10.22,25.43,15.2
2016-09-14,1.34,-2.8,1.6,2.14,50.4,53.5,1.408451,1.002004,3.0265,2.128,2.7885,11.354855,25.29,13.9
2016-09-18,1.34,-2.8,1.6,2.14,50.4,53.5,1.408451,1.002004,3.0275,2.14,2.7919,11.354855,25.29,13.9
2016-09-19,1.34,-2.8,1.6,2.14,50.4,53.5,1.408451,1.002004,3.0275,2.154,2.796,11.354855,25.29,13.9
2016-09-20,1.34,-2.8,1.6,2.14,50.4,53.5,1.408451,1.002004,3.0275,2.159,2.799,11.354855,25.29,13.9
2016-09-21,1.34,-2.8,1.6,2.14,50.4,53.5,1.408451,1.002004,3.0275,2.167,2.8009,11.354855,25.29,13.9
2016-09-22,1.34,-2.8,1.6,2.14,50.4,53.5,1.408451,1.002004,3.0275,2.168,2.803,11.354855,25.29,13.9
2016-09-23,1.34,-2.8,1.6,2.14,50.4,53.5,1.408451,1.002004,3.0275,2.1668,2.804,11.354855,25.29,13.9
2016-09-26,1.34,-2.8,1.6,2.14,50.4,53.5,1.408451,1.002004,3.0265,2.164,2.804,11.354855,25.29,13.9
2016-09-27,1.34,-2.8,1.6,2.14,50.4,53.5,1.408451,1.002004,3.0265,2.166,2.8025,11.354855,25.29,13.9
2016-09-28,1.34,-2.8,1.6,2.14,50.4,53.5,1.408451,1.002004,3.0265,2.178,2.8015,11.354855,25.29,13.9
2016-09-29,1.34,-2.8,1.6,2.14,50.4,53.5,1.408451,1.002004,3.0265,2.188,2.8015,11.354855,25.29,13.9
2016-09-30,1.34,-2.8,1.6,2.14,50.4,53.5,1.408451,1.002004,3.0265,2.327,2.8015,11.354855,25.29,13.9
2016-10-01,1.34,-2.8,1.6,2.14,50.4,53.7,1.204819,0.0,3.0265,2.327,2.8015,11.354855,25.29,13.9
2016-10-08,1.34,-2.8,1.6,2.14,50.4,53.7,1.204819,0.0,3.0275,2.193,2.8015,11.354855,25.29,13.9
2016-10-09,1.34,-2.8,1.6,2.14,50.4,53.7,1.204819,0.0,3.0275,2.175,2.8015,11.354855,25.29,13.9
2016-10-10,1.34,-2.8,1.6,2.14,50.4,53.7,1.204819,0.0,3.0275,2.162,2.8015,11.354855,25.29,13.9
2016-10-11,1.34,-2.8,1.6,2.14,50.4,53.7,1.204819,0.0,3.0275,2.153,2.8015,11.354855,25.29,13.9
2016-10-12,1.34,-2.8,1.6,2.14,50.4,53.7,1.204819,0.0,3.0275,2.15,2.8015,11.354855,25.29,13.9
2016-10-13,1.34,-2.8,1.6,2.14,50.4,53.7,1.204819,0.0,3.0275,2.151,2.8025,11.354855,25.29,13.9
2016-10-14,1.92,-2.8,1.7,1.82,50.4,53.7,1.204819,0.0,3.0275,2.153,2.8025,11.354855,25.29,13.9
2016-10-17,1.92,-2.8,1.7,1.82,50.4,53.7,1.204819,0.0,3.0275,2.159,2.804,11.354855,25.29,13.9
2016-10-18,1.92,-2.8,1.7,1.82,50.4,53.7,1.204819,0.0,3.0275,2.173,2.804,11.5,24.7,13.2
2016-10-19,1.92,-2.8,1.7,1.82,50.4,53.7,1.204819,0.0,3.028,2.196,2.804,11.5,24.7,13.2
2016-10-20,1.92,-2.8,1.7,1.82,50.4,53.7,1.204819,0.0,3.028,2.208,2.8054,11.5,24.7,13.2
2016-10-21,1.92,-2.8,1.7,1.82,50.4,53.7,1.204819,0.0,3.028,2.222,2.8096,11.5,24.7,13.2
2016-10-24,1.92,-2.8,1.7,1.82,50.4,53.7,1.204819,0.0,3.029,2.231,2.813,11.5,24.7,13.2
2016-10-25,1.92,-2.8,1.7,1.82,50.4,53.7,1.204819,0.0,3.03,2.238,2.814,11.5,24.7,13.2
2016-10-26,1.92,-2.8,1.7,1.82,50.4,53.7,1.204819,0.0,3.03,2.248,2.8164,11.5,24.7,13.2
2016-10-27,1.92,-2.8,1.7,1.82,50.4,53.7,1.204819,0.0,3.031,2.254,2.8207,11.5,24.7,13.2
2016-10-28,1.92,-2.8,1.7,1.82,50.4,53.7,1.204819,0.0,3.032,2.254,2.8221,11.5,24.7,13.2
2016-10-31,1.92,-2.8,1.7,1.82,50.4,53.7,1.204819,0.0,3.032,2.253,2.8233,11.5,24.7,13.2
2016-11-01,1.92,-2.8,1.7,1.82,51.2,54.0,2.811245,1.587302,3.032,2.252,2.8254,11.5,24.7,13.2
2016-11-02,1.92,-2.8,1.7,1.82,51.2,54.0,2.811245,1.587302,3.035,2.2492,2.8296,11.5,24.7,13.2
2016-11-03,1.92,-2.8,1.7,1.82,51.2,54.0,2.811245,1.587302,3.038,2.245,2.838,11.5,24.7,13.2
2016-11-04,1.92,-2.8,1.7,1.82,51.2,54.0,2.811245,1.587302,3.0408,2.232,2.8458,11.5,24.7,13.2
2016-11-07,1.92,-2.8,1.7,1.82,51.2,54.0,2.811245,1.587302,3.041,2.206,2.8576,11.5,24.7,13.2
2016-11-08,1.92,-2.8,1.7,1.82,51.2,54.0,2.811245,1.587302,3.041,2.187,2.8648,11.5,24.7,13.2
2016-11-09,2.1,-2.8,1.8,0.9,51.2,54.0,2.811245,1.587302,3.0415,2.182,2.8655,11.5,24.7,13.2
2016-11-10,2.1,-2.8,1.8,0.9,51.2,54.0,2.811245,1.587302,3.044,2.196,2.8701,11.5,24.7,13.2
2016-11-11,2.1,-2.8,1.8,0.9,51.2,54.0,2.811245,1.587302,3.045,2.211,2.8751,11.643078,23.85,12.3
2016-11-14,2.1,-2.8,1.8,0.9,51.2,54.0,2.811245,1.587302,3.048,2.231,2.8846,11.643078,23.85,12.3
2016-11-15,2.1,-2.8,1.8,0.9,51.2,54.0,2.811245,1.587302,3.049,2.247,2.8955,11.643078,23.85,12.3
2016-11-16,2.1,-2.8,1.8,0.9,51.2,54.0,2.811245,1.587302,3.054,2.257,2.9125,11.643078,23.85,12.3
2016-11-17,2.1,-2.8,1.8,0.9,51.2,54.0,2.811245,1.587302,3.0605,2.259,2.9325,11.643078,23.85,12.3
2016-11-18,2.1,-2.8,1.8,0.9,51.2,54.0,2.811245,1.587302,3.0712,2.265,2.9505,11.643078,23.85,12.3
2016-11-21,2.1,-2.8,1.8,0.9,51.2,54.0,2.811245,1.587302,3.0782,2.271,2.9701,11.643078,23.85,12.3
2016-11-22,2.1,-2.8,1.8,0.9,51.2,54.0,2.811245,1.587302,3.0825,2.273,2.9765,11.643078,23.85,12.3
2016-11-23,2.1,-2.8,1.8,0.9,51.2,54.0,2.811245,1.587302,3.0853,2.277,2.9857,11.643078,23.85,12.3
2016-11-24,2.1,-2.8,1.8,0.9,51.2,54.0,2.811245,1.587302,3.0976,2.282,2.9956,11.643078,23.85,12.3
2016-11-25,2.1,-2.8,1.8,0.9,51.2,54.0,2.811245,1.587302,3.1088,2.289,3.0026,11.643078,23.85,12.3
2016-11-28,2.1,-2.8,1.8,0.9,51.2,54.0,2.811245,1.587302,3.1199,2.298,3.0113,11.643078,23.85,12.3
2016-11-29,2.1,-2.8,1.8,0.9,51.2,54.0,2.811245,1.587302,3.131,2.302,3.0172,11.643078,23.85,12.3
2016-11-30,2.1,-2.8,1.8,0.9,51.2,54.0,2.811245,1.587302,3.1491,2.316,3.0358,11.643078,23.85,12.3
2016-12-01,2.1,-2.8,1.8,0.9,51.7,54.7,4.233871,0.976563,3.16,2.325,3.0556,11.643078,23.85,12.3
2016-12-02,2.1,-2.8,1.8,0.9,51.7,54.7,4.233871,0.976563,3.173,2.32,3.0686,11.643078,23.85,12.3
2016-12-05,2.1,-2.8,1.8,0.9,51.7,54.7,4.233871,0.976563,3.1853,2.308,3.0889,11.643078,23.85,12.3
2016-12-06,2.1,-2.8,1.8,0.9,51.7,54.7,4.233871,0.976563,3.2066,2.299,3.1039,11.643078,23.85,12.3
2016-12-07,2.1,-2.8,1.8,0.9,51.7,54.7,4.233871,0.976563,3.2197,2.292,3.1134,11.643078,23.85,12.3
2016-12-08,2.1,-2.8,1.8,0.9,51.7,54.7,4.233871,0.976563,3.231,2.2908,3.1144,11.643078,23.85,12.3
2016-12-09,2.1,3.3,1.8,0.9,51.7,54.7,4.233871,0.976563,3.2391,2.2925,3.1265,11.643078,23.85,12.3
2016-12-12,2.1,3.3,1.8,0.9,51.7,54.7,4.233871,0.976563,3.246,2.292,3.1377,11.643078,23.85,12.3
2016-12-13,2.1,3.3,1.8,0.9,51.7,54.7,4.233871,0.976563,3.2606,2.296,3.1498,11.643078,23.85,12.3
2016-12-14,2.1,3.3,1.8,0.9,51.7,54.7,4.233871,0.976563,3.2741,2.3,3.1568,11.388723,22.65,11.3
2016-12-15,2.1,3.3,1.8,0.9,51.7,54.7,4.233871,0.976563,3.2855,2.311,3.1635,11.388723,22.65,11.3
2016-12-16,2.1,3.3,1.8,0.9,51.7,54.7,4.233871,0.976563,3.2986,2.33,3.1774,11.388723,22.65,11.3
2016-12-19,2.1,3.3,1.8,0.9,51.7,54.7,4.233871,0.976563,3.3059,2.335,3.1898,11.388723,22.65,11.3
2016-12-20,2.1,3.3,1.8,0.9,51.7,54.7,4.233871,0.976563,3.3186,2.345,3.204,11.388723,22.65,11.3
2016-12-21,2.1,3.3,1.8,0.9,51.7,54.7,4.233871,0.976563,3.3349,2.345,3.2164,11.388723,22.65,11.3
2016-12-22,2.1,3.3,1.8,0.9,51.7,54.7,4.233871,0.976563,3.3455,2.341,3.2267,11.388723,22.65,11.3
2016-12-23,2.1,3.3,1.8,0.9,51.7,54.7,4.233871,0.976563,3.3546,2.323,3.2337,11.388723,22.65,11.3
2016-12-26,2.1,3.3,1.8,0.9,51.7,54.7,4.233871,0.976563,3.3575,2.294,3.2414,11.388723,22.65,11.3
2016-12-27,2.1,3.3,1.8,0.9,51.7,54.7,4.233871,0.976563,3.3598,2.264,3.2512,11.388723,22.65,11.3
2016-12-28,2.1,3.3,1.8,0.9,51.7,54.7,4.233871,0.976563,3.361,2.246,3.2592,11.388723,22.65,11.3
2016-12-29,2.1,3.3,1.8,0.9,51.7,54.7,4.233871,0.976563,3.3675,2.227,3.2651,11.388723,22.65,11.3
2016-12-30,2.1,3.3,1.8,0.9,51.7,54.7,4.233871,0.976563,3.3728,2.23,3.2726,11.388723,22.65,11.3
2017-01-01,2.1,3.3,1.8,0.9,51.4,54.5,3.420523,-0.580271,3.3728,2.23,3.2726,11.388723,22.65,11.3
2017-01-03,2.1,3.3,1.8,0.9,51.4,54.5,3.420523,-0.580271,3.3833,2.209,3.2813,11.388723,22.65,11.3
2017-01-04,2.1,3.3,1.8,0.9,51.4,54.5,3.420523,-0.580271,3.3904,2.172,3.2912,11.388723,22.65,11.3
2017-01-05,2.1,3.3,1.8,0.9,51.4,54.5,3.420523,-0.580271,3.4311,2.13,3.3384,11.388723,22.65,11.3
2017-01-06,2.1,3.3,1.8,0.9,51.4,54.5,3.420523,-0.580271,3.4882,2.112,3.4388,11.388723,22.65,11.3
2017-01-09,2.1,3.3,1.8,0.9,51.4,54.5,3.420523,-0.580271,3.5329,2.094,3.5152,11.388723,22.65,11.3
2017-01-10,2.1,5.5,1.8,0.9,51.4,54.5,3.420523,-0.580271,3.5533,2.096,3.5526,11.388723,22.65,11.3
2017-01-11,2.1,5.5,1.8,0.9,51.4,54.5,3.420523,-0.580271,3.5674,2.104,3.5853,11.388723,22.65,11.3
2017-01-12,2.1,5.5,1.8,0.9,51.4,54.5,3.420523,-0.580271,3.5838,2.103,3.6536,11.333121,21.35,10.1
2017-01-13,2.1,5.5,1.8,0.9,51.4,54.5,3.420523,-0.580271,3.6014,2.104,3.6874,11.333121,21.35,10.1
2017-01-16,2.1,5.5,1.8,0.9,51.4,54.5,3.420523,-0.580271,3.6102,2.142,3.7018,11.333121,21.35,10.1
2017-01-17,2.1,5.5,1.8,0.9,51.4,54.5,3.420523,-0.580271,3.6321,2.2563,3.7222,11.333121,21.35,10.1
2017-01-18,2.1,5.5,1.8,0.9,51.4,54.5,3.420523,-0.580271,3.6513,2.328,3.7491,11.333121,21.35,10.1
2017-01-19,2.1,5.5,1.8,0.9,51.4,54.5,3.420523,-0.580271,3.6602,2.364,3.803,11.333121,21.35,10.1
2017-01-20,2.1,5.5,1.8,0.9,51.4,54.5,3.420523,-0.580271,3.6691,2.376,3.8213,11.333121,21.35,10.1
2017-01-22,2.1,5.5,1.8,0.9,51.4,54.5,3.420523,-0.580271,3.677,2.189,3.8301,11.333121,21.35,10.1
2017-01-23,2.1,5.5,1.8,0.9,51.4,54.5,3.420523,-0.580271,3.6847,2.175,3.8401,11.333121,21.35,10.1
2017-01-24,2.1,5.5,1.8,0.9,51.4,54.5,3.420523,-0.580271,3.6905,2.164,3.8401,11.333121,21.35,10.1
2017-01-25,2.1,5.5,1.8,0.9,51.4,54.5,3.420523,-0.580271,3.7136,2.165,3.8551,11.333121,21.35,10.1
2017-01-26,2.1,5.5,1.8,0.9,51.4,54.5,3.420523,-0.580271,3.7396,2.5293,3.8706,11.333121,21.35,10.1
2017-02-01,2.1,5.5,1.8,0.9,51.3,54.6,3.846154,-0.194553,3.7396,2.5293,3.8706,11.333121,21.35,10.1
2017-02-03,2.1,5.5,1.8,0.9,51.3,54.6,3.846154,-0.194553,3.786,2.218,3.9175,11.333121,21.35,10.1
2017-02-04,2.1,5.5,1.8,0.9,51.3,54.6,3.846154,-0.194553,3.8214,2.2571,3.9348,11.333121,21.35,10.1
2017-02-06,2.1,5.5,1.8,0.9,51.3,54.6,3.846154,-0.194553,3.8542,2.278,3.9497,11.333121,21.35,10.1
2017-02-07,2.1,5.5,1.8,0.9,51.3,54.6,3.846154,-0.194553,3.882,2.281,4.016,11.333121,21.35,10.1
2017-02-08,2.1,5.5,1.8,0.9,51.3,54.6,3.846154,-0.194553,3.9019,2.2765,4.1094,11.333121,21.35,10.1
2017-02-09,2.1,5.5,1.8,0.9,51.3,54.6,3.846154,-0.194553,3.9168,2.272,4.144,11.333121,21.35,10.1
2017-02-10,2.1,5.5,1.8,0.9,51.3,54.6,3.846154,-0.194553,3.9352,2.2678,4.1727,11.333121,21.35,10.1
2017-02-13,2.1,5.5,1.8,0.9,51.3,54.6,3.846154,-0.194553,3.953,2.264,4.2029,11.333121,21.35,10.1
2017-02-14,2.1,6.9,1.8,0.9,51.3,54.6,3.846154,-0.194553,3.968,2.261,4.2148,11.333121,21.35,10.1
2017-02-15,2.1,6.9,1.8,0.9,51.3,54.6,3.846154,-0.194553,3.9846,2.2658,4.2394,10.7,14.5,3.2
2017-02-16,2.1,6.9,1.8,0.9,51.3,54.6,3.846154,-0.194553,3.9906,2.333,4.2518,10.7,14.5,3.2
2017-02-17,2.1,6.9,1.8,0.9,51.3,54.6,3.846154,-0.194553,4.0005,2.36,4.2567,10.7,14.5,3.2
2017-02-20,2.1,6.9,1.8,0.9,51.3,54.6,3.846154,-0.194553,4.0064,2.4086,4.2622,10.7,14.5,3.2
2017-02-21,2.1,6.9,1.8,0.9,51.3,54.6,3.846154,-0.194553,4.0102,2.483,4.2704,10.7,14.5,3.2
2017-02-22,2.1,6.9,1.8,0.9,51.3,54.6,3.846154,-0.194553,4.0225,2.4845,4.2778,10.7,14.5,3.2
2017-02-23,2.1,6.9,1.8,0.9,51.3,54.6,3.846154,-0.194553,4.0305,2.5271,4.284,10.7,14.5,3.2
2017-02-24,2.1,6.9,1.8,0.9,51.3,54.6,3.846154,-0.194553,4.0362,2.4756,4.2829,10.7,14.5,3.2
2017-02-27,2.1,6.9,1.8,0.9,51.3,54.6,3.846154,-0.194553,4.0407,2.4338,4.2804,10.7,14.5,3.2
2017-02-28,2.1,6.9,1.8,0.9,51.3,54.6,3.846154,-0.194553,4.0467,2.493,4.2841,10.7,14.5,3.2
2017-03-01,2.1,6.9,1.8,0.9,51.6,54.2,5.306122,0.584795,4.0497,2.4943,4.2881,10.7,14.5,3.2
2017-03-02,2.1,6.9,1.8,0.9,51.6,54.2,5.306122,0.584795,4.0492,2.4611,4.2904,10.7,14.5,3.2
2017-03-03,2.1,6.9,1.8,0.9,51.6,54.2,5.306122,0.584795,4.051,2.369,4.2905,10.7,14.5,3.2
2017-03-06,2.1,6.9,1.8,0.9,51.6,54.2,5.306122,0.584795,4.0511,2.4033,4.2925,10.7,14.5,3.2
2017-03-07,2.1,6.9,1.8,0.9,51.6,54.2,5.306122,0.584795,4.0527,2.4041,4.2918,10.7,14.5,3.2
2017-03-08,2.1,6.9,1.8,0.9,51.6,54.2,5.306122,0.584795,4.0536,2.4061,4.2932,10.7,14.5,3.2
2017-03-09,2.1,7.8,1.8,0.9,51.6,54.2,5.306122,0.584795,4.0539,2.4076,4.2943,10.7,14.5,3.2
2017-03-10,2.1,7.8,1.8,0.9,51.6,54.2,5.306122,0.584795,4.0551,2.4019,4.2942,10.4,21.41,10.3
2017-03-13,2.1,7.8,1.8,0.9,51.6,54.2,5.306122,0.584795,4.0614,2.379,4.2925,10.4,21.41,10.3
2017-03-14,2.1,7.8,1.8,0.9,51.6,54.2,5.306122,0.584795,4.0678,2.3761,4.2925,10.4,21.41,10.3
2017-03-15,2.1,7.8,1.8,0.9,51.6,54.2,5.306122,0.584795,4.0818,2.3869,4.2933,10.4,21.41,10.3
2017-03-16,2.1,7.8,1.8,0.9,51.6,54.2,5.306122,0.584795,4.1052,2.441,4.3267,10.4,21.41,10.3
2017-03-17,2.1,7.8,1.8,0.9,51.6,54.2,5.306122,0.584795,4.1246,2.633,4.3507,10.4,21.41,10.3
2017-03-20,2.1,7.8,1.8,0.9,51.6,54.2,5.306122,0.584795,4.1435,2.6325,4.3711,10.4,21.41,10.3
2017-03-21,2.1,7.8,1.8,0.9,51.6,54.2,5.306122,0.584795,4.1559,2.6477,4.3846,10.4,21.41,10.3
2017-03-22,2.1,7.8,1.8,0.9,51.6,54.2,5.306122,0.584795,4.1649,2.6507,4.4077,10.4,21.41,10.3
2017-03-23,2.1,7.8,1.8,0.9,51.6,54.2,5.306122,0.584795,4.1717,2.657,4.4396,10.4,21.41,10.3
2017-03-24,2.1,7.8,1.8,0.9,51.6,54.2,5.306122,0.584795,4.1835,2.604,4.4516,10.4,21.41,10.3
2017-03-27,2.1,7.8,1.8,0.9,51.6,54.2,5.306122,0.584795,4.1874,2.482,4.4364,10.4,21.41,10.3
2017-03-28,2.1,7.8,1.8,0.9,51.6,54.2,5.306122,0.584795,4.1918,2.448,4.423,10.4,21.41,10.3
2017-03-29,2.1,7.8,1.8,0.9,51.6,54.2,5.306122,0.584795,4.1952,2.521,4.4135,10.4,21.41,10.3
2017-03-30,2.1,7.8,1.8,0.9,51.6,54.2,5.306122,0.584795,4.2006,2.507,4.3995,10.4,21.41,10.3
2017-03-31,2.1,7.8,1.8,0.9,51.8,55.1,3.187251,0.387597,4.2,2.5384,4.393,10.4,21.41,10.3
2017-04-01,2.1,7.8,1.8,0.9,51.8,55.1,3.187251,0.387597,4.2,2.497,4.3642,10.4,21.41,10.3
2017-04-05,2.1,7.8,1.8,0.9,51.8,55.1,3.187251,0.387597,4.2,2.4868,4.3355,10.4,21.41,10.3
2017-04-06,2.1,7.8,1.8,0.9,51.8,55.1,3.187251,0.387597,4.2,2.537,4.3183,10.4,21.41,10.3
2017-04-07,2.1,7.8,1.8,0.9,51.8,55.1,3.187251,0.387597,4.2,2.4957,4.301,10.4,21.41,10.3
2017-04-10,2.1,7.8,1.8,0.9,51.8,55.1,3.187251,0.387597,4.201,2.442,4.2906,10.4,21.41,10.3
2017-04-11,2.1,7.8,1.8,0.9,51.8,55.1,3.187251,0.387597,4.201,2.408,4.2774,10.4,21.41,10.3
2017-04-12,2.1,7.6,1.8,0.9,51.8,55.1,3.187251,0.387597,4.2011,2.3885,4.2653,10.4,21.41,10.3
2017-04-13,2.1,7.6,1.8,0.9,51.8,55.1,3.187251,0.387597,4.2022,2.413,4.2631,10.4,21.41,10.3
2017-04-14,2.1,7.6,1.8,0.9,51.8,55.1,3.187251,0.387597,4.2013,2.429,4.2634,10.1,18.8,8.2
2017-04-17,2.1,7.6,1.8,0.9,51.8,55.1,3.187251,0.387597,4.2022,2.444,4.2609,10.1,18.8,8.2
2017-04-18,2.1,7.6,1.8,0.9,51.8,55.1,3.187251,0.387597,4.2023,2.486,4.2621,10.1,18.8,8.2
2017-04-19,2.1,7.6,1.8,0.9,51.8,55.1,3.187251,0.387597,4.2113,2.575,4.2661,10.1,18.8,8.2
2017-04-20,2.1,7.6,1.8,0.9,51.8,55.1,3.187251,0.387597,4.2121,2.5987,4.2725,10.1,18.8,8.2
2017-04-21,2.1,7.6,1.8,0.9,51.8,55.1,3.187251,0.387597,4.2145,2.6163,4.2781,10.1,18.8,8.2
2017-04-24,2.1,7.6,1.8,0.9,51.8,55.1,3.187251,0.387597,4.2175,2.7157,4.2789,10.1,18.8,8.2
2017-04-25,2.1,7.6,1.8,0.9,51.8,55.1,3.187251,0.387597,4.2228,2.7514,4.2839,10.1,18.8,8.2
2017-04-26,2.1,7.6,1.8,0.9,51.8,55.1,3.187251,0.387597,4.2243,2.759,4.2884,10.1,18.8,8.2
2017-04-27,2.1,7.6,1.8,0.9,51.8,55.1,3.187251,0.387597,4.2255,2.792,4.2917,10.1,18.8,8.2
2017-04-28,2.1,7.6,1.8,0.9,51.8,55.1,3.187251,0.387597,4.2296,2.819,4.2974,10.1,18.8,8.2
2017-04-30,2.1,7.6,1.8,0.9,51.2,54.0,2.195609,-1.158301,4.2296,2.819,4.2974,10.1,18.8,8.2
2017-05-02,2.1,7.6,1.8,0.9,51.2,54.0,2.195609,-1.158301,4.233,2.8175,4.3002,10.1,18.8,8.2
2017-05-03,2.1,7.6,1.8,0.9,51.2,54.0,2.195609,-1.158301,4.2453,2.8451,4.3309,10.1,18.8,8.2
2017-05-04,2.1,7.6,1.8,0.9,51.2,54.0,2.195609,-1.158301,4.2503,2.8506,4.3476,10.1,18.8,8.2
2017-05-05,2.1,7.6,1.8,0.9,51.2,54.0,2.195609,-1.158301,4.2512,2.8348,4.3608,10.1,18.8,8.2
2017-05-08,2.1,7.6,1.8,0.9,51.2,54.0,2.195609,-1.158301,4.2555,2.818,4.3731,10.1,18.8,8.2
2017-05-09,2.1,7.6,1.8,0.9,51.2,54.0,2.195609,-1.158301,4.2612,2.8199,4.3848,10.1,18.8,8.2
2017-05-10,1.17,7.6,2.1,-5.23,51.2,54.0,2.195609,-1.158301,4.2674,2.827,4.3933,10.1,18.8,8.2
2017-05-11,1.17,7.6,2.1,-5.23,51.2,54.0,2.195609,-1.158301,4.2715,2.813,4.4083,10.1,18.8,8.2
2017-05-12,1.17,7.6,2.1,-5.23,51.2,54.0,2.195609,-1.158301,4.2724,2.7911,4.4088,9.8,18.54,8.0
2017-05-15,1.17,7.6,2.1,-5.23,51.2,54.0,2.195609,-1.158301,4.2739,2.716,4.4184,9.8,18.54,8.0
2017-05-16,1.17,7.6,2.1,-5.23,51.2,54.0,2.195609,-1.158301,4.2784,2.746,4.4278,9.8,18.54,8.0
2017-05-17,1.17,7.6,2.1,-5.23,51.2,54.0,2.195609,-1.158301,4.2831,2.7525,4.4349,9.8,18.54,8.0
2017-05-18,1.17,7.6,2.1,-5.23,51.2,54.0,2.195609,-1.158301,4.2864,2.7641,4.4439,9.8,18.54,8.0
2017-05-19,1.17,7.6,2.1,-5.23,51.2,54.0,2.195609,-1.158301,4.2925,2.715,4.4641,9.8,18.54,8.0
2017-05-22,1.17,7.6,2.1,-5.23,51.2,54.0,2.195609,-1.158301,4.3024,2.6745,4.4744,9.8,18.54,8.0
2017-05-23,1.17,7.6,2.1,-5.23,51.2,54.0,2.195609,-1.158301,4.3137,2.654,4.4956,9.8,18.54,8.0
2017-05-24,1.17,7.6,2.1,-5.23,51.2,54.0,2.195609,-1.158301,4.322,2.623,4.5177,9.8,18.54,8.0
2017-05-25,1.17,7.6,2.1,-5.23,51.2,54.0,2.195609,-1.158301,4.3342,2.611,4.5338,9.8,18.54,8.0
2017-05-26,1.17,7.6,2.1,-5.23,51.2,54.0,2.195609,-1.158301,4.3435,2.609,4.5424,9.8,18.54,8.0
2017-05-27,1.17,7.6,2.1,-5.23,51.2,54.0,2.195609,-1.158301,4.3544,2.601,4.5528,9.8,18.54,8.0
2017-05-31,1.17,7.6,2.1,-5.23,51.2,54.5,2.195609,0.0,4.3579,2.6365,4.5641,9.8,18.54,8.0
2017-06-01,1.17,7.6,2.1,-5.23,51.2,54.5,2.195609,0.0,4.37,2.6525,4.5779,9.8,18.54,8.0
2017-06-02,1.17,7.6,2.1,-5.23,51.2,54.5,2.195609,0.0,4.3773,2.7953,4.6012,9.8,18.54,8.0
2017-06-05,1.17,7.6,2.1,-5.23,51.2,54.5,2.195609,0.0,4.3862,2.8167,4.6225,9.8,18.54,8.0
2017-06-06,1.17,7.6,2.1,-5.23,51.2,54.5,2.195609,0.0,4.3922,2.8419,4.6577,9.8,18.54,8.0
2017-06-07,1.17,7.6,2.1,-5.23,51.2,54.5,2.195609,0.0,4.3991,2.809,4.6988,9.8,18.54,8.0
2017-06-08,1.17,7.6,2.1,-5.23,51.2,54.5,2.195609,0.0,4.406,2.8199,4.7306,9.8,18.54,8.0
2017-06-09,1.52,7.6,2.1,-3.98,51.2,54.5,2.195609,0.0,4.4116,2.8275,4.7555,9.8,18.54,8.0
2017-06-12,1.52,7.6,2.1,-3.98,51.2,54.5,2.195609,0.0,4.4172,2.8302,4.7763,9.8,18.54,8.0
2017-06-13,1.52,7.6,2.1,-3.98,51.2,54.5,2.195609,0.0,4.4208,2.832,4.7827,9.8,18.54,8.0
2017-06-14,1.52,7.6,2.1,-3.98,51.2,54.5,2.195609,0.0,4.4231,2.825,4.7827,9.1,17.0,7.4
2017-06-15,1.52,7.6,2.1,-3.98,51.2,54.5,2.195609,0.0,4.4264,2.8317,4.7723,9.1,17.0,7.4
2017-06-16,1.52,7.6,2.1,-3.98,51.2,54.5,2.195609,0.0,4.4297,2.8528,4.7613,9.1,17.0,7.4
2017-06-19,1.52,7.6,2.1,-3.98,51.2,54.5,2.195609,0.0,4.431,2.8635,4.747,9.1,17.0,7.4
2017-06-20,1.52,7.6,2.1,-3.98,51.2,54.5,2.195609,0.0,4.4368,2.8776,4.7141,9.1,17.0,7.4
2017-06-21,1.52,7.6,2.1,-3.98,51.2,54.5,2.195609,0.0,4.4359,2.889,4.688,9.1,17.0,7.4
2017-06-22,1.52,7.6,2.1,-3.98,51.2,54.5,2.195609,0.0,4.4342,2.869,4.6521,9.1,17.0,7.4
2017-06-23,1.52,7.6,2.1,-3.98,51.2,54.5,2.195609,0.0,4.4345,2.81,4.63,9.1,17.0,7.4
2017-06-26,1.52,7.6,2.1,-3.98,51.2,54.5,2.195609,0.0,4.4369,2.717,4.6125,9.1,17.0,7.4
2017-06-27,1.52,7.6,2.1,-3.98,51.2,54.5,2.195609,0.0,4.433,2.626,4.5833,9.1,17.0,7.4
2017-06-28,1.52,7.6,2.1,-3.98,51.2,54.5,2.195609,0.0,4.4299,2.5596,4.5522,9.1,17.0,7.4
2017-06-29,1.52,7.6,2.1,-3.98,51.2,54.5,2.195609,0.0,4.4193,2.539,4.5211,9.1,17.0,7.4
2017-06-30,1.52,7.6,2.1,-3.98,51.7,54.9,3.4,0.976563,4.4203,2.618,4.5009,9.1,17.0,7.4
2017-07-03,1.52,7.6,2.1,-3.98,51.7,54.9,3.4,0.976563,4.4193,2.72,4.4857,9.1,17.0,7.4
2017-07-04,1.52,7.6,2.1,-3.98,51.7,54.9,3.4,0.976563,4.4162,2.6897,4.4606,9.1,17.0,7.4
2017-07-05,1.52,7.6,2.1,-3.98,51.7,54.9,3.4,0.976563,4.413,2.583,4.4285,9.1,17.0,7.4
2017-07-06,1.52,7.6,2.1,-3.98,51.7,54.9,3.4,0.976563,4.4108,2.5473,4.3876,9.1,17.0,7.4
2017-07-07,1.52,7.6,2.1,-3.98,51.7,54.9,3.4,0.976563,4.4091,2.533,4.3607,9.1,17.0,7.4
2017-07-10,1.52,5.5,2.1,-3.98,51.7,54.9,3.4,0.976563,4.4073,2.549,4.3421,9.1,17.0,7.4
2017-07-11,1.52,5.5,2.1,-3.98,51.7,54.9,3.4,0.976563,4.4075,2.621,4.3212,9.1,17.0,7.4
2017-07-12,1.52,5.5,2.1,-3.98,51.7,54.9,3.4,0.976563,4.4066,2.646,4.3088,9.1,15.01,5.9
2017-07-13,1.52,5.5,2.1,-3.98,51.7,54.9,3.4,0.976563,4.4074,2.659,4.29,9.1,15.01,5.9
2017-07-14,1.52,5.5,2.1,-3.98,51.7,54.9,3.4,0.976563,4.4051,2.627,4.281,9.1,15.01,5.9
2017-07-17,1.52,5.5,2.1,-3.98,51.7,54.9,3.4,0.976563,4.405,2.6329,4.2706,9.1,15.01,5.9
2017-07-18,1.52,5.5,2.1,-3.98,51.7,54.9,3.4,0.976563,4.4034,2.701,4.2666,9.1,15.01,5.9
2017-07-19,1.52,5.5,2.1,-3.98,51.7,54.9,3.4,0.976563,4.4008,2.722,4.26,9.1,15.01,5.9
2017-07-20,1.52,5.5,2.1,-3.98,51.7,54.9,3.4,0.976563,4.3976,2.7534,4.2551,9.1,15.01,5.9
2017-07-21,1.52,5.5,2.1,-3.98,51.7,54.9,3.4,0.976563,4.3977,2.733,4.255,9.1,15.01,5.9
2017-07-24,1.52,5.5,2.1,-3.98,51.7,54.9,3.4,0.976563,4.396,2.708,4.255,9.1,15.01,5.9
2017-07-25,1.52,5.5,2.1,-3.98,51.7,54.9,3.4,0.976563,4.3935,2.7147,4.254,9.1,15.01,5.9
2017-07-26,1.52,5.5,2.1,-3.98,51.7,54.9,3.4,0.976563,4.3904,2.725,4.251,9.1,15.01,5.9
2017-07-27,1.52,5.5,2.1,-3.98,51.7,54.9,3.4,0.976563,4.3908,2.786,4.25,9.1,15.01,5.9
2017-07-28,1.52,5.5,2.1,-3.98,51.7,54.9,3.4,0.976563,4.3892,2.8152,4.2514,9.1,15.01,5.9
2017-07-31,1.52,5.5,2.1,-3.98,51.4,54.5,3.006012,-0.580271,4.3881,2.806,4.2561,9.1,15.01,5.9
2017-08-01,1.52,5.5,2.1,-3.98,51.4,54.5,3.006012,-0.580271,4.3931,2.8093,4.2631,9.1,15.01,5.9
2017-08-02,1.52,5.5,2.1,-3.98,51.4,54.5,3.006012,-0.580271,4.3961,2.832,4.2681,9.1,15.01,5.9
2017-08-03,1.52,5.5,2.1,-3.98,51.4,54.5,3.006012,-0.580271,4.3982,2.807,4.2704,9.1,15.01,5.9
2017-08-04,1.52,5.5,2.1,-3.98,51.4,54.5,3.006012,-0.580271,4.3979,2.721,4.2724,9.1,15.01,5.9
2017-08-07,1.52,5.5,2.1,-3.98,51.4,54.5,3.006012,-0.580271,4.398,2.736,4.2733,9.1,15.01,5.9
2017-08-08,1.52,5.5,2.1,-3.98,51.4,54.5,3.006012,-0.580271,4.397,2.784,4.2735,9.1,15.01,5.9
2017-08-09,1.41,5.5,2.1,-4.09,51.4,54.5,3.006012,-0.580271,4.398,2.8018,4.2818,9.1,15.01,5.9
2017-08-10,1.41,5.5,2.1,-4.09,51.4,54.5,3.006012,-0.580271,4.3985,2.797,4.2867,9.1,15.01,5.9
2017-08-11,1.41,5.5,2.1,-4.09,51.4,54.5,3.006012,-0.580271,4.3985,2.79,4.2979,9.1,15.01,5.9
2017-08-14,1.41,5.5,2.1,-4.09,51.4,54.5,3.006012,-0.580271,4.3981,2.7743,4.3148,9.1,15.01,5.9
2017-08-15,1.41,5.5,2.1,-4.09,51.4,54.5,3.006012,-0.580271,4.3999,2.798,4.3268,8.9,15.25,6.4
2017-08-16,1.41,5.5,2.1,-4.09,51.4,54.5,3.006012,-0.580271,4.4,2.8213,4.3363,8.9,15.25,6.4
2017-08-17,1.41,5.5,2.1,-4.09,51.4,54.5,3.006012,-0.580271,4.4,2.8352,4.3417,8.9,15.25,6.4
2017-08-18,1.41,5.5,2.1,-4.09,51.4,54.5,3.006012,-0.580271,4.401,2.8355,4.344,8.9,15.25,6.4
2017-08-21,1.41,5.5,2.1,-4.09,51.4,54.5,3.006012,-0.580271,4.402,2.8482,4.3464,8.9,15.25,6.4
2017-08-22,1.41,5.5,2.1,-4.09,51.4,54.5,3.006012,-0.580271,4.4032,2.8171,4.3505,8.9,15.25,6.4
2017-08-23,1.41,5.5,2.1,-4.09,51.4,54.5,3.006012,-0.580271,4.4041,2.8453,4.3571,8.9,15.25,6.4
2017-08-24,1.41,5.5,2.1,-4.09,51.4,54.5,3.006012,-0.580271,4.4051,2.8479,4.3619,8.9,15.25,6.4
2017-08-25,1.41,5.5,2.1,-4.09,51.4,54.5,3.006012,-0.580271,4.4068,2.855,4.3689,8.9,15.25,6.4
2017-08-28,1.41,5.5,2.1,-4.09,51.4,54.5,3.006012,-0.580271,4.4078,2.851,4.374,8.9,15.25,6.4
2017-08-29,1.41,5.5,2.1,-4.09,51.4,54.5,3.006012,-0.580271,4.4107,2.922,4.3765,8.9,15.25,6.4
2017-08-30,1.41,5.5,2.1,-4.09,51.4,54.5,3.006012,-0.580271,4.4133,2.9237,4.3867,8.9,15.25,6.4
2017-08-31,1.41,5.5,2.1,-4.09,51.7,53.4,2.579365,0.583658,4.4038,2.831,4.3728,8.9,15.25,6.4
2017-09-01,1.41,5.5,2.1,-4.09,51.7,53.4,2.579365,0.583658,4.4023,2.813,4.3741,8.9,15.25,6.4
2017-09-04,1.41,5.5,2.1,-4.09,51.7,53.4,2.579365,0.583658,4.4017,2.75,4.4023,8.9,15.25,6.4
2017-09-05,1.41,5.5,2.1,-4.09,51.7,53.4,2.579365,0.583658,4.4032,2.665,4.4173,8.9,15.25,6.4
2017-09-06,1.41,5.5,2.1,-4.09,51.7,53.4,2.579365,0.583658,4.4034,2.641,4.4271,8.9,15.25,6.4
2017-09-07,1.41,5.5,2.1,-4.09,51.7,53.4,2.579365,0.583658,4.4055,2.6406,4.4348,8.9,15.25,6.4
2017-09-08,1.41,5.5,2.1,-4.09,51.7,53.4,2.579365,0.583658,4.4059,2.636,4.4281,8.9,15.25,6.4
2017-09-09,1.41,6.3,2.1,-4.09,51.7,53.4,2.579365,0.583658,4.4059,2.636,4.4281,8.9,15.25,6.4
2017-09-11,1.41,6.3,2.1,-4.09,51.7,53.4,2.579365,0.583658,4.4033,2.644,4.4034,8.9,15.25,6.4
2017-09-12,1.41,6.3,2.1,-4.09,51.7,53.4,2.579365,0.583658,4.4009,2.6483,4.3768,8.9,15.25,6.4
2017-09-13,1.41,6.3,2.1,-4.09,51.7,53.4,2.579365,0.583658,4.401,2.65,4.3711,8.9,15.25,6.4
2017-09-14,1.41,6.3,2.1,-4.09,51.7,53.4,2.579365,0.583658,4.399,2.681,4.3675,8.9,15.25,6.4
2017-09-15,1.41,6.3,2.1,-4.09,51.7,53.4,2.579365,0.583658,4.4015,2.6958,4.3647,8.6,13.99,5.4
2017-09-18,1.41,6.3,2.1,-4.09,51.7,53.4,2.579365,0.583658,4.4012,2.756,4.3643,8.6,13.99,5.4
2017-09-19,1.41,6.3,2.1,-4.09,51.7,53.4,2.579365,0.583658,4.4032,2.832,4.3638,8.6,13.99,5.4
2017-09-20,1.41,6.3,2.1,-4.09,51.7,53.4,2.579365,0.583658,4.404,2.79,4.367,8.6,13.99,5.4
2017-09-21,1.41,6.3,2.1,-4.09,51.7,53.4,2.579365,0.583658,4.4031,2.8057,4.3675,8.6,13.99,5.4
2017-09-22,1.41,6.3,2.1,-4.09,51.7,53.4,2.579365,0.583658,4.4028,2.756,4.3611,8.6,13.99,5.4
2017-09-25,1.41,6.3,2.1,-4.09,51.7,53.4,2.579365,0.583658,4.4033,2.758,4.3578,8.6,13.99,5.4
2017-09-26,1.41,6.3,2.1,-4.09,51.7,53.4,2.579365,0.583658,4.404,2.837,4.3558,8.6,13.99,5.4
2017-09-27,1.41,6.3,2.1,-4.09,51.7,53.4,2.579365,0.583658,4.4048,2.863,4.3565,8.6,13.99,5.4
2017-09-28,1.41,6.3,2.1,-4.09,51.7,53.4,2.579365,0.583658,4.4049,2.917,4.356,8.6,13.99,5.4
2017-09-29,1.41,6.3,2.1,-4.09,51.7,53.4,2.579365,0.583658,4.4043,2.804,4.3561,8.6,13.99,5.4
2017-09-30,1.41,6.3,2.1,-4.09,52.4,55.4,3.968254,1.353965,4.404,2.938,4.3565,8.6,13.99,5.4
2017-10-09,1.41,6.3,2.1,-4.09,52.4,55.4,3.968254,1.353965,4.403,2.74,4.3502,8.6,13.99,5.4
2017-10-10,1.41,6.3,2.1,-4.09,52.4,55.4,3.968254,1.353965,4.403,2.738,4.3541,8.6,13.99,5.4
2017-10-11,1.41,6.3,2.1,-4.09,52.4,55.4,3.968254,1.353965,4.4025,2.741,4.3555,8.6,13.99,5.4
2017-10-12,1.41,6.3,2.1,-4.09,52.4,55.4,3.968254,1.353965,4.401,2.657,4.3581,8.6,13.99,5.4
2017-10-13,1.41,6.3,2.1,-4.09,52.4,55.4,3.968254,1.353965,4.4017,2.605,4.3599,8.6,13.99,5.4
2017-10-16,1.63,6.3,2.3,-5.27,52.4,55.4,3.968254,1.353965,4.4012,2.594,4.3668,9.0,13.98,5.0
2017-10-17,1.63,6.3,2.3,-5.27,52.4,55.4,3.968254,1.353965,4.4015,2.6003,4.3711,9.0,13.98,5.0
2017-10-18,1.63,6.3,2.3,-5.27,52.4,55.4,3.968254,1.353965,4.4018,2.596,4.3729,9.0,13.98,5.0
2017-10-19,1.63,6.3,2.3,-5.27,52.4,55.4,3.968254,1.353965,4.4016,2.592,4.3737,9.0,13.98,5.0
2017-10-20,1.63,6.3,2.3,-5.27,52.4,55.4,3.968254,1.353965,4.4032,2.5782,4.3758,9.0,13.98,5.0
2017-10-23,1.63,6.3,2.3,-5.27,52.4,55.4,3.968254,1.353965,4.4032,2.616,4.3793,9.0,13.98,5.0
2017-10-24,1.63,6.3,2.3,-5.27,52.4,55.4,3.968254,1.353965,4.4017,2.634,4.3803,9.0,13.98,5.0
2017-10-25,1.63,6.3,2.3,-5.27,52.4,55.4,3.968254,1.353965,4.4029,2.664,4.383,9.0,13.98,5.0
2017-10-26,1.63,6.3,2.3,-5.27,52.4,55.4,3.968254,1.353965,4.4049,2.6937,4.3845,9.0,13.98,5.0
2017-10-27,1.63,6.3,2.3,-5.27,52.4,55.4,3.968254,1.353965,4.4045,2.7181,4.3901,9.0,13.98,5.0
2017-10-30,1.63,6.3,2.3,-5.27,52.4,55.4,3.968254,1.353965,4.4107,2.72,4.3926,9.0,13.98,5.0
2017-10-31,1.63,6.3,2.3,-5.27,51.6,54.3,0.78125,-1.526718,4.4176,2.736,4.3954,9.0,13.98,5.0
2017-11-01,1.63,6.3,2.3,-5.27,51.6,54.3,0.78125,-1.526718,4.4223,2.739,4.408,9.0,13.98,5.0
2017-11-02,1.63,6.3,2.3,-5.27,51.6,54.3,0.78125,-1.526718,4.4287,2.626,4.4099,9.0,13.98,5.0
2017-11-03,1.63,6.3,2.3,-5.27,51.6,54.3,0.78125,-1.526718,4.4338,2.5772,4.4217,9.0,13.98,5.0
2017-11-06,1.63,6.3,2.3,-5.27,51.6,54.3,0.78125,-1.526718,4.4364,2.512,4.4294,9.0,13.98,5.0
2017-11-07,1.63,6.3,2.3,-5.27,51.6,54.3,0.78125,-1.526718,4.4402,2.552,4.4314,9.0,13.98,5.0
2017-11-08,1.63,6.3,2.3,-5.27,51.6,54.3,0.78125,-1.526718,4.4422,2.595,4.4377,9.0,13.98,5.0
2017-11-09,1.87,6.3,2.3,-5.03,51.6,54.3,0.78125,-1.526718,4.4497,2.646,4.4568,9.0,13.98,5.0
2017-11-10,1.87,6.3,2.3,-5.03,51.6,54.3,0.78125,-1.526718,4.4573,2.717,4.4747,9.0,13.98,5.0
2017-11-13,1.87,6.3,2.3,-5.03,51.6,54.3,0.78125,-1.526718,4.4661,2.787,4.5155,9.0,13.98,5.0
2017-11-14,1.87,6.3,2.3,-5.03,51.6,54.3,0.78125,-1.526718,4.4778,2.827,4.5346,8.9,13.0,4.1
2017-11-15,1.87,6.3,2.3,-5.03,51.6,54.3,0.78125,-1.526718,4.5018,2.806,4.5455,8.9,13.0,4.1
2017-11-16,1.87,6.3,2.3,-5.03,51.6,54.3,0.78125,-1.526718,4.5432,2.8,4.5656,8.9,13.0,4.1
2017-11-17,1.87,6.3,2.3,-5.03,51.6,54.3,0.78125,-1.526718,4.5704,2.738,4.6016,8.9,13.0,4.1
2017-11-20,1.87,6.3,2.3,-5.03,51.6,54.3,0.78125,-1.526718,4.575,2.786,4.6222,8.9,13.0,4.1
2017-11-21,1.87,6.3,2.3,-5.03,51.6,54.3,0.78125,-1.526718,4.5835,2.808,4.6243,8.9,13.0,4.1
2017-11-22,1.87,6.3,2.3,-5.03,51.6,54.3,0.78125,-1.526718,4.5904,2.809,4.6375,8.9,13.0,4.1
2017-11-23,1.87,6.3,2.3,-5.03,51.6,54.3,0.78125,-1.526718,4.5971,2.803,4.6518,8.9,13.0,4.1
2017-11-24,1.87,6.3,2.3,-5.03,51.6,54.3,0.78125,-1.526718,4.6018,2.797,4.6722,8.9,13.0,4.1
2017-11-27,1.87,6.3,2.3,-5.03,51.6,54.3,0.78125,-1.526718,4.6072,2.819,4.7103,8.9,13.0,4.1
2017-11-28,1.87,6.3,2.3,-5.03,51.6,54.3,0.78125,-1.526718,4.6138,2.799,4.728,8.9,13.0,4.1
2017-11-29,1.87,6.3,2.3,-5.03,51.6,54.3,0.78125,-1.526718,4.6194,2.683,4.7438,8.9,13.0,4.1
2017-11-30,1.87,6.3,2.3,-5.03,51.8,54.8,0.193424,0.387597,4.629,2.788,4.7594,8.9,13.0,4.1
2017-12-01,1.87,6.3,2.3,-5.03,51.8,54.8,0.193424,0.387597,4.6329,2.642,4.7639,8.9,13.0,4.1
2017-12-04,1.87,6.3,2.3,-5.03,51.8,54.8,0.193424,0.387597,4.6383,2.6,4.7804,8.9,13.0,4.1
2017-12-05,1.87,6.3,2.3,-5.03,51.8,54.8,0.193424,0.387597,4.6459,2.579,4.7901,8.9,13.0,4.1
2017-12-06,1.87,6.3,2.3,-5.03,51.8,54.8,0.193424,0.387597,4.6486,2.573,4.783,8.9,13.0,4.1
2017-12-07,1.87,6.3,2.3,-5.03,51.8,54.8,0.193424,0.387597,4.6519,2.585,4.7873,8.9,13.0,4.1
2017-12-08,1.87,6.3,2.3,-5.03,51.8,54.8,0.193424,0.387597,4.6562,2.608,4.7918,8.9,13.0,4.1
2017-12-09,1.73,6.3,2.3,-4.07,51.8,54.8,0.193424,0.387597,4.6562,2.608,4.7918,8.9,13.0,4.1
2017-12-11,1.73,6.3,2.3,-4.07,51.8,54.8,0.193424,0.387597,4.6607,2.688,4.7992,9.1,12.65,3.6
2017-12-12,1.73,6.3,2.3,-4.07,51.8,54.8,0.193424,0.387597,4.6651,2.726,4.799,9.1,12.65,3.6
2017-12-13,1.73,6.3,2.3,-4.07,51.8,54.8,0.193424,0.387597,4.6716,2.788,4.8039,9.1,12.65,3.6
2017-12-14,1.73,6.3,2.3,-4.07,51.8,54.8,0.193424,0.387597,4.6862,2.803,4.8144,9.1,12.65,3.6
2017-12-15,1.73,6.3,2.3,-4.07,51.8,54.8,0.193424,0.387597,4.6997,2.724,4.8175,9.1,12.65,3.6
2017-12-18,1.73,6.3,2.3,-4.07,51.8,54.8,0.193424,0.387597,4.697,2.723,4.8348,9.1,12.65,3.6
2017-12-19,1.73,6.3,2.3,-4.07,51.8,54.8,0.193424,0.387597,4.6987,2.741,4.8385,9.1,12.65,3.6
2017-12-20,1.73,6.3,2.3,-4.07,51.8,54.8,0.193424,0.387597,4.7219,2.73,4.8559,9.1,12.65,3.6
2017-12-21,1.73,6.3,2.3,-4.07,51.8,54.8,0.193424,0.387597,4.7382,2.665,4.8676,9.1,12.65,3.6
2017-12-22,1.73,6.3,2.3,-4.07,51.8,54.8,0.193424,0.387597,4.7489,2.612,4.8908,9.1,12.65,3.6
2017-12-25,1.73,6.3,2.3,-4.07,51.8,54.8,0.193424,0.387597,4.7605,2.569,4.9092,9.1,12.65,3.6
2017-12-26,1.73,6.3,2.3,-4.07,51.8,54.8,0.193424,0.387597,4.7631,2.589,4.909,9.1,12.65,3.6
2017-12-27,1.73,6.3,2.3,-4.07,51.8,54.8,0.193424,0.387597,4.7594,2.666,4.9129,9.1,12.65,3.6
2017-12-28,1.73,6.3,2.3,-4.07,51.8,54.8,0.193424,0.387597,4.761,2.672,4.9123,9.1,12.65,3.6
2017-12-29,1.73,6.3,2.3,-4.07,51.8,54.8,0.193424,0.387597,4.7581,2.84,4.9133,9.1,12.65,3.6
2017-12-31,1.73,6.3,2.3,-4.07,51.6,55.0,0.389105,-0.3861,4.7581,2.84,4.9133,9.1,12.65,3.6
2018-01-02,1.73,6.3,2.3,-4.07,51.6,55.0,0.389105,-0.3861,4.747,2.657,4.804,9.1,12.65,3.6
2018-01-03,1.73,6.3,2.3,-4.07,51.6,55.0,0.389105,-0.3861,4.736,2.5635,4.73,9.1,12.65,3.6
2018-01-04,1.73,6.3,2.3,-4.07,51.6,55.0,0.389105,-0.3861,4.7286,2.505,4.687,9.1,12.65,3.6
2018-01-05,1.73,6.3,2.3,-4.07,51.6,55.0,0.389105,-0.3861,4.7249,2.484,4.6637,9.1,12.65,3.6
2018-01-08,1.73,6.3,2.3,-4.07,51.6,55.0,0.389105,-0.3861,4.72,2.461,4.6594,9.1,12.65,3.6
2018-01-09,1.73,6.3,2.3,-4.07,51.6,55.0,0.389105,-0.3861,4.72,2.529,4.657,9.1,12.65,3.6
2018-01-10,1.8,6.3,2.2,-3.1,51.6,55.0,0.389105,-0.3861,4.72,2.643,4.6607,9.1,12.65,3.6
2018-01-11,1.8,6.3,2.2,-3.1,51.6,55.0,0.389105,-0.3861,4.723,2.832,4.6701,9.1,12.65,3.6
2018-01-12,1.8,6.3,2.2,-3.1,51.6,55.0,0.389105,-0.3861,4.7233,2.83,4.6791,8.1,11.8,3.7
2018-01-15,1.8,6.3,2.2,-3.1,51.6,55.0,0.389105,-0.3861,4.7253,2.794,4.683,8.1,11.8,3.7
2018-01-16,1.8,6.3,2.2,-3.1,51.6,55.0,0.389105,-0.3861,4.7296,2.785,4.6843,8.1,11.8,3.7
2018-01-17,1.8,6.3,2.2,-3.1,51.6,55.0,0.389105,-0.3861,4.732,2.765,4.6935,8.1,11.8,3.7
2018-01-18,1.8,6.3,2.2,-3.1,51.6,55.0,0.389105,-0.3861,4.7332,2.7655,4.7044,8.1,11.8,3.7
2018-01-19,1.8,6.3,2.2,-3.1,51.6,55.0,0.389105,-0.3861,4.7384,2.836,4.7115,8.1,11.8,3.7
2018-01-22,1.8,6.3,2.2,-3.1,51.6,55.0,0.389105,-0.3861,4.7429,2.771,4.7122,8.1,11.8,3.7
2018-01-23,1.8,6.3,2.2,-3.1,51.6,55.0,0.389105,-0.3861,4.7423,2.602,4.7163,8.1,11.8,3.7
2018-01-24,1.8,6.3,2.2,-3.1,51.6,55.0,0.389105,-0.3861,4.7423,2.574,4.7267,8.1,11.8,3.7
2018-01-25,1.8,6.3,2.2,-3.1,51.6,55.0,0.389105,-0.3861,4.7423,2.5634,4.7317,8.1,11.8,3.7
2018-01-26,1.8,6.3,2.2,-3.1,51.6,55.0,0.389105,-0.3861,4.7423,2.5506,4.7292,8.1,11.8,3.7
2018-01-29,1.8,6.3,2.2,-3.1,51.6,55.0,0.389105,-0.3861,4.7423,2.566,4.727,8.1,11.8,3.7
2018-01-30,1.8,6.3,2.2,-3.1,51.6,55.0,0.389105,-0.3861,4.7423,2.554,4.7267,8.1,11.8,3.7
2018-01-31,1.8,6.3,2.2,-3.1,51.3,55.3,0.0,-0.581395,4.7423,2.594,4.7257,8.1,11.8,3.7
2018-02-01,1.8,6.3,2.2,-3.1,51.3,55.3,0.0,-0.581395,4.7463,2.5154,4.7276,8.1,11.8,3.7
2018-02-02,1.8,6.3,2.2,-3.1,51.3,55.3,0.0,-0.581395,4.7457,2.5173,4.7278,8.1,11.8,3.7
2018-02-05,1.8,6.3,2.2,-3.1,51.3,55.3,0.0,-0.581395,4.7446,2.5305,4.7258,8.1,11.8,3.7
2018-02-06,1.8,6.3,2.2,-3.1,51.3,55.3,0.0,-0.581395,4.7465,2.539,4.7206,8.1,11.8,3.7
2018-02-07,1.8,6.3,2.2,-3.1,51.3,55.3,0.0,-0.581395,4.745,2.571,4.707,8.1,11.8,3.7
2018-02-08,1.8,6.3,2.2,-3.1,51.3,55.3,0.0,-0.581395,4.7455,2.572,4.696,8.1,11.8,3.7
2018-02-09,1.8,4.3,2.2,-3.1,51.3,55.3,0.0,-0.581395,4.7456,2.589,4.6936,8.1,11.8,3.7
2018-02-11,1.8,4.3,2.2,-3.1,51.3,55.3,0.0,-0.581395,4.7456,2.608,4.6974,8.1,11.8,3.7
2018-02-12,1.8,4.3,2.2,-3.1,51.3,55.3,0.0,-0.581395,4.7456,2.585,4.696,8.62,14.97,6.4
2018-02-13,1.8,4.3,2.2,-3.1,51.3,55.3,0.0,-0.581395,4.7456,2.587,4.7006,8.62,14.97,6.4
2018-02-14,1.8,4.3,2.2,-3.1,51.3,55.3,0.0,-0.581395,4.744,2.723,4.7031,8.62,14.97,6.4
2018-02-22,1.8,4.3,2.2,-3.1,51.3,55.3,0.0,-0.581395,4.7434,2.631,4.7054,8.62,14.97,6.4
2018-02-23,1.8,4.3,2.2,-3.1,51.3,55.3,0.0,-0.581395,4.742,2.597,4.7076,8.62,14.97,6.4
2018-02-24,1.8,4.3,2.2,-3.1,51.3,55.3,0.0,-0.581395,4.742,2.56,4.7078,8.62,14.97,6.4
2018-02-26,1.8,4.3,2.2,-3.1,51.3,55.3,0.0,-0.581395,4.742,2.571,4.7128,8.62,14.97,6.4
2018-02-27,1.8,4.3,2.2,-3.1,51.3,55.3,0.0,-0.581395,4.7422,2.561,4.7103,8.62,14.97,6.4
2018-02-28,1.8,4.3,2.2,-3.1,50.3,54.4,-2.51938,-1.949318,4.742,2.708,4.7131,8.62,14.97,6.4
2018-03-01,1.8,4.3,2.2,-3.1,50.3,54.4,-2.51938,-1.949318,4.742,2.691,4.7154,8.62,14.97,6.4
2018-03-02,1.8,4.3,2.2,-3.1,50.3,54.4,-2.51938,-1.949318,4.742,2.773,4.7191,8.62,14.97,6.4
2018-03-05,1.8,4.3,2.2,-3.1,50.3,54.4,-2.51938,-1.949318,4.742,2.652,4.722,8.62,14.97,6.4
2018-03-06,1.8,4.3,2.2,-3.1,50.3,54.4,-2.51938,-1.949318,4.742,2.617,4.7332,8.62,14.97,6.4
2018-03-07,1.8,4.3,2.2,-3.1,50.3,54.4,-2.51938,-1.949318,4.742,2.592,4.7364,8.62,14.97,6.4
2018-03-08,1.8,4.3,2.2,-3.1,50.3,54.4,-2.51938,-1.949318,4.7418,2.57,4.7407,8.62,14.97,6.4
2018-03-09,2.9,4.3,2.5,-0.8,50.3,54.4,-2.51938,-1.949318,4.7418,2.573,4.741,8.75633,8.500745,-0.3
2018-03-12,2.9,4.3,2.5,-0.8,50.3,54.4,-2.51938,-1.949318,4.7418,2.586,4.735,8.75633,8.500745,-0.3
2018-03-13,2.9,4.3,2.5,-0.8,50.3,54.4,-2.51938,-1.949318,4.7418,2.637,4.725,8.75633,8.500745,-0.3
2018-03-14,2.9,4.3,2.5,-0.8,50.3,54.4,-2.51938,-1.949318,4.7418,2.633,4.719,8.75633,8.500745,-0.3
2018-03-15,2.9,4.3,2.5,-0.8,50.3,54.4,-2.51938,-1.949318,4.7418,2.632,4.7139,8.75633,8.500745,-0.3
2018-03-16,2.9,4.3,2.5,-0.8,50.3,54.4,-2.51938,-1.949318,4.7418,2.586,4.712,8.75633,8.500745,-0.3
2018-03-19,2.9,4.3,2.5,-0.8,50.3,54.4,-2.51938,-1.949318,4.7418,2.561,4.704,8.75633,8.500745,-0.3
2018-03-20,2.9,4.3,2.5,-0.8,50.3,54.4,-2.51938,-1.949318,4.7418,2.558,4.685,8.75633,8.500745,-0.3
2018-03-21,2.9,4.3,2.5,-0.8,50.3,54.4,-2.51938,-1.949318,4.7418,2.559,4.6751,8.75633,8.500745,-0.3
2018-03-22,2.9,4.3,2.5,-0.8,50.3,54.4,-2.51938,-1.949318,4.737,2.549,4.6621,8.75633,8.500745,-0.3
2018-03-23,2.9,4.3,2.5,-0.8,50.3,54.4,-2.51938,-1.949318,4.7248,2.545,4.6489,8.75633,8.500745,-0.3
2018-03-26,2.9,4.3,2.5,-0.8,50.3,54.4,-2.51938,-1.949318,4.7233,2.543,4.6351,8.75633,8.500745,-0.3
2018-03-27,2.9,4.3,2.5,-0.8,50.3,54.4,-2.51938,-1.949318,4.7188,2.5935,4.6239,8.75633,8.500745,-0.3
2018-03-28,2.9,4.3,2.5,-0.8,50.3,54.4,-2.51938,-1.949318,4.7148,2.592,4.6174,8.75633,8.500745,-0.3
2018-03-29,2.9,4.3,2.5,-0.8,50.3,54.4,-2.51938,-1.949318,4.678,2.581,4.5247,8.75633,8.500745,-0.3
2018-03-30,2.9,4.3,2.5,-0.8,50.3,54.4,-2.51938,-1.949318,4.6508,2.69,4.4615,8.75633,8.500745,-0.3
2018-03-31,2.9,4.3,2.5,-0.8,51.5,54.6,-0.579151,2.385686,4.6508,2.69,4.4615,8.75633,8.500745,-0.3
2018-04-02,2.9,4.3,2.5,-0.8,51.5,54.6,-0.579151,2.385686,4.625,2.622,4.4052,8.75633,8.500745,-0.3
2018-04-03,2.9,4.3,2.5,-0.8,51.5,54.6,-0.579151,2.385686,4.6033,2.574,4.3506,8.75633,8.500745,-0.3
2018-04-04,2.9,4.3,2.5,-0.8,51.5,54.6,-0.579151,2.385686,4.58,2.469,4.3101,8.75633,8.500745,-0.3
2018-04-08,2.9,4.3,2.5,-0.8,51.5,54.6,-0.579151,2.385686,4.559,2.446,4.2781,8.75633,8.500745,-0.3
2018-04-09,2.9,4.3,2.5,-0.8,51.5,54.6,-0.579151,2.385686,4.5489,2.528,4.2579,8.75633,8.500745,-0.3
2018-04-10,2.9,4.3,2.5,-0.8,51.5,54.6,-0.579151,2.385686,4.542,2.551,4.229,8.75633,8.500745,-0.3
2018-04-11,2.9,3.1,2.5,-0.8,51.5,54.6,-0.579151,2.385686,4.538,2.561,4.209,8.75633,8.500745,-0.3
2018-04-12,2.9,3.1,2.5,-0.8,51.5,54.6,-0.579151,2.385686,4.536,2.557,4.199,8.75633,8.500745,-0.3
2018-04-13,2.9,3.1,2.5,-0.8,51.5,54.6,-0.579151,2.385686,4.535,2.557,4.179,8.204322,7.11377,-1.1
2018-04-16,2.9,3.1,2.5,-0.8,51.5,54.6,-0.579151,2.385686,4.534,2.582,4.173,8.204322,7.11377,-1.1
2018-04-17,2.9,3.1,2.5,-0.8,51.5,54.6,-0.579151,2.385686,4.537,2.665,4.174,8.204322,7.11377,-1.1
2018-04-18,2.9,3.1,2.5,-0.8,51.5,54.6,-0.579151,2.385686,4.5,2.679,4.103,8.204322,7.11377,-1.1
2018-04-19,2.9,3.1,2.5,-0.8,51.5,54.6,-0.579151,2.385686,4.448,2.733,4.05,8.204322,7.11377,-1.1
2018-04-20,2.9,3.1,2.5,-0.8,51.5,54.6,-0.579151,2.385686,4.419,2.747,4.017,8.204322,7.11377,-1.1
2018-04-23,2.9,3.1,2.5,-0.8,51.5,54.6,-0.579151,2.385686,4.409,2.724,4.004,8.204322,7.11377,-1.1
2018-04-24,2.9,3.1,2.5,-0.8,51.5,54.6,-0.579151,2.385686,4.394,2.736,3.991,8.204322,7.11377,-1.1
2018-04-25,2.9,3.1,2.5,-0.8,51.5,54.6,-0.579151,2.385686,4.38,2.728,3.984,8.204322,7.11377,-1.1
2018-04-26,2.9,3.1,2.5,-0.8,51.5,54.6,-0.579151,2.385686,4.383,2.765,3.992,8.204322,7.11377,-1.1
2018-04-27,2.9,3.1,2.5,-0.8,51.5,54.6,-0.579151,2.385686,4.385,2.921,4.007,8.204322,7.11377,-1.1
2018-04-28,2.9,3.1,2.5,-0.8,51.5,54.6,-0.579151,2.385686,4.382,2.824,4.005,8.204322,7.11377,-1.1
2018-04-30,2.9,3.1,2.5,-0.8,51.4,54.8,0.390625,-0.194175,4.382,2.824,4.005,8.204322,7.11377,-1.1
2018-05-02,2.9,3.1,2.5,-0.8,51.4,54.8,0.390625,-0.194175,4.376,2.72,4.003,8.204322,7.11377,-1.1
2018-05-03,2.9,3.1,2.5,-0.8,51.4,54.8,0.390625,-0.194175,4.364,2.681,3.993,8.204322,7.11377,-1.1
2018-05-04,2.9,3.1,2.5,-0.8,51.4,54.8,0.390625,-0.194175,4.357,2.594,3.993,8.204322,7.11377,-1.1
2018-05-07,2.9,3.1,2.5,-0.8,51.4,54.8,0.390625,-0.194175,4.349,2.582,3.9943,8.204322,7.11377,-1.1
2018-05-08,2.9,3.1,2.5,-0.8,51.4,54.8,0.390625,-0.194175,4.348,2.575,3.9994,8.204322,7.11377,-1.1
2018-05-09,2.9,3.1,2.5,-0.8,51.4,54.8,0.390625,-0.194175,4.346,2.52,4.013,8.204322,7.11377,-1.1
2018-05-10,1.8,3.1,2.0,-1.6,51.4,54.8,0.390625,-0.194175,4.346,2.509,4.034,8.204322,7.11377,-1.1
2018-05-11,1.8,3.1,2.0,-1.6,51.4,54.8,0.390625,-0.194175,4.348,2.487,4.05,8.339879,7.194769,-1.1
2018-05-14,1.8,3.1,2.0,-1.6,51.4,54.8,0.390625,-0.194175,4.353,2.58,4.06,8.339879,7.194769,-1.1
2018-05-15,1.8,3.1,2.0,-1.6,51.4,54.8,0.390625,-0.194175,4.355,2.641,4.072,8.339879,7.194769,-1.1
2018-05-16,1.8,3.1,2.0,-1.6,51.4,54.8,0.390625,-0.194175,4.363,2.766,4.082,8.339879,7.194769,-1.1
2018-05-17,1.8,3.1,2.0,-1.6,51.4,54.8,0.390625,-0.194175,4.366,2.597,4.101,8.339879,7.194769,-1.1
2018-05-18,1.8,3.1,2.0,-1.6,51.4,54.8,0.390625,-0.194175,4.37,2.563,4.147,8.339879,7.194769,-1.1
2018-05-21,1.8,3.1,2.0,-1.6,51.4,54.8,0.390625,-0.194175,4.371,2.527,4.151,8.339879,7.194769,-1.1
2018-05-22,1.8,3.1,2.0,-1.6,51.4,54.8,0.390625,-0.194175,4.371,2.525,4.16,8.339879,7.194769,-1.1
2018-05-23,1.8,3.1,2.0,-1.6,51.4,54.8,0.390625,-0.194175,4.373,2.53,4.173,8.339879,7.194769,-1.1
2018-05-24,1.8,3.1,2.0,-1.6,51.4,54.8,0.390625,-0.194175,4.371,2.53,4.193,8.339879,7.194769,-1.1
2018-05-25,1.8,3.1,2.0,-1.6,51.4,54.8,0.390625,-0.194175,4.373,2.528,4.215,8.339879,7.194769,-1.1
2018-05-28,1.8,3.1,2.0,-1.6,51.4,54.8,0.390625,-0.194175,4.376,2.533,4.242,8.339879,7.194769,-1.1
2018-05-29,1.8,3.1,2.0,-1.6,51.4,54.8,0.390625,-0.194175,4.381,2.742,4.282,8.339879,7.194769,-1.1
2018-05-30,1.8,3.1,2.0,-1.6,51.4,54.8,0.390625,-0.194175,4.385,2.884,4.312,8.339879,7.194769,-1.1
2018-05-31,1.8,3.1,2.0,-1.6,51.9,54.9,1.367188,0.972763,4.388,2.831,4.329,8.339879,7.194769,-1.1
2018-06-01,1.8,3.1,2.0,-1.6,51.9,54.9,1.367188,0.972763,4.391,2.801,4.339,8.339879,7.194769,-1.1
2018-06-04,1.8,3.1,2.0,-1.6,51.9,54.9,1.367188,0.972763,4.393,2.599,4.341,8.339879,7.194769,-1.1
2018-06-05,1.8,3.1,2.0,-1.6,51.9,54.9,1.367188,0.972763,4.394,2.584,4.346,8.339879,7.194769,-1.1
2018-06-06,1.8,3.1,2.0,-1.6,51.9,54.9,1.367188,0.972763,4.394,2.562,4.354,8.339879,7.194769,-1.1
2018-06-07,1.8,3.1,2.0,-1.6,51.9,54.9,1.367188,0.972763,4.395,2.555,4.35,8.339879,7.194769,-1.1
2018-06-08,1.8,3.1,2.0,-1.6,51.9,54.9,1.367188,0.972763,4.397,2.563,4.351,8.339879,7.194769,-1.1
2018-06-09,1.75,3.1,1.9,-2.35,51.9,54.9,1.367188,0.972763,4.397,2.563,4.351,8.339879,7.194769,-1.1
2018-06-11,1.75,3.1,1.9,-2.35,51.9,54.9,1.367188,0.972763,4.398,2.573,4.353,8.339879,7.194769,-1.1
2018-06-12,1.75,3.1,1.9,-2.35,51.9,54.9,1.367188,0.972763,4.399,2.584,4.352,8.282266,6.02086,-2.3
2018-06-13,1.75,3.1,1.9,-2.35,51.9,54.9,1.367188,0.972763,4.4,2.589,4.351,8.282266,6.02086,-2.3
2018-06-14,1.75,3.1,1.9,-2.35,51.9,54.9,1.367188,0.972763,4.4,2.591,4.351,8.282266,6.02086,-2.3
2018-06-15,1.75,3.1,1.9,-2.35,51.9,54.9,1.367188,0.972763,4.399,2.592,4.352,8.282266,6.02086,-2.3
2018-06-19,1.75,3.1,1.9,-2.35,51.9,54.9,1.367188,0.972763,4.4,2.59,4.346,8.282266,6.02086,-2.3
2018-06-20,1.75,3.1,1.9,-2.35,51.9,54.9,1.367188,0.972763,4.4,2.619,4.334,8.282266,6.02086,-2.3
2018-06-21,1.75,3.1,1.9,-2.35,51.9,54.9,1.367188,0.972763,4.4,2.593,4.329,8.282266,6.02086,-2.3
2018-06-22,1.75,3.1,1.9,-2.35,51.9,54.9,1.367188,0.972763,4.398,2.586,4.305,8.282266,6.02086,-2.3
2018-06-25,1.75,3.1,1.9,-2.35,51.9,54.9,1.367188,0.972763,4.385,2.564,4.272,8.282266,6.02086,-2.3
2018-06-26,1.75,3.1,1.9,-2.35,51.9,54.9,1.367188,0.972763,4.381,2.518,4.261,8.282266,6.02086,-2.3
2018-06-27,1.75,3.1,1.9,-2.35,51.9,54.9,1.367188,0.972763,4.37,2.445,4.242,8.282266,6.02086,-2.3
2018-06-28,1.75,3.1,1.9,-2.35,51.9,54.9,1.367188,0.972763,4.352,2.289,4.192,8.282266,6.02086,-2.3
2018-06-29,1.75,3.1,1.9,-2.35,51.9,54.9,1.367188,0.972763,4.331,2.628,4.155,8.282266,6.02086,-2.3
2018-06-30,1.75,3.1,1.9,-2.35,51.5,55.0,-0.386847,-0.770713,4.331,2.628,4.155,8.282266,6.02086,-2.3
2018-07-02,1.75,3.1,1.9,-2.35,51.5,55.0,-0.386847,-0.770713,4.298,2.519,4.104,8.282266,6.02086,-2.3
2018-07-03,1.75,3.1,1.9,-2.35,51.5,55.0,-0.386847,-0.770713,4.2238,2.42,3.9944,8.282266,6.02086,-2.3
2018-07-04,1.75,3.1,1.9,-2.35,51.5,55.0,-0.386847,-0.770713,4.149,2.199,3.919,8.282266,6.02086,-2.3
2018-07-05,1.75,3.1,1.9,-2.35,51.5,55.0,-0.386847,-0.770713,4.082,2.132,3.818,8.282266,6.02086,-2.3
2018-07-06,1.75,3.1,1.9,-2.35,51.5,55.0,-0.386847,-0.770713,4.039,1.967,3.74,8.282266,6.02086,-2.3
2018-07-09,1.75,3.1,1.9,-2.35,51.5,55.0,-0.386847,-0.770713,4.009,1.991,3.682,8.282266,6.02086,-2.3
2018-07-10,1.85,3.1,1.9,-2.85,51.5,55.0,-0.386847,-0.770713,3.994,2.308,3.649,8.282266,6.02086,-2.3
2018-07-11,1.85,3.1,1.9,-2.85,51.5,55.0,-0.386847,-0.770713,3.976,2.406,3.632,8.282266,6.02086,-2.3
2018-07-12,1.85,3.1,1.9,-2.85,51.5,55.0,-0.386847,-0.770713,3.969,2.487,3.626,8.282266,6.02086,-2.3
2018-07-13,1.85,3.1,1.9,-2.85,51.5,55.0,-0.386847,-0.770713,3.961,2.48,3.613,7.970818,6.608131,-1.4
2018-07-16,1.85,3.1,1.9,-2.85,51.5,55.0,-0.386847,-0.770713,3.962,2.557,3.608,7.970818,6.608131,-1.4
2018-07-17,1.85,3.1,1.9,-2.85,51.5,55.0,-0.386847,-0.770713,3.969,2.591,3.601,7.970818,6.608131,-1.4
2018-07-18,1.85,3.1,1.9,-2.85,51.5,55.0,-0.386847,-0.770713,3.969,2.525,3.588,7.970818,6.608131,-1.4
2018-07-19,1.85,3.1,1.9,-2.85,51.5,55.0,-0.386847,-0.770713,3.962,2.416,3.561,7.970818,6.608131,-1.4
2018-07-20,1.85,3.1,1.9,-2.85,51.5,55.0,-0.386847,-0.770713,3.953,2.346,3.536,7.970818,6.608131,-1.4
2018-07-23,1.85,3.1,1.9,-2.85,51.5,55.0,-0.386847,-0.770713,3.923,2.362,3.503,7.970818,6.608131,-1.4
2018-07-24,1.85,3.1,1.9,-2.85,51.5,55.0,-0.386847,-0.770713,3.897,2.353,3.475,7.970818,6.608131,-1.4
2018-07-25,1.85,3.1,1.9,-2.85,51.5,55.0,-0.386847,-0.770713,3.851,2.349,3.419,7.970818,6.608131,-1.4
2018-07-26,1.85,3.1,1.9,-2.85,51.5,55.0,-0.386847,-0.770713,3.812,2.321,3.363,7.970818,6.608131,-1.4
2018-07-27,1.85,3.1,1.9,-2.85,51.5,55.0,-0.386847,-0.770713,3.781,2.284,3.303,7.970818,6.608131,-1.4
2018-07-30,1.85,3.1,1.9,-2.85,51.5,55.0,-0.386847,-0.770713,3.737,2.198,3.233,7.970818,6.608131,-1.4
2018-07-31,1.85,3.1,1.9,-2.85,51.2,54.009,-0.389105,-0.582524,3.712,2.066,3.174,7.970818,6.608131,-1.4
2018-08-01,1.85,3.1,1.9,-2.85,51.2,54.009,-0.389105,-0.582524,3.682,2.028,3.119,7.970818,6.608131,-1.4
2018-08-02,1.85,3.1,1.9,-2.85,51.2,54.009,-0.389105,-0.582524,3.626,1.97,3.056,7.970818,6.608131,-1.4
2018-08-03,1.85,3.1,1.9,-2.85,51.2,54.009,-0.389105,-0.582524,3.551,1.849,3.003,7.970818,6.608131,-1.4
2018-08-06,1.85,3.1,1.9,-2.85,51.2,54.009,-0.389105,-0.582524,3.475,1.819,2.954,7.970818,6.608131,-1.4
2018-08-07,1.85,3.1,1.9,-2.85,51.2,54.009,-0.389105,-0.582524,3.395,1.613,2.895,7.970818,6.608131,-1.4
2018-08-08,1.85,3.1,1.9,-2.85,51.2,54.009,-0.389105,-0.582524,3.314,1.422,2.842,7.970818,6.608131,-1.4
2018-08-09,1.85,4.6,1.9,-2.85,51.2,54.009,-0.389105,-0.582524,3.256,1.622,2.816,7.970818,6.608131,-1.4
2018-08-10,1.85,4.6,1.9,-2.85,51.2,54.009,-0.389105,-0.582524,3.244,1.826,2.801,7.970818,6.608131,-1.4
2018-08-13,1.85,4.6,1.9,-2.85,51.2,54.009,-0.389105,-0.582524,3.235,2.113,2.791,8.546812,5.120569,-3.4
2018-08-14,1.85,4.6,1.9,-2.85,51.2,54.009,-0.389105,-0.582524,3.265,2.328,2.799,8.546812,5.120569,-3.4
2018-08-15,1.85,4.6,1.9,-2.85,51.2,54.009,-0.389105,-0.582524,3.285,2.345,2.807,8.546812,5.120569,-3.4
2018-08-16,1.85,4.6,1.9,-2.85,51.2,54.009,-0.389105,-0.582524,3.329,2.511,2.813,8.546812,5.120569,-3.4
2018-08-17,1.85,4.6,1.9,-2.85,51.2,54.009,-0.389105,-0.582524,3.364,2.58,2.817,8.546812,5.120569,-3.4
2018-08-20,1.85,4.6,1.9,-2.85,51.2,54.009,-0.389105,-0.582524,3.406,2.625,2.83,8.546812,5.120569,-3.4
2018-08-21,1.85,4.6,1.9,-2.85,51.2,54.009,-0.389105,-0.582524,3.446,2.636,2.856,8.546812,5.120569,-3.4
2018-08-22,1.85,4.6,1.9,-2.85,51.2,54.009,-0.389105,-0.582524,3.491,2.538,2.878,8.546812,5.120569,-3.4
2018-08-23,1.85,4.6,1.9,-2.85,51.2,54.009,-0.389105,-0.582524,3.512,2.454,2.887,8.546812,5.120569,-3.4
2018-08-24,1.85,4.6,1.9,-2.85,51.2,54.009,-0.389105,-0.582524,3.511,2.392,2.889,8.546812,5.120569,-3.4
2018-08-27,1.85,4.6,1.9,-2.85,51.2,54.009,-0.389105,-0.582524,3.512,2.44,2.895,8.546812,5.120569,-3.4
2018-08-28,1.85,4.6,1.9,-2.85,51.2,54.009,-0.389105,-0.582524,3.514,2.4255,2.899,8.546812,5.120569,-3.4
2018-08-29,1.85,4.6,1.9,-2.85,51.2,54.009,-0.389105,-0.582524,3.509,2.3895,2.897,8.546812,5.120569,-3.4
2018-08-30,1.85,4.6,1.9,-2.85,51.2,54.009,-0.389105,-0.582524,3.506,2.277,2.894,8.546812,5.120569,-3.4
2018-08-31,1.85,4.6,1.9,-2.85,51.3,54.2,-0.773694,0.195313,3.503,2.309,2.894,8.546812,5.120569,-3.4
2018-09-03,1.85,4.6,1.9,-2.85,51.3,54.2,-0.773694,0.195313,3.502,2.277,2.887,8.546812,5.120569,-3.4
2018-09-04,1.85,4.6,1.9,-2.85,51.3,54.2,-0.773694,0.195313,3.5,2.195,2.878,8.546812,5.120569,-3.4
2018-09-05,1.85,4.6,1.9,-2.85,51.3,54.2,-0.773694,0.195313,3.5,2.164,2.85,8.546812,5.120569,-3.4
2018-09-06,1.85,4.6,1.9,-2.85,51.3,54.2,-0.773694,0.195313,3.5,2.494,2.845,8.546812,5.120569,-3.4
2018-09-07,1.85,4.6,1.9,-2.85,51.3,54.2,-0.773694,0.195313,3.5,2.591,2.851,8.546812,5.120569,-3.4
2018-09-10,1.85,4.1,1.9,-2.85,51.3,54.2,-0.773694,0.195313,3.5,2.573,2.842,8.546812,5.120569,-3.4
2018-09-11,1.85,4.1,1.9,-2.85,51.3,54.2,-0.773694,0.195313,3.501,2.59,2.848,8.546812,5.120569,-3.4
2018-09-12,1.85,4.1,1.9,-2.85,51.3,54.2,-0.773694,0.195313,3.513,2.557,2.846,8.210977,3.900824,-4.3
2018-09-13,1.85,4.1,1.9,-2.85,51.3,54.2,-0.773694,0.195313,3.521,2.53,2.843,8.210977,3.900824,-4.3
2018-09-14,1.85,4.1,1.9,-2.85,51.3,54.2,-0.773694,0.195313,3.5225,2.489,2.83,8.210977,3.900824,-4.3
2018-09-17,1.85,4.1,1.9,-2.85,51.3,54.2,-0.773694,0.195313,3.516,2.466,2.822,8.210977,3.900824,-4.3
2018-09-18,1.85,4.1,1.9,-2.85,51.3,54.2,-0.773694,0.195313,3.514,2.654,2.82,8.210977,3.900824,-4.3
2018-09-19,1.85,4.1,1.9,-2.85,51.3,54.2,-0.773694,0.195313,3.513,2.562,2.818,8.210977,3.900824,-4.3
2018-09-20,1.85,4.1,1.9,-2.85,51.3,54.2,-0.773694,0.195313,3.512,2.519,2.812,8.210977,3.900824,-4.3
2018-09-21,1.85,4.1,1.9,-2.85,51.3,54.2,-0.773694,0.195313,3.516,2.514,2.815,8.210977,3.900824,-4.3
2018-09-25,1.85,4.1,1.9,-2.85,51.3,54.2,-0.773694,0.195313,3.52,2.543,2.827,8.210977,3.900824,-4.3
2018-09-26,1.85,4.1,1.9,-2.85,51.3,54.2,-0.773694,0.195313,3.523,2.553,2.83,8.210977,3.900824,-4.3
2018-09-27,1.85,4.1,1.9,-2.85,51.3,54.2,-0.773694,0.195313,3.526,2.46,2.838,8.210977,3.900824,-4.3
2018-09-28,1.85,4.1,1.9,-2.85,51.3,54.2,-0.773694,0.195313,3.527,2.445,2.843,8.210977,3.900824,-4.3
2018-09-29,1.85,4.1,1.9,-2.85,51.3,54.2,-0.773694,0.195313,3.521,2.073,2.846,8.210977,3.900824,-4.3
2018-09-30,1.85,4.1,1.9,-2.85,50.8,54.9,-3.053435,-0.974659,3.521,2.653,2.847,8.210977,3.900824,-4.3
2018-10-08,1.85,4.1,1.9,-2.85,50.8,54.9,-3.053435,-0.974659,3.512,2.536,2.836,8.210977,3.900824,-4.3
2018-10-09,1.85,4.1,1.9,-2.85,50.8,54.9,-3.053435,-0.974659,3.504,2.502,2.816,8.210977,3.900824,-4.3
2018-10-10,1.85,4.1,1.9,-2.85,50.8,54.9,-3.053435,-0.974659,3.502,2.398,2.81,8.210977,3.900824,-4.3
2018-10-11,1.85,4.1,1.9,-2.85,50.8,54.9,-3.053435,-0.974659,3.506,2.36,2.801,8.210977,3.900824,-4.3
2018-10-12,1.85,4.1,1.9,-2.85,50.8,54.9,-3.053435,-0.974659,3.505,2.439,2.8,8.210977,3.900824,-4.3
2018-10-15,1.85,4.1,1.9,-2.85,50.8,54.9,-3.053435,-0.974659,3.505,2.377,2.801,8.210977,3.900824,-4.3
2018-10-16,2.47,4.1,1.7,-1.13,50.8,54.9,-3.053435,-0.974659,3.505,2.373,2.8,8.210977,3.900824,-4.3
2018-10-17,2.47,4.1,1.7,-1.13,50.8,54.9,-3.053435,-0.974659,3.505,2.353,2.818,8.29,4.0,-4.3
2018-10-18,2.47,4.1,1.7,-1.13,50.8,54.9,-3.053435,-0.974659,3.504,2.427,2.832,8.29,4.0,-4.3
2018-10-19,2.47,4.1,1.7,-1.13,50.8,54.9,-3.053435,-0.974659,3.507,2.445,2.842,8.29,4.0,-4.3
2018-10-22,2.47,4.1,1.7,-1.13,50.8,54.9,-3.053435,-0.974659,3.516,2.475,2.871,8.29,4.0,-4.3
2018-10-23,2.47,4.1,1.7,-1.13,50.8,54.9,-3.053435,-0.974659,3.532,2.451,2.903,8.29,4.0,-4.3
2018-10-24,2.47,4.1,1.7,-1.13,50.8,54.9,-3.053435,-0.974659,3.544,2.393,2.924,8.29,4.0,-4.3
2018-10-25,2.47,4.1,1.7,-1.13,50.8,54.9,-3.053435,-0.974659,3.552,2.215,2.948,8.29,4.0,-4.3
2018-10-26,2.47,4.1,1.7,-1.13,50.8,54.9,-3.053435,-0.974659,3.55,2.067,2.952,8.29,4.0,-4.3
2018-10-29,2.47,4.1,1.7,-1.13,50.8,54.9,-3.053435,-0.974659,3.55,1.852,2.958,8.29,4.0,-4.3
2018-10-30,2.47,4.1,1.7,-1.13,50.8,54.9,-3.053435,-0.974659,3.55,1.566,2.957,8.29,4.0,-4.3
2018-10-31,2.47,4.1,1.7,-1.13,50.2,53.9,-2.713178,-1.181102,3.55,2.37,2.963,8.29,4.0,-4.3
2018-11-01,2.47,4.1,1.7,-1.13,50.2,53.9,-2.713178,-1.181102,3.55,2.547,2.976,8.29,4.0,-4.3
2018-11-02,2.47,4.1,1.7,-1.13,50.2,53.9,-2.713178,-1.181102,3.55,2.477,2.981,8.29,4.0,-4.3
2018-11-05,2.47,4.1,1.7,-1.13,50.2,53.9,-2.713178,-1.181102,3.55,2.4345,2.986,8.29,4.0,-4.3
2018-11-06,2.47,4.1,1.7,-1.13,50.2,53.9,-2.713178,-1.181102,3.55,2.27,2.991,8.29,4.0,-4.3
2018-11-07,2.47,4.1,1.7,-1.13,50.2,53.9,-2.713178,-1.181102,3.551,2.0906,2.997,8.29,4.0,-4.3
2018-11-08,2.47,4.1,1.7,-1.13,50.2,53.9,-2.713178,-1.181102,3.55,1.978,3.0,8.29,4.0,-4.3
2018-11-09,2.47,3.3,1.7,-1.13,50.2,53.9,-2.713178,-1.181102,3.552,2.038,3.001,8.29,4.0,-4.3
2018-11-12,2.47,3.3,1.7,-1.13,50.2,53.9,-2.713178,-1.181102,3.553,2.309,3.001,8.29,4.0,-4.3
2018-11-13,2.47,3.3,1.7,-1.13,50.2,53.9,-2.713178,-1.181102,3.558,2.468,3.004,8.0,2.7,-5.3
2018-11-14,2.47,3.3,1.7,-1.13,50.2,53.9,-2.713178,-1.181102,3.554,2.325,3.008,8.0,2.7,-5.3
2018-11-15,2.47,3.3,1.7,-1.13,50.2,53.9,-2.713178,-1.181102,3.55,2.339,3.01,8.0,2.7,-5.3
2018-11-16,2.47,3.3,1.7,-1.13,50.2,53.9,-2.713178,-1.181102,3.553,2.345,3.023,8.0,2.7,-5.3
2018-11-19,2.47,3.3,1.7,-1.13,50.2,53.9,-2.713178,-1.181102,3.551,2.551,3.035,8.0,2.7,-5.3
2018-11-20,2.47,3.3,1.7,-1.13,50.2,53.9,-2.713178,-1.181102,3.543,2.609,3.053,8.0,2.7,-5.3
2018-11-21,2.47,3.3,1.7,-1.13,50.2,53.9,-2.713178,-1.181102,3.544,2.579,3.06,8.0,2.7,-5.3
2018-11-22,2.47,3.3,1.7,-1.13,50.2,53.9,-2.713178,-1.181102,3.535,2.456,3.064,8.0,2.7,-5.3
2018-11-23,2.47,3.3,1.7,-1.13,50.2,53.9,-2.713178,-1.181102,3.529,2.356,3.073,8.0,2.7,-5.3
2018-11-26,2.47,3.3,1.7,-1.13,50.2,53.9,-2.713178,-1.181102,3.525,2.498,3.085,8.0,2.7,-5.3
2018-11-27,2.47,3.3,1.7,-1.13,50.2,53.9,-2.713178,-1.181102,3.527,2.556,3.096,8.0,2.7,-5.3
2018-11-28,2.47,3.3,1.7,-1.13,50.2,53.9,-2.713178,-1.181102,3.528,2.539,3.104,8.0,2.7,-5.3
2018-11-29,2.47,3.3,1.7,-1.13,50.2,53.9,-2.713178,-1.181102,3.5278,2.262,3.1094,8.0,2.7,-5.3
2018-11-30,2.47,3.3,1.7,-1.13,50.0,53.4,-3.474903,-0.398406,3.527,2.642,3.113,8.0,2.7,-5.3
2018-12-03,2.47,3.3,1.7,-1.13,50.0,53.4,-3.474903,-0.398406,3.527,2.515,3.117,8.0,2.7,-5.3
2018-12-04,2.47,3.3,1.7,-1.13,50.0,53.4,-3.474903,-0.398406,3.527,2.445,3.126,8.0,2.7,-5.3
2018-12-05,2.47,3.3,1.7,-1.13,50.0,53.4,-3.474903,-0.398406,3.526,2.267,3.133,8.0,2.7,-5.3
2018-12-06,2.47,3.3,1.7,-1.13,50.0,53.4,-3.474903,-0.398406,3.525,2.418,3.133,8.0,2.7,-5.3
2018-12-07,2.47,3.3,1.7,-1.13,50.0,53.4,-3.474903,-0.398406,3.525,2.416,3.136,8.0,2.7,-5.3
2018-12-09,2.47,2.7,1.7,-1.13,50.0,53.4,-3.474903,-0.398406,3.525,2.416,3.136,8.0,2.7,-5.3
2018-12-10,2.47,2.7,1.7,-1.13,50.0,53.4,-3.474903,-0.398406,3.526,2.453,3.142,8.0,2.7,-5.3
2018-12-11,2.47,2.7,1.7,-1.13,50.0,53.4,-3.474903,-0.398406,3.521,2.463,3.145,7.981294,1.48,-6.5
2018-12-12,2.47,2.7,1.7,-1.13,50.0,53.4,-3.474903,-0.398406,3.522,2.424,3.147,7.981294,1.48,-6.5
2018-12-13,2.47,2.7,1.7,-1.13,50.0,53.4,-3.474903,-0.398406,3.52,2.519,3.149,7.981294,1.48,-6.5
2018-12-14,2.47,2.7,1.7,-1.13,50.0,53.4,-3.474903,-0.398406,3.52,2.655,3.156,7.981294,1.48,-6.5
2018-12-17,2.47,2.7,1.7,-1.13,50.0,53.4,-3.474903,-0.398406,3.52,2.625,3.164,7.981294,1.48,-6.5
2018-12-18,2.47,2.7,1.7,-1.13,50.0,53.4,-3.474903,-0.398406,3.522,2.669,3.174,7.981294,1.48,-6.5
2018-12-19,2.47,2.7,1.7,-1.13,50.0,53.4,-3.474903,-0.398406,3.524,2.654,3.181,7.981294,1.48,-6.5
2018-12-20,2.47,2.7,1.7,-1.13,50.0,53.4,-3.474903,-0.398406,3.524,2.567,3.199,7.981294,1.48,-6.5
2018-12-21,2.47,2.7,1.7,-1.13,50.0,53.4,-3.474903,-0.398406,3.517,2.486,3.209,7.981294,1.48,-6.5
2018-12-24,2.47,2.7,1.7,-1.13,50.0,53.4,-3.474903,-0.398406,3.517,2.316,3.23,7.981294,1.48,-6.5
2018-12-25,2.47,2.7,1.7,-1.13,50.0,53.4,-3.474903,-0.398406,3.518,2.028,3.273,7.981294,1.48,-6.5
2018-12-26,2.47,2.7,1.7,-1.13,50.0,53.4,-3.474903,-0.398406,3.52,2.029,3.309,7.981294,1.48,-6.5
2018-12-27,2.47,2.7,1.7,-1.13,50.0,53.4,-3.474903,-0.398406,3.52,1.793,3.339,7.981294,1.48,-6.5
2018-12-28,2.47,2.7,1.7,-1.13,50.0,53.4,-3.474903,-0.398406,3.521,1.47,3.357,7.981294,1.48,-6.5
2018-12-29,2.47,2.7,1.7,-1.13,50.0,53.4,-3.474903,-0.398406,3.518,2.554,3.346,7.981294,1.48,-6.5
2018-12-31,2.47,2.7,1.7,-1.13,49.4,53.8,-4.263566,-1.2,3.518,2.554,3.346,7.981294,1.48,-6.5
2019-01-02,2.47,2.7,1.7,-1.13,49.4,53.8,-4.263566,-1.2,3.511,2.3,3.285,7.981294,1.48,-6.5
2019-01-03,2.47,2.7,1.7,-1.13,49.4,53.8,-4.263566,-1.2,3.507,1.968,3.246,7.981294,1.48,-6.5
2019-01-04,2.47,2.7,1.7,-1.13,49.4,53.8,-4.263566,-1.2,3.497,1.649,3.215,7.981294,1.48,-6.5
2019-01-07,2.47,2.7,1.7,-1.13,49.4,53.8,-4.263566,-1.2,3.466,1.447,3.141,7.981294,1.48,-6.5
2019-01-08,2.47,2.7,1.7,-1.13,49.4,53.8,-4.263566,-1.2,3.431,1.414,3.093,7.981294,1.48,-6.5
2019-01-09,2.47,2.7,1.7,-1.13,49.4,53.8,-4.263566,-1.2,3.401,1.567,3.065,7.981294,1.48,-6.5
2019-01-10,2.47,0.9,1.7,-1.13,49.4,53.8,-4.263566,-1.2,3.377,1.743,3.031,7.981294,1.48,-6.5
2019-01-11,2.47,0.9,1.7,-1.13,49.4,53.8,-4.263566,-1.2,3.35,1.708,3.007,7.981294,1.48,-6.5
2019-01-14,2.47,0.9,1.7,-1.13,49.4,53.8,-4.263566,-1.2,3.337,1.878,2.984,7.981294,1.48,-6.5
2019-01-15,2.47,0.9,1.7,-1.13,49.4,53.8,-4.263566,-1.2,3.324,2.245,2.962,8.1,1.5,-6.6
2019-01-16,2.47,0.9,1.7,-1.13,49.4,53.8,-4.263566,-1.2,3.314,2.306,2.942,8.1,1.5,-6.6
2019-01-17,2.47,0.9,1.7,-1.13,49.4,53.8,-4.263566,-1.2,3.304,2.259,2.93,8.1,1.5,-6.6
2019-01-18,2.47,0.9,1.7,-1.13,49.4,53.8,-4.263566,-1.2,3.302,2.1785,2.918,8.1,1.5,-6.6
2019-01-21,2.47,0.9,1.7,-1.13,49.4,53.8,-4.263566,-1.2,3.3,2.24,2.915,8.1,1.5,-6.6
2019-01-22,2.47,0.9,1.7,-1.13,49.4,53.8,-4.263566,-1.2,3.3,2.243,2.914,8.1,1.5,-6.6
2019-01-23,2.47,0.9,1.7,-1.13,49.4,53.8,-4.263566,-1.2,3.3,2.244,2.909,8.1,1.5,-6.6
2019-01-24,2.47,0.9,1.7,-1.13,49.4,53.8,-4.263566,-1.2,3.3,2.263,2.904,8.1,1.5,-6.6
2019-01-25,2.47,0.9,1.7,-1.13,49.4,53.8,-4.263566,-1.2,3.294,2.362,2.902,8.1,1.5,-6.6
2019-01-28,2.47,0.9,1.7,-1.13,49.4,53.8,-4.263566,-1.2,3.291,2.194,2.901,8.1,1.5,-6.6
2019-01-29,2.47,0.9,1.7,-1.13,49.4,53.8,-4.263566,-1.2,3.282,2.078,2.9,8.1,1.5,-6.6
2019-01-30,2.47,0.9,1.7,-1.13,49.4,53.8,-4.263566,-1.2,3.271,2.0021,2.901,8.1,1.5,-6.6
2019-01-31,2.47,0.9,1.7,-1.13,49.5,54.7,-3.508772,0.202429,3.252,2.238,2.9,8.1,1.5,-6.6
2019-02-01,2.47,0.9,1.7,-1.13,49.5,54.7,-3.508772,0.202429,3.241,2.1,2.9,8.1,1.5,-6.6
2019-02-02,2.47,0.9,1.7,-1.13,49.5,54.7,-3.508772,0.202429,3.218,2.264,2.9,8.1,1.5,-6.6
2019-02-03,2.47,0.9,1.7,-1.13,49.5,54.7,-3.508772,0.202429,3.202,2.086,2.9,8.1,1.5,-6.6
2019-02-11,2.47,0.9,1.7,-1.13,49.5,54.7,-3.508772,0.202429,3.198,2.265,2.898,8.1,1.5,-6.6
2019-02-12,2.47,0.9,1.7,-1.13,49.5,54.7,-3.508772,0.202429,3.172,2.017,2.872,8.1,1.5,-6.6
2019-02-13,2.47,0.9,1.7,-1.13,49.5,54.7,-3.508772,0.202429,3.146,1.722,2.852,8.1,1.5,-6.6
2019-02-14,2.47,0.9,1.7,-1.13,49.5,54.7,-3.508772,0.202429,3.119,1.721,2.83,8.1,1.5,-6.6
2019-02-15,2.47,0.1,1.7,-1.13,49.5,54.7,-3.508772,0.202429,3.095,1.713,2.802,8.4,0.4,-8.0
2019-02-18,2.47,0.1,1.7,-1.13,49.5,54.7,-3.508772,0.202429,3.081,1.8224,2.797,8.4,0.4,-8.0
2019-02-19,2.47,0.1,1.7,-1.13,49.5,54.7,-3.508772,0.202429,3.073,1.967,2.778,8.4,0.4,-8.0
2019-02-20,2.47,0.1,1.7,-1.13,49.5,54.7,-3.508772,0.202429,3.069,1.854,2.759,8.4,0.4,-8.0
2019-02-21,2.47,0.1,1.7,-1.13,49.5,54.7,-3.508772,0.202429,3.063,2.03,2.749,8.4,0.4,-8.0
2019-02-22,2.47,0.1,1.7,-1.13,49.5,54.7,-3.508772,0.202429,3.063,2.431,2.749,8.4,0.4,-8.0
2019-02-25,2.47,0.1,1.7,-1.13,49.5,54.7,-3.508772,0.202429,3.059,2.605,2.752,8.4,0.4,-8.0
2019-02-26,2.47,0.1,1.7,-1.13,49.5,54.7,-3.508772,0.202429,3.059,2.705,2.756,8.4,0.4,-8.0
2019-02-27,2.47,0.1,1.7,-1.13,49.5,54.7,-3.508772,0.202429,3.061,2.654,2.756,8.4,0.4,-8.0
2019-02-28,2.47,0.1,1.7,-1.13,49.2,54.3,-2.186879,-0.606061,3.06,2.584,2.751,8.4,0.4,-8.0
2019-03-01,2.47,0.1,1.7,-1.13,49.2,54.3,-2.186879,-0.606061,3.059,2.155,2.75,8.4,0.4,-8.0
2019-03-04,2.47,0.1,1.7,-1.13,49.2,54.3,-2.186879,-0.606061,3.058,1.933,2.75,8.4,0.4,-8.0
2019-03-05,2.47,0.1,1.7,-1.13,49.2,54.3,-2.186879,-0.606061,3.055,2.266,2.75,8.4,0.4,-8.0
2019-03-06,2.47,0.1,1.7,-1.13,49.2,54.3,-2.186879,-0.606061,3.053,2.074,2.75,8.4,0.4,-8.0
2019-03-07,2.47,0.1,1.7,-1.13,49.2,54.3,-2.186879,-0.606061,3.054,2.06,2.751,8.4,0.4,-8.0
2019-03-08,2.47,0.1,1.7,-1.13,49.2,54.3,-2.186879,-0.606061,3.057,2.047,2.755,8.4,0.4,-8.0
2019-03-09,2.47,0.1,1.7,-1.13,49.2,54.3,-2.186879,-0.606061,3.057,2.047,2.755,8.4,0.4,-8.0
2019-03-10,2.47,0.1,1.7,-1.13,49.2,54.3,-2.186879,-0.606061,3.057,2.047,2.755,8.0,2.0,-6.0
2019-03-11,2.47,0.1,1.7,-1.13,49.2,54.3,-2.186879,-0.606061,3.06,2.092,2.7565,8.0,2.0,-6.0
2019-03-12,2.47,0.1,1.7,-1.13,49.2,54.3,-2.186879,-0.606061,3.066,2.365,2.761,8.0,2.0,-6.0
2019-03-13,2.47,0.1,1.7,-1.13,49.2,54.3,-2.186879,-0.606061,3.066,2.079,2.768,8.0,2.0,-6.0
2019-03-14,2.47,0.1,1.7,-1.13,49.2,54.3,-2.186879,-0.606061,3.072,2.31,2.777,8.0,2.0,-6.0
2019-03-15,2.47,0.1,1.7,-1.13,49.2,54.3,-2.186879,-0.606061,3.077,2.655,2.799,8.0,2.0,-6.0
2019-03-18,2.47,0.1,1.7,-1.13,49.2,54.3,-2.186879,-0.606061,3.082,2.756,2.814,8.0,2.0,-6.0
2019-03-19,2.47,0.1,1.7,-1.13,49.2,54.3,-2.186879,-0.606061,3.086,2.666,2.823,8.0,2.0,-6.0
2019-03-20,2.47,0.1,1.7,-1.13,49.2,54.3,-2.186879,-0.606061,3.088,2.714,2.833,8.0,2.0,-6.0
2019-03-21,2.47,0.1,1.7,-1.13,49.2,54.3,-2.186879,-0.606061,3.091,2.661,2.838,8.0,2.0,-6.0
2019-03-22,2.47,0.1,1.7,-1.13,49.2,54.3,-2.186879,-0.606061,3.092,2.62,2.837,8.0,2.0,-6.0
2019-03-25,2.47,0.1,1.7,-1.13,49.2,54.3,-2.186879,-0.606061,3.086,2.535,2.836,8.0,2.0,-6.0
2019-03-26,2.47,0.1,1.7,-1.13,49.2,54.3,-2.186879,-0.606061,3.08,2.495,2.828,8.0,2.0,-6.0
2019-03-27,2.47,0.1,1.7,-1.13,49.2,54.3,-2.186879,-0.606061,3.074,2.286,2.819,8.0,2.0,-6.0
2019-03-28,2.47,0.1,1.7,-1.13,49.2,54.3,-2.186879,-0.606061,3.062,2.041,2.807,8.0,2.0,-6.0
2019-03-29,2.47,0.1,1.7,-1.13,49.2,54.3,-2.186879,-0.606061,3.051,2.486,2.801,8.0,2.0,-6.0
2019-03-31,2.47,0.1,1.7,-1.13,50.5,54.8,-1.941748,2.642276,3.051,2.486,2.801,8.0,2.0,-6.0
2019-04-01,2.47,0.1,1.7,-1.13,50.5,54.8,-1.941748,2.642276,3.047,2.315,2.795,8.0,2.0,-6.0
2019-04-02,2.47,0.1,1.7,-1.13,50.5,54.8,-1.941748,2.642276,3.042,1.956,2.786,8.0,2.0,-6.0
2019-04-03,2.47,0.1,1.7,-1.13,50.5,54.8,-1.941748,2.642276,3.044,1.663,2.767,8.0,2.0,-6.0
2019-04-04,2.47,0.1,1.7,-1.13,50.5,54.8,-1.941748,2.642276,3.047,1.417,2.758,8.0,2.0,-6.0
2019-04-08,2.47,0.1,1.7,-1.13,50.5,54.8,-1.941748,2.642276,3.047,1.428,2.754,8.0,2.0,-6.0
2019-04-09,2.47,0.1,1.7,-1.13,50.5,54.8,-1.941748,2.642276,3.047,1.797,2.751,8.0,2.0,-6.0
2019-04-10,2.47,0.1,1.7,-1.13,50.5,54.8,-1.941748,2.642276,3.053,2.278,2.755,8.0,2.0,-6.0
2019-04-11,2.47,0.4,1.7,-1.13,50.5,54.8,-1.941748,2.642276,3.06,2.735,2.76,8.0,2.0,-6.0
2019-04-12,2.47,0.4,1.7,-1.13,50.5,54.8,-1.941748,2.642276,3.067,2.652,2.761,8.6,4.6,-4.0
2019-04-15,2.47,0.4,1.7,-1.13,50.5,54.8,-1.941748,2.642276,3.072,2.797,2.768,8.6,4.6,-4.0
2019-04-16,2.47,0.4,1.7,-1.13,50.5,54.8,-1.941748,2.642276,3.077,2.883,2.774,8.6,4.6,-4.0
2019-04-17,2.47,0.4,1.7,-1.13,50.5,54.8,-1.941748,2.642276,3.091,2.998,2.787,8.6,4.6,-4.0
2019-04-18,2.47,0.4,1.7,-1.13,50.5,54.8,-1.941748,2.642276,3.096,2.812,2.806,8.6,4.6,-4.0
2019-04-19,2.47,0.4,1.7,-1.13,50.5,54.8,-1.941748,2.642276,3.095,2.661,2.817,8.6,4.6,-4.0
2019-04-22,2.47,0.4,1.7,-1.13,50.5,54.8,-1.941748,2.642276,3.101,2.557,2.822,8.6,4.6,-4.0
2019-04-23,2.47,0.4,1.7,-1.13,50.5,54.8,-1.941748,2.642276,3.106,2.828,2.833,8.6,4.6,-4.0
2019-04-24,2.47,0.4,1.7,-1.13,50.5,54.8,-1.941748,2.642276,3.108,2.752,2.855,8.6,4.6,-4.0
2019-04-25,2.47,0.4,1.7,-1.13,50.5,54.8,-1.941748,2.642276,3.119,2.785,2.88,8.6,4.6,-4.0
2019-04-26,2.47,0.4,1.7,-1.13,50.5,54.8,-1.941748,2.642276,3.129,2.496,2.896,8.6,4.6,-4.0
2019-04-28,2.47,0.4,1.7,-1.13,50.5,54.8,-1.941748,2.642276,3.142,2.07,2.909,8.6,4.6,-4.0
2019-04-29,2.47,0.4,1.7,-1.13,50.5,54.8,-1.941748,2.642276,3.147,1.7,2.923,8.6,4.6,-4.0
2019-04-30,2.47,0.4,1.7,-1.13,50.1,54.3,-2.529183,-0.792079,3.159,2.086,2.93,8.6,4.6,-4.0
2019-05-05,2.47,0.4,1.7,-1.13,50.1,54.3,-2.529183,-0.792079,3.159,1.79,2.935,8.6,4.6,-4.0
2019-05-06,2.47,0.4,1.7,-1.13,50.1,54.3,-2.529183,-0.792079,3.156,1.642,2.934,8.6,4.6,-4.0
2019-05-07,2.47,0.4,1.7,-1.13,50.1,54.3,-2.529183,-0.792079,3.154,1.391,2.922,8.6,4.6,-4.0
2019-05-08,2.47,0.4,1.7,-1.13,50.1,54.3,-2.529183,-0.792079,3.151,1.141,2.91,8.6,4.6,-4.0
2019-05-09,2.47,0.9,1.7,-1.13,50.1,54.3,-2.529183,-0.792079,3.151,1.513,2.903,8.5,2.9,-5.6
2019-05-10,2.47,0.9,1.7,-1.13,50.1,54.3,-2.529183,-0.792079,3.151,1.826,2.895,8.5,2.9,-5.6
2019-05-13,2.47,0.9,1.7,-1.13,50.1,54.3,-2.529183,-0.792079,3.152,2.156,2.889,8.5,2.9,-5.6
2019-05-14,2.47,0.9,1.7,-1.13,50.1,54.3,-2.529183,-0.792079,3.153,2.4123,2.891,8.5,2.9,-5.6
2019-05-15,2.47,0.9,1.7,-1.13,50.1,54.3,-2.529183,-0.792079,3.153,2.5334,2.893,8.5,2.9,-5.6
2019-05-16,2.47,0.9,1.7,-1.13,50.1,54.3,-2.529183,-0.792079,3.157,2.281,2.896,8.5,2.9,-5.6
2019-05-17,2.47,0.9,1.7,-1.13,50.1,54.3,-2.529183,-0.792079,3.162,2.134,2.9,8.5,2.9,-5.6
2019-05-20,2.47,0.9,1.7,-1.13,50.1,54.3,-2.529183,-0.792079,3.167,2.5845,2.9,8.5,2.9,-5.6
2019-05-21,2.47,0.9,1.7,-1.13,50.1,54.3,-2.529183,-0.792079,3.177,2.75,2.9,8.5,2.9,-5.6
2019-05-22,2.47,0.9,1.7,-1.13,50.1,54.3,-2.529183,-0.792079,3.185,2.623,2.903,8.5,2.9,-5.6
2019-05-23,2.47,0.9,1.7,-1.13,50.1,54.3,-2.529183,-0.792079,3.19,2.584,2.901,8.5,2.9,-5.6
2019-05-24,2.47,0.9,1.7,-1.13,50.1,54.3,-2.529183,-0.792079,3.198,2.342,2.902,8.5,2.9,-5.6
2019-05-27,2.47,0.9,1.7,-1.13,50.1,54.3,-2.529183,-0.792079,3.202,2.666,2.904,8.5,2.9,-5.6
2019-05-28,2.47,0.9,1.7,-1.13,50.1,54.3,-2.529183,-0.792079,3.205,2.76,2.915,8.5,2.9,-5.6
2019-05-29,2.47,0.9,1.7,-1.13,50.1,54.3,-2.529183,-0.792079,3.206,2.491,2.917,8.5,2.9,-5.6
2019-05-30,2.47,0.9,1.7,-1.13,50.1,54.3,-2.529183,-0.792079,3.205,2.067,2.916,8.5,2.9,-5.6
2019-05-31,2.47,0.9,1.7,-1.13,49.4,54.3,-4.816956,-1.397206,3.206,2.194,2.912,8.5,2.9,-5.6
2019-06-03,2.47,0.9,1.7,-1.13,49.4,54.3,-4.816956,-1.397206,3.208,2.003,2.904,8.5,2.9,-5.6
2019-06-04,2.47,0.9,1.7,-1.13,49.4,54.3,-4.816956,-1.397206,3.208,1.738,2.902,8.5,2.9,-5.6
2019-06-05,2.47,0.9,1.7,-1.13,49.4,54.3,-4.816956,-1.397206,3.209,1.593,2.916,8.5,2.9,-5.6
2019-06-06,2.47,0.9,1.7,-1.13,49.4,54.3,-4.816956,-1.397206,3.212,1.521,2.924,8.5,2.9,-5.6
2019-06-10,2.47,0.9,1.7,-1.13,49.4,54.3,-4.816956,-1.397206,3.215,1.848,2.932,8.5,2.9,-5.6
2019-06-11,2.47,0.9,1.7,-1.13,49.4,54.3,-4.816956,-1.397206,3.213,2.053,2.94,8.5,2.9,-5.6
2019-06-12,2.47,0.6,1.7,-1.13,49.4,54.3,-4.816956,-1.397206,3.217,1.939,2.943,8.5,3.4,-5.1
2019-06-13,2.47,0.6,1.7,-1.13,49.4,54.3,-4.816956,-1.397206,3.22,1.924,2.944,8.5,3.4,-5.1
2019-06-14,2.47,0.6,1.7,-1.13,49.4,54.3,-4.816956,-1.397206,3.225,1.723,2.947,8.5,3.4,-5.1
2019-06-17,2.47,0.6,1.7,-1.13,49.4,54.3,-4.816956,-1.397206,3.228,1.801,2.947,8.5,3.4,-5.1
2019-06-18,2.47,0.6,1.7,-1.13,49.4,54.3,-4.816956,-1.397206,3.231,1.601,2.943,8.5,3.4,-5.1
2019-06-19,2.47,0.6,1.7,-1.13,49.4,54.3,-4.816956,-1.397206,3.218,1.447,2.929,8.5,3.4,-5.1
2019-06-20,2.47,0.6,1.7,-1.13,49.4,54.3,-4.816956,-1.397206,3.207,1.253,2.911,8.5,3.4,-5.1
2019-06-21,2.47,0.6,1.7,-1.13,49.4,54.3,-4.816956,-1.397206,3.19,1.112,2.895,8.5,3.4,-5.1
2019-06-24,2.47,0.6,1.7,-1.13,49.4,54.3,-4.816956,-1.397206,3.17,1.0,2.859,8.5,3.4,-5.1
2019-06-25,2.47,0.6,1.7,-1.13,49.4,54.3,-4.816956,-1.397206,3.138,1.023,2.809,8.5,3.4,-5.1
2019-06-26,2.47,0.6,1.7,-1.13,49.4,54.3,-4.816956,-1.397206,3.112,0.991,2.758,8.5,3.4,-5.1
2019-06-27,2.47,0.6,1.7,-1.13,49.4,54.3,-4.816956,-1.397206,3.105,0.9615,2.722,8.5,3.4,-5.1
2019-06-28,2.47,0.6,1.7,-1.13,49.4,54.3,-4.816956,-1.397206,3.103,1.3705,2.708,8.5,3.4,-5.1
2019-06-30,2.47,0.6,1.7,-1.13,49.4,54.2,-4.07767,0.0,3.103,1.3705,2.708,8.5,3.4,-5.1
2019-07-01,2.47,0.6,1.7,-1.13,49.4,54.2,-4.07767,0.0,3.099,1.065,2.681,8.5,3.4,-5.1
2019-07-02,2.47,0.6,1.7,-1.13,49.4,54.2,-4.07767,0.0,3.096,0.914,2.657,8.5,3.4,-5.1
2019-07-03,2.47,0.6,1.7,-1.13,49.4,54.2,-4.07767,0.0,3.096,0.877,2.641,8.5,3.4,-5.1
2019-07-04,2.47,0.6,1.7,-1.13,49.4,54.2,-4.07767,0.0,3.094,0.844,2.627,8.5,3.4,-5.1
2019-07-05,2.47,0.6,1.7,-1.13,49.4,54.2,-4.07767,0.0,3.084,1.055,2.606,8.5,3.4,-5.1
2019-07-08,2.47,0.6,1.7,-1.13,49.4,54.2,-4.07767,0.0,3.086,1.445,2.603,8.5,3.4,-5.1
2019-07-09,2.47,0.6,1.7,-1.13,49.4,54.2,-4.07767,0.0,3.087,1.773,2.601,8.5,3.4,-5.1
2019-07-10,2.68,0.6,1.6,2.68,49.4,54.2,-4.07767,0.0,3.089,1.814,2.6,8.5,3.4,-5.1
2019-07-11,2.68,0.6,1.6,2.68,49.4,54.2,-4.07767,0.0,3.088,1.998,2.6,8.5,3.4,-5.1
2019-07-12,2.68,0.6,1.6,2.68,49.4,54.2,-4.07767,0.0,3.091,2.235,2.6,8.5,4.4,-4.1
2019-07-15,2.68,0.6,1.6,2.68,49.4,54.2,-4.07767,0.0,3.093,2.6175,2.6,8.5,4.4,-4.1
2019-07-16,2.68,0.6,1.6,2.68,49.4,54.2,-4.07767,0.0,3.096,2.725,2.609,8.5,4.4,-4.1
2019-07-17,2.68,0.6,1.6,2.68,49.4,54.2,-4.07767,0.0,3.099,2.711,2.613,8.5,4.4,-4.1
2019-07-18,2.68,0.6,1.6,2.68,49.4,54.2,-4.07767,0.0,3.101,2.772,2.623,8.5,4.4,-4.1
2019-07-19,2.68,0.6,1.6,2.68,49.4,54.2,-4.07767,0.0,3.101,2.827,2.631,8.5,4.4,-4.1
2019-07-22,2.68,0.6,1.6,2.68,49.4,54.2,-4.07767,0.0,3.1,2.6698,2.628,8.5,4.4,-4.1
2019-07-23,2.68,0.6,1.6,2.68,49.4,54.2,-4.07767,0.0,3.097,2.562,2.628,8.5,4.4,-4.1
2019-07-24,2.68,0.6,1.6,2.68,49.4,54.2,-4.07767,0.0,3.096,2.481,2.625,8.5,4.4,-4.1
2019-07-25,2.68,0.6,1.6,2.68,49.4,54.2,-4.07767,0.0,3.096,2.628,2.625,8.5,4.4,-4.1
2019-07-26,2.68,0.6,1.6,2.68,49.4,54.2,-4.07767,0.0,3.096,2.636,2.629,8.5,4.4,-4.1
2019-07-29,2.68,0.6,1.6,2.68,49.4,54.2,-4.07767,0.0,3.098,2.629,2.631,8.5,4.4,-4.1
2019-07-30,2.68,0.6,1.6,2.68,49.4,54.2,-4.07767,0.0,3.098,2.621,2.636,8.5,4.4,-4.1
2019-07-31,2.68,0.6,1.6,2.68,49.7,53.7,-2.929688,0.607287,3.098,2.642,2.644,8.5,4.4,-4.1
2019-08-01,2.68,0.6,1.6,2.68,49.7,53.7,-2.929688,0.607287,3.096,2.634,2.646,8.5,4.4,-4.1
2019-08-02,2.68,0.6,1.6,2.68,49.7,53.7,-2.929688,0.607287,3.096,2.634,2.649,8.5,4.4,-4.1
2019-08-05,2.68,0.6,1.6,2.68,49.7,53.7,-2.929688,0.607287,3.094,2.544,2.646,8.5,4.4,-4.1
2019-08-06,2.68,0.6,1.6,2.68,49.7,53.7,-2.929688,0.607287,3.087,2.261,2.635,8.5,4.4,-4.1
2019-08-07,2.68,0.6,1.6,2.68,49.7,53.7,-2.929688,0.607287,3.083,2.22,2.623,8.5,4.4,-4.1
2019-08-08,2.68,0.6,1.6,2.68,49.7,53.7,-2.929688,0.607287,3.0805,2.5,2.618,8.5,4.4,-4.1
2019-08-09,2.68,-0.3,1.6,2.68,49.7,53.7,-2.929688,0.607287,3.0785,2.596,2.618,8.5,4.4,-4.1
2019-08-12,2.68,-0.3,1.6,2.68,49.7,53.7,-2.929688,0.607287,3.0755,2.629,2.625,8.1,3.1,-5.0
2019-08-13,2.68,-0.3,1.6,2.68,49.7,53.7,-2.929688,0.607287,3.0785,2.667,2.644,8.1,3.1,-5.0
2019-08-14,2.68,-0.3,1.6,2.68,49.7,53.7,-2.929688,0.607287,3.083,2.689,2.656,8.1,3.1,-5.0
2019-08-15,2.68,-0.3,1.6,2.68,49.7,53.7,-2.929688,0.607287,3.0825,2.659,2.661,8.1,3.1,-5.0
2019-08-16,2.68,-0.3,1.6,2.68,49.7,53.7,-2.929688,0.607287,3.0775,2.665,2.666,8.1,3.1,-5.0
2019-08-19,2.68,-0.3,1.6,2.68,49.7,53.7,-2.929688,0.607287,3.074,2.666,2.669,8.1,3.1,-5.0
2019-08-20,2.68,-0.3,1.6,2.68,49.7,53.7,-2.929688,0.607287,3.068,2.642,2.671,8.1,3.1,-5.0
2019-08-21,2.68,-0.3,1.6,2.68,49.7,53.7,-2.929688,0.607287,3.064,2.5832,2.674,8.1,3.1,-5.0
2019-08-22,2.68,-0.3,1.6,2.68,49.7,53.7,-2.929688,0.607287,3.059,2.544,2.682,8.1,3.1,-5.0
2019-08-23,2.68,-0.3,1.6,2.68,49.7,53.7,-2.929688,0.607287,3.056,2.586,2.69,8.1,3.1,-5.0
2019-08-26,2.68,-0.3,1.6,2.68,49.7,53.7,-2.929688,0.607287,3.055,2.639,2.694,8.1,3.1,-5.0
2019-08-27,2.68,-0.3,1.6,2.68,49.7,53.7,-2.929688,0.607287,3.055,2.677,2.7,8.1,3.1,-5.0
2019-08-28,2.68,-0.3,1.6,2.68,49.7,53.7,-2.929688,0.607287,3.055,2.609,2.702,8.1,3.1,-5.0
2019-08-29,2.68,-0.3,1.6,2.68,49.7,53.7,-2.929688,0.607287,3.0545,2.478,2.7002,8.1,3.1,-5.0
2019-08-30,2.68,-0.3,1.6,2.68,49.7,53.7,-2.929688,0.607287,3.051,2.572,2.701,8.1,3.1,-5.0
2019-08-31,2.68,-0.3,1.6,2.68,49.5,53.8,-3.508772,-0.402414,3.051,2.572,2.701,8.1,3.1,-5.0
2019-09-02,2.68,-0.3,1.6,2.68,49.5,53.8,-3.508772,-0.402414,3.05,2.55,2.7,8.1,3.1,-5.0
2019-09-03,2.68,-0.3,1.6,2.68,49.5,53.8,-3.508772,-0.402414,3.052,2.513,2.701,8.1,3.1,-5.0
2019-09-04,2.68,-0.3,1.6,2.68,49.5,53.8,-3.508772,-0.402414,3.051,2.445,2.702,8.1,3.1,-5.0
2019-09-05,2.68,-0.3,1.6,2.68,49.5,53.8,-3.508772,-0.402414,3.052,2.536,2.704,8.1,3.1,-5.0
2019-09-06,2.68,-0.3,1.6,2.68,49.5,53.8,-3.508772,-0.402414,3.052,2.597,2.708,8.1,3.1,-5.0
2019-09-09,2.68,-0.3,1.6,2.68,49.5,53.8,-3.508772,-0.402414,3.051,2.607,2.707,8.1,3.1,-5.0
2019-09-10,2.68,-0.8,1.6,2.68,49.5,53.8,-3.508772,-0.402414,3.046,2.553,2.707,8.1,3.1,-5.0
2019-09-11,2.68,-0.8,1.6,2.68,49.5,53.8,-3.508772,-0.402414,3.043,2.451,2.707,8.2,3.4,-4.8
2019-09-12,2.68,-0.8,1.6,2.68,49.5,53.8,-3.508772,-0.402414,3.042,2.369,2.709,8.2,3.4,-4.8
2019-09-16,2.68,-0.8,1.6,2.68,49.5,53.8,-3.508772,-0.402414,3.043,2.336,2.71,8.2,3.4,-4.8
2019-09-17,2.68,-0.8,1.6,2.68,49.5,53.8,-3.508772,-0.402414,3.043,2.565,2.708,8.2,3.4,-4.8
2019-09-18,2.68,-0.8,1.6,2.68,49.5,53.8,-3.508772,-0.402414,3.044,2.633,2.706,8.2,3.4,-4.8
2019-09-19,2.68,-0.8,1.6,2.68,49.5,53.8,-3.508772,-0.402414,3.045,2.737,2.709,8.2,3.4,-4.8
2019-09-20,2.68,-0.8,1.6,2.68,49.5,53.8,-3.508772,-0.402414,3.046,2.746,2.717,8.2,3.4,-4.8
2019-09-23,2.68,-0.8,1.6,2.68,49.5,53.8,-3.508772,-0.402414,3.048,2.759,2.725,8.2,3.4,-4.8
2019-09-24,2.68,-0.8,1.6,2.68,49.5,53.8,-3.508772,-0.402414,3.048,2.369,2.729,8.2,3.4,-4.8
2019-09-25,2.68,-0.8,1.6,2.68,49.5,53.8,-3.508772,-0.402414,3.047,2.046,2.729,8.2,3.4,-4.8
2019-09-26,2.68,-0.8,1.6,2.68,49.5,53.8,-3.508772,-0.402414,3.048,1.637,2.732,8.2,3.4,-4.8
2019-09-27,2.68,-0.8,1.6,2.68,49.5,53.8,-3.508772,-0.402414,3.048,1.313,2.726,8.2,3.4,-4.8
2019-09-29,2.68,-0.8,1.6,2.68,49.5,53.8,-3.508772,-0.402414,3.047,1.249,2.727,8.2,3.4,-4.8
2019-09-30,2.68,-0.8,1.6,2.68,49.8,53.7,-1.968504,0.606061,3.048,2.635,2.728,8.2,3.4,-4.8
2019-10-08,2.68,-0.8,1.6,2.68,49.8,53.7,-1.968504,0.606061,3.048,2.627,2.724,8.2,3.4,-4.8
2019-10-09,2.68,-0.8,1.6,2.68,49.8,53.7,-1.968504,0.606061,3.047,2.202,2.72,8.2,3.4,-4.8
2019-10-10,2.68,-0.8,1.6,2.68,49.8,53.7,-1.968504,0.606061,3.049,2.016,2.718,8.2,3.4,-4.8
2019-10-11,2.68,-0.8,1.6,2.68,49.8,53.7,-1.968504,0.606061,3.05,1.911,2.718,8.2,3.4,-4.8
2019-10-12,2.68,-0.8,1.6,2.68,49.8,53.7,-1.968504,0.606061,3.047,2.215,2.719,8.2,3.4,-4.8
2019-10-14,2.68,-0.8,1.6,2.68,49.8,53.7,-1.968504,0.606061,3.049,2.555,2.722,8.2,3.4,-4.8
2019-10-15,2.68,-1.2,1.6,2.68,49.8,53.7,-1.968504,0.606061,3.049,2.703,2.731,8.4,3.4,-5.0
2019-10-16,2.68,-1.2,1.6,2.68,49.8,53.7,-1.968504,0.606061,3.048,2.694,2.732,8.4,3.4,-5.0
2019-10-17,2.68,-1.2,1.6,2.68,49.8,53.7,-1.968504,0.606061,3.05,2.585,2.736,8.4,3.4,-5.0
2019-10-18,2.68,-1.2,1.6,2.68,49.8,53.7,-1.968504,0.606061,3.051,2.618,2.746,8.4,3.4,-5.0
2019-10-21,2.68,-1.2,1.6,2.68,49.8,53.7,-1.968504,0.606061,3.054,2.682,2.763,8.4,3.4,-5.0
2019-10-22,2.68,-1.2,1.6,2.68,49.8,53.7,-1.968504,0.606061,3.057,2.799,2.793,8.4,3.4,-5.0
2019-10-23,2.68,-1.2,1.6,2.68,49.8,53.7,-1.968504,0.606061,3.061,2.654,2.808,8.4,3.4,-5.0
2019-10-24,2.68,-1.2,1.6,2.68,49.8,53.7,-1.968504,0.606061,3.061,2.446,2.824,8.4,3.4,-5.0
2019-10-25,2.68,-1.2,1.6,2.68,49.8,53.7,-1.968504,0.606061,3.063,2.506,2.831,8.4,3.4,-5.0
2019-10-28,2.68,-1.2,1.6,2.68,49.8,53.7,-1.968504,0.606061,3.063,2.478,2.84,8.4,3.4,-5.0
2019-10-29,2.68,-1.2,1.6,2.68,49.8,53.7,-1.968504,0.606061,3.067,2.368,2.847,8.4,3.4,-5.0
2019-10-30,2.68,-1.2,1.6,2.68,49.8,53.7,-1.968504,0.606061,3.074,2.303,2.864,8.4,3.4,-5.0
2019-10-31,2.68,-1.2,1.6,2.68,49.3,52.8,-1.792829,-1.004016,3.076,2.59,2.887,8.4,3.4,-5.0
2019-11-01,2.68,-1.2,1.6,2.68,49.3,52.8,-1.792829,-1.004016,3.079,2.301,2.897,8.4,3.4,-5.0
2019-11-04,2.68,-1.2,1.6,2.68,49.3,52.8,-1.792829,-1.004016,3.084,2.075,2.919,8.4,3.4,-5.0
2019-11-05,2.68,-1.2,1.6,2.68,49.3,52.8,-1.792829,-1.004016,3.086,1.88,2.933,8.4,3.4,-5.0
2019-11-06,2.68,-1.2,1.6,2.68,49.3,52.8,-1.792829,-1.004016,3.088,1.788,2.948,8.4,3.4,-5.0
2019-11-07,2.68,-1.2,1.6,2.68,49.3,52.8,-1.792829,-1.004016,3.09,1.915,2.953,8.4,3.4,-5.0
2019-11-08,2.68,-1.2,1.6,2.68,49.3,52.8,-1.792829,-1.004016,3.093,1.902,2.953,8.4,3.4,-5.0
2019-11-09,3.76,-1.2,1.5,5.36,49.3,52.8,-1.792829,-1.004016,3.093,1.902,2.953,8.4,3.4,-5.0
2019-11-11,3.76,-1.2,1.5,5.36,49.3,52.8,-1.792829,-1.004016,3.094,2.033,2.955,8.4,3.3,-5.1
2019-11-12,3.76,-1.2,1.5,5.36,49.3,52.8,-1.792829,-1.004016,3.099,2.376,2.965,8.4,3.3,-5.1
2019-11-13,3.76,-1.2,1.5,5.36,49.3,52.8,-1.792829,-1.004016,3.101,2.598,2.981,8.4,3.3,-5.1
2019-11-14,3.76,-1.2,1.5,5.36,49.3,52.8,-1.792829,-1.004016,3.108,2.666,3.0,8.4,3.3,-5.1
2019-11-15,3.76,-1.2,1.5,5.36,49.3,52.8,-1.792829,-1.004016,3.116,2.693,3.02,8.4,3.3,-5.1
2019-11-18,3.76,-1.2,1.5,5.36,49.3,52.8,-1.792829,-1.004016,3.119,2.707,3.032,8.4,3.3,-5.1
2019-11-19,3.76,-1.2,1.5,5.36,49.3,52.8,-1.792829,-1.004016,3.119,2.343,3.033,8.4,3.3,-5.1
2019-11-20,3.76,-1.2,1.5,5.36,49.3,52.8,-1.792829,-1.004016,3.125,1.899,3.032,8.4,3.3,-5.1
2019-11-21,3.76,-1.2,1.5,5.36,49.3,52.8,-1.792829,-1.004016,3.127,1.849,3.034,8.4,3.3,-5.1
2019-11-22,3.76,-1.2,1.5,5.36,49.3,52.8,-1.792829,-1.004016,3.121,1.948,3.037,8.4,3.3,-5.1
2019-11-25,3.76,-1.2,1.5,5.36,49.3,52.8,-1.792829,-1.004016,3.119,2.234,3.029,8.4,3.3,-5.1
2019-11-26,3.76,-1.2,1.5,5.36,49.3,52.8,-1.792829,-1.004016,3.118,2.323,3.02,8.4,3.3,-5.1
2019-11-27,3.76,-1.2,1.5,5.36,49.3,52.8,-1.792829,-1.004016,3.119,2.233,3.019,8.4,3.3,-5.1
2019-11-28,3.76,-1.2,1.5,5.36,49.3,52.8,-1.792829,-1.004016,3.119,2.078,3.016,8.4,3.3,-5.1
2019-11-29,3.76,-1.2,1.5,5.36,49.3,52.8,-1.792829,-1.004016,3.122,2.356,3.017,8.4,3.3,-5.1
2019-11-30,3.76,-1.2,1.5,5.36,50.2,54.4,0.4,1.825558,3.122,2.356,3.017,8.4,3.3,-5.1
2019-12-02,3.76,-1.2,1.5,5.36,50.2,54.4,0.4,1.825558,3.122,2.233,3.017,8.4,3.3,-5.1
2019-12-03,3.76,-1.2,1.5,5.36,50.2,54.4,0.4,1.825558,3.122,2.132,3.015,8.4,3.3,-5.1
2019-12-04,3.76,-1.2,1.5,5.36,50.2,54.4,0.4,1.825558,3.121,1.971,3.019,8.4,3.3,-5.1
2019-12-05,3.76,-1.2,1.5,5.36,50.2,54.4,0.4,1.825558,3.121,1.906,3.022,8.4,3.3,-5.1
2019-12-06,3.76,-1.2,1.5,5.36,50.2,54.4,0.4,1.825558,3.121,2.073,3.0245,8.4,3.3,-5.1
2019-12-09,3.76,-1.2,1.5,5.36,50.2,54.4,0.4,1.825558,3.123,2.345,3.025,8.4,3.3,-5.1
2019-12-10,3.76,-1.4,1.5,5.36,50.2,54.4,0.4,1.825558,3.122,2.198,3.028,8.18,3.49,-4.7
2019-12-11,3.76,-1.4,1.5,5.36,50.2,54.4,0.4,1.825558,3.123,2.081,3.03,8.18,3.49,-4.7
2019-12-12,3.76,-1.4,1.5,5.36,50.2,54.4,0.4,1.825558,3.122,2.053,3.0305,8.18,3.49,-4.7
2019-12-13,3.76,-1.4,1.5,5.36,50.2,54.4,0.4,1.825558,3.122,2.133,3.0325,8.18,3.49,-4.7
2019-12-16,3.76,-1.4,1.5,5.36,50.2,54.4,0.4,1.825558,3.122,2.437,3.0324,8.18,3.49,-4.7
2019-12-17,3.76,-1.4,1.5,5.36,50.2,54.4,0.4,1.825558,3.123,2.506,3.036,8.18,3.49,-4.7
2019-12-18,3.76,-1.4,1.5,5.36,50.2,54.4,0.4,1.825558,3.124,2.485,3.04,8.18,3.49,-4.7
2019-12-19,3.76,-1.4,1.5,5.36,50.2,54.4,0.4,1.825558,3.124,2.0575,3.043,8.18,3.49,-4.7
2019-12-20,3.76,-1.4,1.5,5.36,50.2,54.4,0.4,1.825558,3.122,1.814,3.041,8.18,3.49,-4.7
2019-12-23,3.76,-1.4,1.5,5.36,50.2,54.4,0.4,1.825558,3.12,1.557,3.04,8.18,3.49,-4.7
2019-12-24,3.76,-1.4,1.5,5.36,50.2,54.4,0.4,1.825558,3.1145,1.114,3.0335,8.18,3.49,-4.7
2019-12-25,3.76,-1.4,1.5,5.36,50.2,54.4,0.4,1.825558,3.114,0.943,3.0325,8.18,3.49,-4.7
2019-12-26,3.76,-1.4,1.5,5.36,50.2,54.4,0.4,1.825558,3.111,0.848,3.0295,8.18,3.49,-4.7
2019-12-27,3.76,-1.4,1.5,5.36,50.2,54.4,0.4,1.825558,3.105,1.075,3.0255,8.18,3.49,-4.7
2019-12-30,3.76,-1.4,1.5,5.36,50.2,54.4,0.4,1.825558,3.1015,1.2,3.021,8.18,3.49,-4.7
2019-12-31,3.76,-1.4,1.5,5.36,50.2,53.5,1.619433,0.0,3.1005,1.694,3.02,8.18,3.49,-4.7
2020-01-02,3.76,-1.4,1.5,5.36,50.2,53.5,1.619433,0.0,3.086,1.4436,2.994,8.18,3.49,-4.7
2020-01-03,3.76,-1.4,1.5,5.36,50.2,53.5,1.619433,0.0,3.071,1.162,2.96,8.18,3.49,-4.7
2020-01-06,3.76,-1.4,1.5,5.36,50.2,53.5,1.619433,0.0,3.05,1.003,2.92,8.18,3.49,-4.7
2020-01-07,3.76,-1.4,1.5,5.36,50.2,53.5,1.619433,0.0,3.04,1.215,2.899,8.18,3.49,-4.7
2020-01-08,3.76,-1.4,1.5,5.36,50.2,53.5,1.619433,0.0,3.032,1.553,2.881,8.18,3.49,-4.7
2020-01-09,4.46,-1.4,1.4,4.96,50.2,53.5,1.619433,0.0,3.021,1.69,2.867,8.18,3.49,-4.7
2020-01-10,4.46,-1.4,1.4,4.96,50.2,53.5,1.619433,0.0,3.015,1.7722,2.864,8.18,3.49,-4.7
2020-01-13,4.46,-1.4,1.4,4.96,50.2,53.5,1.619433,0.0,3.014,2.059,2.858,8.18,3.49,-4.7
2020-01-14,4.46,-1.4,1.4,4.96,50.2,53.5,1.619433,0.0,3.013,2.518,2.862,8.18,3.49,-4.7
2020-01-15,4.46,-1.4,1.4,4.96,50.2,53.5,1.619433,0.0,3.012,2.654,2.865,8.18,3.49,-4.7
2020-01-16,4.46,-1.4,1.4,4.96,50.2,53.5,1.619433,0.0,3.007,2.609,2.868,8.7,4.4,-4.3
2020-01-17,4.46,-1.4,1.4,4.96,50.2,53.5,1.619433,0.0,3.005,2.522,2.868,8.7,4.4,-4.3
2020-01-19,4.46,-1.4,1.4,4.96,50.2,53.5,1.619433,0.0,2.997,2.413,2.863,8.7,4.4,-4.3
2020-01-20,4.46,-1.4,1.4,4.96,50.2,53.5,1.619433,0.0,2.997,2.248,2.86,8.7,4.4,-4.3
2020-01-21,4.46,-1.4,1.4,4.96,50.2,53.5,1.619433,0.0,2.995,1.885,2.859,8.7,4.4,-4.3
2020-01-22,4.46,-1.4,1.4,4.96,50.2,53.5,1.619433,0.0,2.995,1.534,2.858,8.7,4.4,-4.3
2020-01-23,4.46,-1.4,1.4,4.96,50.2,53.5,1.619433,0.0,2.995,2.444,2.858,8.7,4.4,-4.3
2020-01-31,4.46,-1.4,1.4,4.96,50.0,54.1,1.010101,-0.398406,2.995,2.444,2.858,8.7,4.4,-4.3
2020-02-03,4.46,-1.4,1.4,4.96,50.0,54.1,1.010101,-0.398406,2.98,2.504,2.852,8.7,4.4,-4.3
2020-02-04,4.46,-1.4,1.4,4.96,50.0,54.1,1.010101,-0.398406,2.959,2.273,2.824,8.7,4.4,-4.3
2020-02-05,4.46,-1.4,1.4,4.96,50.0,54.1,1.010101,-0.398406,2.936,2.051,2.799,8.7,4.4,-4.3
2020-02-06,4.46,-1.4,1.4,4.96,50.0,54.1,1.010101,-0.398406,2.913,1.819,2.776,8.7,4.4,-4.3
2020-02-07,4.46,-1.4,1.4,4.96,50.0,54.1,1.010101,-0.398406,2.897,1.793,2.753,8.7,4.4,-4.3
2020-02-10,4.46,0.1,1.4,4.96,50.0,54.1,1.010101,-0.398406,2.877,1.652,2.723,8.7,4.4,-4.3
2020-02-11,4.46,0.1,1.4,4.96,50.0,54.1,1.010101,-0.398406,2.856,1.56,2.679,8.7,4.4,-4.3
2020-02-12,4.46,0.1,1.4,4.96,50.0,54.1,1.010101,-0.398406,2.845,1.521,2.639,8.7,4.4,-4.3
2020-02-13,4.46,0.1,1.4,4.96,50.0,54.1,1.010101,-0.398406,2.834,1.443,2.605,8.7,4.4,-4.3
2020-02-14,4.46,0.1,1.4,4.96,50.0,54.1,1.010101,-0.398406,2.817,1.256,2.565,8.7,4.4,-4.3
2020-02-17,4.46,0.1,1.4,4.96,50.0,54.1,1.010101,-0.398406,2.807,1.425,2.545,8.7,4.4,-4.3
2020-02-18,4.46,0.1,1.4,4.96,50.0,54.1,1.010101,-0.398406,2.786,1.503,2.525,8.7,4.4,-4.3
2020-02-19,4.46,0.1,1.4,4.96,50.0,54.1,1.010101,-0.398406,2.773,1.626,2.51,8.7,4.4,-4.3
2020-02-20,4.46,0.1,1.4,4.96,50.0,54.1,1.010101,-0.398406,2.767,1.403,2.5,8.42,0.0,-8.4
2020-02-21,4.46,0.1,1.4,4.96,50.0,54.1,1.010101,-0.398406,2.76,1.355,2.489,8.42,0.0,-8.4
2020-02-24,4.46,0.1,1.4,4.96,50.0,54.1,1.010101,-0.398406,2.755,1.533,2.476,8.42,0.0,-8.4
2020-02-25,4.46,0.1,1.4,4.96,50.0,54.1,1.010101,-0.398406,2.752,1.602,2.459,8.42,0.0,-8.4
2020-02-26,4.46,0.1,1.4,4.96,50.0,54.1,1.010101,-0.398406,2.744,1.499,2.442,8.42,0.0,-8.4
2020-02-27,4.46,0.1,1.4,4.96,50.0,54.1,1.010101,-0.398406,2.74,1.347,2.433,8.42,0.0,-8.4
2020-02-28,4.46,0.1,1.4,4.96,50.0,54.1,1.010101,-0.398406,2.735,1.628,2.429,8.42,0.0,-8.4
2020-02-29,4.46,0.1,1.4,4.96,35.7,29.6,-27.439024,-28.6,2.735,1.628,2.429,8.42,0.0,-8.4
2020-03-02,4.46,0.1,1.4,4.96,35.7,29.6,-27.439024,-28.6,2.722,1.714,2.408,8.42,0.0,-8.4
2020-03-03,4.46,0.1,1.4,4.96,35.7,29.6,-27.439024,-28.6,2.706,1.622,2.375,8.42,0.0,-8.4
2020-03-04,4.46,0.1,1.4,4.96,35.7,29.6,-27.439024,-28.6,2.679,1.462,2.332,8.42,0.0,-8.4
2020-03-05,4.46,0.1,1.4,4.96,35.7,29.6,-27.439024,-28.6,2.651,1.45,2.29,8.42,0.0,-8.4
2020-03-06,4.46,0.1,1.4,4.96,35.7,29.6,-27.439024,-28.6,2.616,1.362,2.258,8.42,0.0,-8.4
2020-03-09,4.46,0.1,1.4,4.96,35.7,29.6,-27.439024,-28.6,2.591,1.588,2.238,8.42,0.0,-8.4
2020-03-10,5.17,0.1,1.0,5.57,35.7,29.6,-27.439024,-28.6,2.586,2.014,2.225,8.42,0.0,-8.4
2020-03-11,5.17,0.1,1.0,5.57,35.7,29.6,-27.439024,-28.6,2.557,2.118,2.224,8.8,4.8,-4.0
2020-03-12,5.17,0.1,1.0,5.57,35.7,29.6,-27.439024,-28.6,2.534,1.664,2.223,8.8,4.8,-4.0
2020-03-13,5.17,0.1,1.0,5.57,35.7,29.6,-27.439024,-28.6,2.513,1.414,2.202,8.8,4.8,-4.0
2020-03-16,5.17,0.1,1.0,5.57,35.7,29.6,-27.439024,-28.6,2.491,1.231,2.175,8.8,4.8,-4.0
2020-03-17,5.17,0.1,1.0,5.57,35.7,29.6,-27.439024,-28.6,2.482,1.083,2.145,8.8,4.8,-4.0
2020-03-18,5.17,0.1,1.0,5.57,35.7,29.6,-27.439024,-28.6,2.464,0.963,2.12,8.8,4.8,-4.0
2020-03-19,5.17,0.1,1.0,5.57,35.7,29.6,-27.439024,-28.6,2.451,0.846,2.104,8.8,4.8,-4.0
2020-03-20,5.17,0.1,1.0,5.57,35.7,29.6,-27.439024,-28.6,2.438,0.795,2.087,8.8,4.8,-4.0
2020-03-23,5.17,0.1,1.0,5.57,35.7,29.6,-27.439024,-28.6,2.41,0.845,2.072,8.8,4.8,-4.0
2020-03-24,5.17,0.1,1.0,5.57,35.7,29.6,-27.439024,-28.6,2.392,0.814,2.056,8.8,4.8,-4.0
2020-03-25,5.17,0.1,1.0,5.57,35.7,29.6,-27.439024,-28.6,2.355,0.847,2.01,8.8,4.8,-4.0
2020-03-26,5.17,0.1,1.0,5.57,35.7,29.6,-27.439024,-28.6,2.324,0.845,1.977,8.8,4.8,-4.0
2020-03-27,5.17,0.1,1.0,5.57,35.7,29.6,-27.439024,-28.6,2.305,1.104,1.966,8.8,4.8,-4.0
2020-03-30,5.17,0.1,1.0,5.57,35.7,29.6,-27.439024,-28.6,2.274,1.374,1.948,8.8,4.8,-4.0
2020-03-31,5.17,0.1,1.0,5.57,52.0,52.3,2.970297,45.658263,2.25,1.614,1.933,8.8,4.8,-4.0
2020-04-01,5.17,0.1,1.0,5.57,52.0,52.3,2.970297,45.658263,2.226,1.403,1.918,8.8,4.8,-4.0
2020-04-02,5.17,0.1,1.0,5.57,52.0,52.3,2.970297,45.658263,2.202,1.278,1.889,8.8,4.8,-4.0
2020-04-03,5.17,0.1,1.0,5.57,52.0,52.3,2.970297,45.658263,2.165,1.001,1.844,8.8,4.8,-4.0
2020-04-07,5.17,0.1,1.0,5.57,52.0,52.3,2.970297,45.658263,2.07,0.806,1.73,8.8,4.8,-4.0
2020-04-08,5.17,0.1,1.0,5.57,52.0,52.3,2.970297,45.658263,1.951,0.893,1.647,8.8,4.8,-4.0
2020-04-09,5.17,0.1,1.0,5.57,52.0,52.3,2.970297,45.658263,1.855,1.182,1.558,8.8,4.8,-4.0
2020-04-10,5.17,-1.5,1.0,5.57,52.0,52.3,2.970297,45.658263,1.794,1.349,1.507,10.1,5.0,-5.1
2020-04-13,5.17,-1.5,1.0,5.57,52.0,52.3,2.970297,45.658263,1.758,1.378,1.485,10.1,5.0,-5.1
2020-04-14,5.17,-1.5,1.0,5.57,52.0,52.3,2.970297,45.658263,1.733,0.994,1.46,10.1,5.0,-5.1
2020-04-15,5.17,-1.5,1.0,5.57,52.0,52.3,2.970297,45.658263,1.712,0.801,1.447,10.1,5.0,-5.1
2020-04-16,5.17,-1.5,1.0,5.57,52.0,52.3,2.970297,45.658263,1.694,0.702,1.428,10.1,5.0,-5.1
2020-04-17,5.17,-1.5,1.0,5.57,52.0,52.3,2.970297,45.658263,1.683,0.716,1.403,10.1,5.0,-5.1
2020-04-20,5.17,-1.5,1.0,5.57,52.0,52.3,2.970297,45.658263,1.674,0.896,1.394,10.1,5.0,-5.1
2020-04-21,5.17,-1.5,1.0,5.57,52.0,52.3,2.970297,45.658263,1.674,0.901,1.396,10.1,5.0,-5.1
2020-04-22,5.17,-1.5,1.0,5.57,52.0,52.3,2.970297,45.658263,1.676,0.901,1.391,10.1,5.0,-5.1
2020-04-23,5.17,-1.5,1.0,5.57,52.0,52.3,2.970297,45.658263,1.683,0.893,1.396,10.1,5.0,-5.1
2020-04-24,5.17,-1.5,1.0,5.57,52.0,52.3,2.970297,45.658263,1.683,0.912,1.396,10.1,5.0,-5.1
2020-04-26,5.17,-1.5,1.0,5.57,52.0,52.3,2.970297,45.658263,1.682,0.908,1.397,10.1,5.0,-5.1
2020-04-27,5.17,-1.5,1.0,5.57,52.0,52.3,2.970297,45.658263,1.682,0.874,1.397,10.1,5.0,-5.1
2020-04-28,5.17,-1.5,1.0,5.57,52.0,52.3,2.970297,45.658263,1.681,0.874,1.398,10.1,5.0,-5.1
2020-04-29,5.17,-1.5,1.0,5.57,52.0,52.3,2.970297,45.658263,1.681,0.661,1.399,10.1,5.0,-5.1
2020-04-30,5.17,-1.5,1.0,5.57,50.8,53.2,1.397206,-2.307692,1.683,1.888,1.4,10.1,5.0,-5.1
2020-05-06,5.17,-1.5,1.0,5.57,50.8,53.2,1.397206,-2.307692,1.684,1.483,1.4,10.1,5.0,-5.1
2020-05-07,5.17,-1.5,1.0,5.57,50.8,53.2,1.397206,-2.307692,1.683,1.143,1.4,10.1,5.0,-5.1
2020-05-08,5.17,-1.5,1.0,5.57,50.8,53.2,1.397206,-2.307692,1.683,0.938,1.4,10.1,5.0,-5.1
2020-05-09,5.17,-1.5,1.0,5.57,50.8,53.2,1.397206,-2.307692,1.686,0.85,1.399,10.1,5.0,-5.1
2020-05-11,5.17,-1.5,1.0,5.57,50.8,53.2,1.397206,-2.307692,1.69,0.876,1.398,11.1,5.5,-5.6
2020-05-12,3.3,-1.5,1.1,6.4,50.8,53.2,1.397206,-2.307692,1.695,0.803,1.398,11.1,5.5,-5.6
2020-05-13,3.3,-1.5,1.1,6.4,50.8,53.2,1.397206,-2.307692,1.696,0.705,1.398,11.1,5.5,-5.6
2020-05-14,3.3,-1.5,1.1,6.4,50.8,53.2,1.397206,-2.307692,1.698,0.743,1.399,11.1,5.5,-5.6
2020-05-15,3.3,-1.5,1.1,6.4,50.8,53.2,1.397206,-2.307692,1.7,0.864,1.399,11.1,5.5,-5.6
2020-05-18,3.3,-1.5,1.1,6.4,50.8,53.2,1.397206,-2.307692,1.699,0.905,1.398,11.1,5.5,-5.6
2020-05-19,3.3,-1.5,1.1,6.4,50.8,53.2,1.397206,-2.307692,1.698,1.385,1.399,11.1,5.5,-5.6
2020-05-20,3.3,-1.5,1.1,6.4,50.8,53.2,1.397206,-2.307692,1.699,1.22,1.399,11.1,5.5,-5.6
2020-05-21,3.3,-1.5,1.1,6.4,50.8,53.2,1.397206,-2.307692,1.701,1.104,1.4,11.1,5.5,-5.6
2020-05-22,3.3,-1.5,1.1,6.4,50.8,53.2,1.397206,-2.307692,1.704,1.094,1.4,11.1,5.5,-5.6
2020-05-25,3.3,-1.5,1.1,6.4,50.8,53.2,1.397206,-2.307692,1.71,1.473,1.4,11.1,5.5,-5.6
2020-05-26,3.3,-1.5,1.1,6.4,50.8,53.2,1.397206,-2.307692,1.723,1.88,1.405,11.1,5.5,-5.6
2020-05-27,3.3,-1.5,1.1,6.4,50.8,53.2,1.397206,-2.307692,1.739,2.104,1.415,11.1,5.5,-5.6
2020-05-28,3.3,-1.5,1.1,6.4,50.8,53.2,1.397206,-2.307692,1.748,2.102,1.43,11.1,5.5,-5.6
2020-05-29,3.3,-1.5,1.1,6.4,50.8,53.2,1.397206,-2.307692,1.774,2.097,1.453,11.1,5.5,-5.6
2020-05-31,3.3,-1.5,1.1,6.4,50.6,53.6,2.42915,-0.393701,1.774,2.097,1.453,11.1,5.5,-5.6
2020-06-01,3.3,-1.5,1.1,6.4,50.6,53.6,2.42915,-0.393701,1.788,1.629,1.456,11.1,5.5,-5.6
2020-06-02,3.3,-1.5,1.1,6.4,50.6,53.6,2.42915,-0.393701,1.801,1.468,1.462,11.1,5.5,-5.6
2020-06-03,3.3,-1.5,1.1,6.4,50.6,53.6,2.42915,-0.393701,1.826,1.885,1.494,11.1,5.5,-5.6
2020-06-04,3.3,-1.5,1.1,6.4,50.6,53.6,2.42915,-0.393701,1.851,1.963,1.536,11.1,5.5,-5.6
2020-06-05,3.3,-1.5,1.1,6.4,50.6,53.6,2.42915,-0.393701,1.903,1.582,1.594,11.1,5.5,-5.6
2020-06-08,3.3,-1.5,1.1,6.4,50.6,53.6,2.42915,-0.393701,1.957,1.89,1.658,11.1,5.5,-5.6
2020-06-09,3.3,-1.5,1.1,6.4,50.6,53.6,2.42915,-0.393701,2.007,1.833,1.727,11.1,5.5,-5.6
2020-06-10,3.3,-3.7,1.1,6.4,50.6,53.6,2.42915,-0.393701,2.053,1.849,1.816,11.05,6.75,-4.3
2020-06-11,3.3,-3.7,1.1,6.4,50.6,53.6,2.42915,-0.393701,2.138,1.757,1.904,11.05,6.75,-4.3
2020-06-12,3.3,-3.7,1.1,6.4,50.6,53.6,2.42915,-0.393701,2.189,1.529,1.956,11.05,6.75,-4.3
2020-06-15,3.3,-3.7,1.1,6.4,50.6,53.6,2.42915,-0.393701,2.207,1.477,1.987,11.05,6.75,-4.3
2020-06-16,3.3,-3.7,1.1,6.4,50.6,53.6,2.42915,-0.393701,2.23,1.751,2.019,11.05,6.75,-4.3
2020-06-17,3.3,-3.7,1.1,6.4,50.6,53.6,2.42915,-0.393701,2.266,2.048,2.056,11.05,6.75,-4.3
2020-06-18,3.3,-3.7,1.1,6.4,50.6,53.6,2.42915,-0.393701,2.285,2.123,2.078,11.05,6.75,-4.3
2020-06-19,3.3,-3.7,1.1,6.4,50.6,53.6,2.42915,-0.393701,2.3,2.131,2.095,11.05,6.75,-4.3
2020-06-22,3.3,-3.7,1.1,6.4,50.6,53.6,2.42915,-0.393701,2.308,2.133,2.097,11.05,6.75,-4.3
2020-06-23,3.3,-3.7,1.1,6.4,50.6,53.6,2.42915,-0.393701,2.325,1.971,2.109,11.05,6.75,-4.3
2020-06-24,3.3,-3.7,1.1,6.4,50.6,53.6,2.42915,-0.393701,2.344,1.54,2.121,11.05,6.75,-4.3
2020-06-28,3.3,-3.7,1.1,6.4,50.6,53.6,2.42915,-0.393701,2.349,1.096,2.129,11.05,6.75,-4.3
2020-06-29,3.3,-3.7,1.1,6.4,50.6,53.6,2.42915,-0.393701,2.35,1.012,2.127,11.05,6.75,-4.3
2020-06-30,3.3,-3.7,1.1,6.4,50.9,54.4,3.036437,0.592885,2.358,1.785,2.126,11.05,6.75,-4.3
2020-07-01,3.3,-3.7,1.1,6.4,50.9,54.4,3.036437,0.592885,2.361,1.967,2.122,11.05,6.75,-4.3
2020-07-02,3.3,-3.7,1.1,6.4,50.9,54.4,3.036437,0.592885,2.368,1.745,2.113,11.05,6.75,-4.3
2020-07-03,3.3,-3.7,1.1,6.4,50.9,54.4,3.036437,0.592885,2.376,1.364,2.105,11.05,6.75,-4.3
2020-07-06,3.3,-3.7,1.1,6.4,50.9,54.4,3.036437,0.592885,2.384,1.346,2.104,11.05,6.75,-4.3
2020-07-07,3.3,-3.7,1.1,6.4,50.9,54.4,3.036437,0.592885,2.392,1.706,2.103,11.05,6.75,-4.3
2020-07-08,3.3,-3.7,1.1,6.4,50.9,54.4,3.036437,0.592885,2.404,2.088,2.111,11.05,6.75,-4.3
2020-07-09,2.48,-3.7,0.9,5.48,50.9,54.4,3.036437,0.592885,2.42,2.189,2.122,11.05,6.75,-4.3
2020-07-10,2.48,-3.7,0.9,5.48,50.9,54.4,3.036437,0.592885,2.433,2.197,2.143,11.1,6.5,-4.6
2020-07-13,2.48,-3.7,0.9,5.48,50.9,54.4,3.036437,0.592885,2.455,2.128,2.163,11.1,6.5,-4.6
2020-07-14,2.48,-3.7,0.9,5.48,50.9,54.4,3.036437,0.592885,2.48,1.67,2.192,11.1,6.5,-4.6
2020-07-15,2.48,-3.7,0.9,5.48,50.9,54.4,3.036437,0.592885,2.516,2.022,2.241,11.1,6.5,-4.6
2020-07-16,2.48,-3.7,0.9,5.48,50.9,54.4,3.036437,0.592885,2.574,2.2465,2.286,11.1,6.5,-4.6
2020-07-17,2.48,-3.7,0.9,5.48,50.9,54.4,3.036437,0.592885,2.637,2.328,2.356,11.1,6.5,-4.6
2020-07-20,2.48,-3.7,0.9,5.48,50.9,54.4,3.036437,0.592885,2.671,1.9565,2.404,11.1,6.5,-4.6
2020-07-21,2.48,-3.7,0.9,5.48,50.9,54.4,3.036437,0.592885,2.727,1.584,2.466,11.1,6.5,-4.6
2020-07-22,2.48,-3.7,0.9,5.48,50.9,54.4,3.036437,0.592885,2.758,1.336,2.501,11.1,6.5,-4.6
2020-07-23,2.48,-3.7,0.9,5.48,50.9,54.4,3.036437,0.592885,2.783,1.858,2.541,11.1,6.5,-4.6
2020-07-24,2.48,-3.7,0.9,5.48,50.9,54.4,3.036437,0.592885,2.796,1.843,2.557,11.1,6.5,-4.6
2020-07-27,2.48,-3.7,0.9,5.48,50.9,54.4,3.036437,0.592885,2.804,1.994,2.574,11.1,6.5,-4.6
2020-07-28,2.48,-3.7,0.9,5.48,50.9,54.4,3.036437,0.592885,2.807,1.753,2.578,11.1,6.5,-4.6
2020-07-29,2.48,-3.7,0.9,5.48,50.9,54.4,3.036437,0.592885,2.815,1.45,2.586,11.1,6.5,-4.6
2020-07-30,2.48,-3.7,0.9,5.48,50.9,54.4,3.036437,0.592885,2.82,1.369,2.59,11.1,6.5,-4.6
2020-07-31,2.48,-3.7,0.9,5.48,51.1,54.2,2.816901,0.392927,2.828,1.788,2.593,11.1,6.5,-4.6
2020-08-03,2.48,-3.7,0.9,5.48,51.1,54.2,2.816901,0.392927,2.828,1.57,2.595,11.1,6.5,-4.6
2020-08-04,2.48,-3.7,0.9,5.48,51.1,54.2,2.816901,0.392927,2.837,1.925,2.598,11.1,6.5,-4.6
2020-08-05,2.48,-3.7,0.9,5.48,51.1,54.2,2.816901,0.392927,2.846,1.69,2.6,11.1,6.5,-4.6
2020-08-06,2.48,-3.7,0.9,5.48,51.1,54.2,2.816901,0.392927,2.85,1.661,2.6,11.1,6.5,-4.6
2020-08-07,2.48,-3.7,0.9,5.48,51.1,54.2,2.816901,0.392927,2.852,2.057,2.603,11.1,6.5,-4.6
2020-08-10,2.7,-3.7,0.5,5.1,51.1,54.2,2.816901,0.392927,2.853,2.129,2.601,11.1,6.5,-4.6
2020-08-11,2.7,-3.7,0.5,5.1,51.1,54.2,2.816901,0.392927,2.855,2.201,2.6,10.7,6.9,-3.8
2020-08-12,2.7,-3.7,0.5,5.1,51.1,54.2,2.816901,0.392927,2.862,2.152,2.601,10.7,6.9,-3.8
2020-08-13,2.7,-3.7,0.5,5.1,51.1,54.2,2.816901,0.392927,2.866,2.162,2.601,10.7,6.9,-3.8
2020-08-14,2.7,-3.7,0.5,5.1,51.1,54.2,2.816901,0.392927,2.872,2.175,2.601,10.7,6.9,-3.8
2020-08-17,2.7,-3.7,0.5,5.1,51.1,54.2,2.816901,0.392927,2.878,2.128,2.602,10.7,6.9,-3.8
2020-08-18,2.7,-3.7,0.5,5.1,51.1,54.2,2.816901,0.392927,2.886,2.115,2.6,10.7,6.9,-3.8
2020-08-19,2.7,-3.7,0.5,5.1,51.1,54.2,2.816901,0.392927,2.893,2.148,2.6,10.7,6.9,-3.8
2020-08-20,2.7,-3.7,0.5,5.1,51.1,54.2,2.816901,0.392927,2.896,2.172,2.601,10.7,6.9,-3.8
2020-08-21,2.7,-3.7,0.5,5.1,51.1,54.2,2.816901,0.392927,2.9,2.258,2.601,10.7,6.9,-3.8
2020-08-24,2.7,-3.7,0.5,5.1,51.1,54.2,2.816901,0.392927,2.901,2.3595,2.604,10.7,6.9,-3.8
2020-08-25,2.7,-3.7,0.5,5.1,51.1,54.2,2.816901,0.392927,2.905,1.969,2.606,10.7,6.9,-3.8
2020-08-26,2.7,-3.7,0.5,5.1,51.1,54.2,2.816901,0.392927,2.907,1.63,2.612,10.7,6.9,-3.8
2020-08-27,2.7,-3.7,0.5,5.1,51.1,54.2,2.816901,0.392927,2.917,1.477,2.621,10.7,6.9,-3.8
2020-08-28,2.7,-3.7,0.5,5.1,51.1,54.2,2.816901,0.392927,2.922,1.345,2.63,10.7,6.9,-3.8
2020-08-31,2.7,-3.7,0.5,5.1,51.0,55.2,3.030303,-0.195695,2.933,1.766,2.636,10.7,6.9,-3.8
2020-09-01,2.7,-3.7,0.5,5.1,51.0,55.2,3.030303,-0.195695,2.942,2.104,2.64,10.7,6.9,-3.8
2020-09-02,2.7,-3.7,0.5,5.1,51.0,55.2,3.030303,-0.195695,2.945,2.094,2.646,10.7,6.9,-3.8
2020-09-03,2.7,-3.7,0.5,5.1,51.0,55.2,3.030303,-0.195695,2.951,1.742,2.654,10.7,6.9,-3.8
2020-09-04,2.7,-3.7,0.5,5.1,51.0,55.2,3.030303,-0.195695,2.953,2.052,2.661,10.7,6.9,-3.8
2020-09-07,2.7,-3.7,0.5,5.1,51.0,55.2,3.030303,-0.195695,2.965,2.088,2.676,10.7,6.9,-3.8
2020-09-08,2.7,-3.7,0.5,5.1,51.0,55.2,3.030303,-0.195695,2.982,2.051,2.688,10.7,6.9,-3.8
2020-09-09,2.38,-3.7,0.5,4.38,51.0,55.2,3.030303,-0.195695,2.988,1.607,2.693,10.7,6.9,-3.8
2020-09-10,2.38,-3.7,0.5,4.38,51.0,55.2,3.030303,-0.195695,2.992,1.34,2.695,10.7,6.9,-3.8
2020-09-11,2.38,-3.7,0.5,4.38,51.0,55.2,3.030303,-0.195695,2.999,1.464,2.697,10.4,8.0,-2.4
2020-09-14,2.38,-3.7,0.5,4.38,51.0,55.2,3.030303,-0.195695,3.002,1.607,2.697,10.4,8.0,-2.4
2020-09-15,2.38,-3.7,0.5,4.38,51.0,55.2,3.030303,-0.195695,3.003,1.731,2.696,10.4,8.0,-2.4
2020-09-16,2.38,-3.7,0.5,4.38,51.0,55.2,3.030303,-0.195695,3.0,1.404,2.688,10.4,8.0,-2.4
2020-09-17,2.38,-3.7,0.5,4.38,51.0,55.2,3.030303,-0.195695,3.0,1.769,2.686,10.4,8.0,-2.4
2020-09-18,2.38,-3.7,0.5,4.38,51.0,55.2,3.030303,-0.195695,3.0,2.101,2.679,10.4,8.0,-2.4
2020-09-21,2.38,-3.7,0.5,4.38,51.0,55.2,3.030303,-0.195695,3.001,2.204,2.673,10.4,8.0,-2.4
2020-09-22,2.38,-3.7,0.5,4.38,51.0,55.2,3.030303,-0.195695,3.002,2.286,2.67,10.4,8.0,-2.4
2020-09-23,2.38,-3.7,0.5,4.38,51.0,55.2,3.030303,-0.195695,3.002,1.884,2.67,10.4,8.0,-2.4
2020-09-24,2.38,-3.7,0.5,4.38,51.0,55.2,3.030303,-0.195695,3.008,1.424,2.668,10.4,8.0,-2.4
2020-09-25,2.38,-3.7,0.5,4.38,51.0,55.2,3.030303,-0.195695,3.009,1.113,2.668,10.4,8.0,-2.4
2020-09-27,2.38,-3.7,0.5,4.38,51.0,55.2,3.030303,-0.195695,3.009,0.685,2.671,10.4,8.0,-2.4
2020-09-28,2.38,-3.7,0.5,4.38,51.0,55.2,3.030303,-0.195695,3.01,0.602,2.673,10.4,8.0,-2.4
2020-09-29,2.38,-3.7,0.5,4.38,51.0,55.2,3.030303,-0.195695,3.016,0.913,2.684,10.4,8.0,-2.4
2020-09-30,2.38,-3.7,0.5,4.38,51.5,55.9,3.413655,0.980392,3.021,2.361,2.691,10.4,8.0,-2.4
2020-10-09,2.38,-3.7,0.5,4.38,51.5,55.9,3.413655,0.980392,3.024,2.038,2.708,10.4,8.0,-2.4
2020-10-10,2.38,-3.7,0.5,4.38,51.5,55.9,3.413655,0.980392,3.028,1.628,2.715,10.4,8.0,-2.4
2020-10-12,2.38,-3.7,0.5,4.38,51.5,55.9,3.413655,0.980392,3.031,1.53,2.722,10.4,8.0,-2.4
2020-10-13,2.38,-3.7,0.5,4.38,51.5,55.9,3.413655,0.980392,3.039,1.7,2.734,10.4,8.0,-2.4
2020-10-14,2.38,-3.7,0.5,4.38,51.5,55.9,3.413655,0.980392,3.045,1.962,2.757,10.9,8.1,-2.8
2020-10-15,2.38,-2.1,0.5,4.38,51.5,55.9,3.413655,0.980392,3.057,2.063,2.774,10.9,8.1,-2.8
2020-10-16,2.38,-2.1,0.5,4.38,51.5,55.9,3.413655,0.980392,3.066,2.017,2.786,10.9,8.1,-2.8
2020-10-19,2.38,-2.1,0.5,4.38,51.5,55.9,3.413655,0.980392,3.074,2.187,2.803,10.9,8.1,-2.8
2020-10-20,2.38,-2.1,0.5,4.38,51.5,55.9,3.413655,0.980392,3.081,2.162,2.829,10.9,8.1,-2.8
2020-10-21,2.38,-2.1,0.5,4.38,51.5,55.9,3.413655,0.980392,3.09,1.988,2.855,10.9,8.1,-2.8
2020-10-22,2.38,-2.1,0.5,4.38,51.5,55.9,3.413655,0.980392,3.101,1.911,2.877,10.9,8.1,-2.8
2020-10-23,2.38,-2.1,0.5,4.38,51.5,55.9,3.413655,0.980392,3.116,2.161,2.895,10.9,8.1,-2.8
2020-10-26,2.38,-2.1,0.5,4.38,51.5,55.9,3.413655,0.980392,3.131,2.18,2.913,10.9,8.1,-2.8
2020-10-27,2.38,-2.1,0.5,4.38,51.5,55.9,3.413655,0.980392,3.146,2.38,2.933,10.9,8.1,-2.8
2020-10-28,2.38,-2.1,0.5,4.38,51.5,55.9,3.413655,0.980392,3.157,2.379,2.952,10.9,8.1,-2.8
2020-10-29,2.38,-2.1,0.5,4.38,51.5,55.9,3.413655,0.980392,3.167,2.125,2.96,10.9,8.1,-2.8
2020-10-30,2.38,-2.1,0.5,4.38,51.5,55.9,3.413655,0.980392,3.18,2.236,2.972,10.9,8.1,-2.8
2020-10-31,2.38,-2.1,0.5,4.38,51.4,56.2,4.259635,-0.194175,3.18,2.236,2.972,10.9,8.1,-2.8
2020-11-02,2.38,-2.1,0.5,4.38,51.4,56.2,4.259635,-0.194175,3.187,2.322,2.982,10.9,8.1,-2.8
2020-11-03,2.38,-2.1,0.5,4.38,51.4,56.2,4.259635,-0.194175,3.192,1.868,2.989,10.9,8.1,-2.8
2020-11-04,2.38,-2.1,0.5,4.38,51.4,56.2,4.259635,-0.194175,3.194,1.449,2.993,10.9,8.1,-2.8
2020-11-05,2.38,-2.1,0.5,4.38,51.4,56.2,4.259635,-0.194175,3.196,1.377,2.996,10.9,8.1,-2.8
2020-11-06,2.38,-2.1,0.5,4.38,51.4,56.2,4.259635,-0.194175,3.199,1.79,3.001,10.9,8.1,-2.8
2020-11-09,2.38,-2.1,0.5,4.38,51.4,56.2,4.259635,-0.194175,3.2,2.193,3.001,10.9,8.1,-2.8
2020-11-10,0.5,-2.1,0.5,2.6,51.4,56.2,4.259635,-0.194175,3.201,2.333,3.002,10.9,8.1,-2.8
2020-11-11,0.5,-2.1,0.5,2.6,51.4,56.2,4.259635,-0.194175,3.201,2.314,3.002,10.5,9.1,-1.4
2020-11-12,0.5,-2.1,0.5,2.6,51.4,56.2,4.259635,-0.194175,3.204,2.521,3.002,10.5,9.1,-1.4
2020-11-13,0.5,-2.1,0.5,2.6,51.4,56.2,4.259635,-0.194175,3.205,2.523,3.003,10.5,9.1,-1.4
2020-11-16,0.5,-2.1,0.5,2.6,51.4,56.2,4.259635,-0.194175,3.207,2.252,3.002,10.5,9.1,-1.4
2020-11-17,0.5,-2.1,0.5,2.6,51.4,56.2,4.259635,-0.194175,3.21,1.798,3.003,10.5,9.1,-1.4
2020-11-18,0.5,-2.1,0.5,2.6,51.4,56.2,4.259635,-0.194175,3.22,1.72,3.009,10.5,9.1,-1.4
2020-11-19,0.5,-2.1,0.5,2.6,51.4,56.2,4.259635,-0.194175,3.23,1.918,3.014,10.5,9.1,-1.4
2020-11-20,0.5,-2.1,0.5,2.6,51.4,56.2,4.259635,-0.194175,3.242,1.959,3.021,10.5,9.1,-1.4
2020-11-23,0.5,-2.1,0.5,2.6,51.4,56.2,4.259635,-0.194175,3.253,1.839,3.047,10.5,9.1,-1.4
2020-11-24,0.5,-2.1,0.5,2.6,51.4,56.2,4.259635,-0.194175,3.255,1.828,3.069,10.5,9.1,-1.4
2020-11-25,0.5,-2.1,0.5,2.6,51.4,56.2,4.259635,-0.194175,3.266,1.578,3.077,10.5,9.1,-1.4
2020-11-26,0.5,-2.1,0.5,2.6,51.4,56.2,4.259635,-0.194175,3.278,1.298,3.113,10.5,9.1,-1.4
2020-11-27,0.5,-2.1,0.5,2.6,51.4,56.2,4.259635,-0.194175,3.289,0.836,3.136,10.5,9.1,-1.4
2020-11-30,0.5,-2.1,0.5,2.6,52.1,56.4,3.784861,1.361868,3.291,1.115,3.123,10.5,9.1,-1.4
2020-12-01,0.5,-2.1,0.5,2.6,52.1,56.4,3.784861,1.361868,3.274,0.764,3.109,10.5,9.1,-1.4
2020-12-02,0.5,-2.1,0.5,2.6,52.1,56.4,3.784861,1.361868,3.265,0.742,3.103,10.5,9.1,-1.4
2020-12-03,0.5,-2.1,0.5,2.6,52.1,56.4,3.784861,1.361868,3.261,0.901,3.089,10.5,9.1,-1.4
2020-12-04,0.5,-2.1,0.5,2.6,52.1,56.4,3.784861,1.361868,3.2578,1.086,3.083,10.5,9.1,-1.4
2020-12-07,0.5,-2.1,0.5,2.6,52.1,56.4,3.784861,1.361868,3.257,1.366,3.076,10.5,9.1,-1.4
2020-12-08,0.5,-2.1,0.5,2.6,52.1,56.4,3.784861,1.361868,3.259,1.302,3.073,10.5,9.1,-1.4
2020-12-09,-0.5,-2.1,0.5,1.0,52.1,56.4,3.784861,1.361868,3.256,1.065,3.05,10.7,10.0,-0.7
2020-12-10,-0.5,-2.1,0.5,1.0,52.1,56.4,3.784861,1.361868,3.247,0.979,3.024,10.7,10.0,-0.7
2020-12-11,-0.5,-2.1,0.5,1.0,52.1,56.4,3.784861,1.361868,3.239,1.431,3.016,10.7,10.0,-0.7
2020-12-14,-0.5,-2.1,0.5,1.0,52.1,56.4,3.784861,1.361868,3.231,1.702,3.0,10.7,10.0,-0.7
2020-12-15,-0.5,-2.1,0.5,1.0,52.1,56.4,3.784861,1.361868,3.2,1.403,2.983,10.7,10.0,-0.7
2020-12-16,-0.5,-2.1,0.5,1.0,52.1,56.4,3.784861,1.361868,3.149,0.974,2.952,10.7,10.0,-0.7
2020-12-17,-0.5,-2.1,0.5,1.0,52.1,56.4,3.784861,1.361868,3.099,1.356,2.905,10.7,10.0,-0.7
2020-12-18,-0.5,-2.1,0.5,1.0,52.1,56.4,3.784861,1.361868,3.066,1.723,2.855,10.7,10.0,-0.7
2020-12-21,-0.5,-2.1,0.5,1.0,52.1,56.4,3.784861,1.361868,3.047,1.489,2.818,10.7,10.0,-0.7
2020-12-22,-0.5,-2.1,0.5,1.0,52.1,56.4,3.784861,1.361868,3.04,1.015,2.796,10.7,10.0,-0.7
2020-12-23,-0.5,-2.1,0.5,1.0,52.1,56.4,3.784861,1.361868,3.033,0.623,2.787,10.7,10.0,-0.7
2020-12-24,-0.5,-2.1,0.5,1.0,52.1,56.4,3.784861,1.361868,3.029,0.609,2.776,10.7,10.0,-0.7
2020-12-25,-0.5,-2.1,0.5,1.0,52.1,56.4,3.784861,1.361868,3.015,0.793,2.766,10.7,10.0,-0.7
2020-12-28,-0.5,-2.1,0.5,1.0,52.1,56.4,3.784861,1.361868,3.009,0.673,2.761,10.7,10.0,-0.7
2020-12-29,-0.5,-2.1,0.5,1.0,52.1,56.4,3.784861,1.361868,3.001,0.624,2.757,10.7,10.0,-0.7
2020-12-30,-0.5,-2.1,0.5,1.0,52.1,56.4,3.784861,1.361868,3.0,0.644,2.755,10.7,10.0,-0.7
2020-12-31,-0.5,-2.1,0.5,1.0,51.9,55.7,3.386454,-0.383877,3.0,1.093,2.756,10.7,10.0,-0.7
2021-01-04,-0.5,-2.1,0.5,1.0,51.9,55.7,3.386454,-0.383877,2.993,0.899,2.746,10.7,10.0,-0.7
2021-01-05,-0.5,-2.1,0.5,1.0,51.9,55.7,3.386454,-0.383877,2.985,0.729,2.734,10.7,10.0,-0.7
2021-01-06,-0.5,-2.1,0.5,1.0,51.9,55.7,3.386454,-0.383877,2.962,0.616,2.707,10.7,10.0,-0.7
2021-01-07,-0.5,-2.1,0.5,1.0,51.9,55.7,3.386454,-0.383877,2.936,0.921,2.677,10.7,10.0,-0.7
2021-01-08,-0.5,-2.1,0.5,1.0,51.9,55.7,3.386454,-0.383877,2.91,0.965,2.645,10.7,10.0,-0.7
2021-01-11,0.2,-2.1,0.4,0.6,51.9,55.7,3.386454,-0.383877,2.889,1.216,2.618,10.7,10.0,-0.7
2021-01-12,0.2,-2.1,0.4,0.6,51.9,55.7,3.386454,-0.383877,2.88,1.333,2.599,10.1,8.6,-1.5
2021-01-13,0.2,-2.1,0.4,0.6,51.9,55.7,3.386454,-0.383877,2.871,1.401,2.59,10.1,8.6,-1.5
2021-01-14,0.2,-2.1,0.4,0.6,51.9,55.7,3.386454,-0.383877,2.864,1.675,2.582,10.1,8.6,-1.5
2021-01-15,0.2,-2.1,0.4,0.6,51.9,55.7,3.386454,-0.383877,2.859,1.738,2.581,10.1,8.6,-1.5
2021-01-18,0.2,-2.1,0.4,0.6,51.9,55.7,3.386454,-0.383877,2.857,2.125,2.578,10.1,8.6,-1.5
2021-01-19,0.2,-2.1,0.4,0.6,51.9,55.7,3.386454,-0.383877,2.858,2.236,2.573,10.1,8.6,-1.5
2021-01-20,0.2,-2.1,0.4,0.6,51.9,55.7,3.386454,-0.383877,2.866,2.457,2.575,10.1,8.6,-1.5
2021-01-21,0.2,-2.1,0.4,0.6,51.9,55.7,3.386454,-0.383877,2.875,2.573,2.578,10.1,8.6,-1.5
2021-01-22,0.2,-2.1,0.4,0.6,51.9,55.7,3.386454,-0.383877,2.883,2.436,2.578,10.1,8.6,-1.5
2021-01-25,0.2,-2.1,0.4,0.6,51.9,55.7,3.386454,-0.383877,2.892,2.45,2.579,10.1,8.6,-1.5
2021-01-26,0.2,-2.1,0.4,0.6,51.9,55.7,3.386454,-0.383877,2.906,2.726,2.589,10.1,8.6,-1.5
2021-01-27,0.2,-2.1,0.4,0.6,51.9,55.7,3.386454,-0.383877,2.936,2.97,2.619,10.1,8.6,-1.5
2021-01-28,0.2,-2.1,0.4,0.6,51.9,55.7,3.386454,-0.383877,2.962,3.024,2.705,10.1,8.6,-1.5
2021-01-29,0.2,-2.1,0.4,0.6,51.9,55.7,3.386454,-0.383877,2.989,3.282,2.765,10.1,8.6,-1.5
2021-01-31,0.2,-2.1,0.4,0.6,51.3,52.4,2.6,-1.156069,2.989,3.282,2.765,10.1,8.6,-1.5
2021-02-01,0.2,-2.1,0.4,0.6,51.3,52.4,2.6,-1.156069,2.998,2.795,2.773,10.1,8.6,-1.5
2021-02-02,0.2,-2.1,0.4,0.6,51.3,52.4,2.6,-1.156069,3.003,2.313,2.775,10.1,8.6,-1.5
2021-02-03,0.2,-2.1,0.4,0.6,51.3,52.4,2.6,-1.156069,3.002,1.859,2.776,10.1,8.6,-1.5
2021-02-04,0.2,-2.1,0.4,0.6,51.3,52.4,2.6,-1.156069,3.002,2.075,2.776,10.1,8.6,-1.5
2021-02-05,0.2,-2.1,0.4,0.6,51.3,52.4,2.6,-1.156069,3.007,1.909,2.779,10.1,8.6,-1.5
2021-02-07,0.2,-2.1,0.4,0.6,51.3,52.4,2.6,-1.156069,3.013,1.573,2.78,10.1,8.6,-1.5
2021-02-08,0.2,-2.1,0.4,0.6,51.3,52.4,2.6,-1.156069,3.024,1.906,2.791,10.1,8.6,-1.5
2021-02-09,0.2,-2.1,0.4,0.6,51.3,52.4,2.6,-1.156069,3.034,1.772,2.808,9.4,14.7,5.3
2021-02-10,0.2,0.3,0.4,0.6,51.3,52.4,2.6,-1.156069,3.038,1.925,2.812,9.4,14.7,5.3
2021-02-18,0.2,0.3,0.4,0.6,51.3,52.4,2.6,-1.156069,3.038,2.341,2.815,9.4,14.7,5.3
2021-02-19,0.2,0.3,0.4,0.6,51.3,52.4,2.6,-1.156069,3.052,1.886,2.824,9.4,14.7,5.3
2021-02-20,0.2,0.3,0.4,0.6,51.3,52.4,2.6,-1.156069,3.063,1.457,2.832,9.4,14.7,5.3
2021-02-22,0.2,0.3,0.4,0.6,51.3,52.4,2.6,-1.156069,3.076,1.512,2.845,9.4,14.7,5.3
2021-02-23,0.2,0.3,0.4,0.6,51.3,52.4,2.6,-1.156069,3.085,1.984,2.848,9.4,14.7,5.3
2021-02-24,0.2,0.3,0.4,0.6,51.3,52.4,2.6,-1.156069,3.094,1.512,2.843,9.4,14.7,5.3
2021-02-25,0.2,0.3,0.4,0.6,51.3,52.4,2.6,-1.156069,3.101,1.703,2.836,9.4,14.7,5.3
2021-02-26,0.2,0.3,0.4,0.6,51.3,52.4,2.6,-1.156069,3.104,2.092,2.833,9.4,14.7,5.3
2021-02-28,0.2,0.3,0.4,0.6,50.6,51.4,41.736695,-1.364522,3.104,2.092,2.833,9.4,14.7,5.3
2021-03-01,0.2,0.3,0.4,0.6,50.6,51.4,41.736695,-1.364522,3.105,2.154,2.813,9.4,14.7,5.3
2021-03-02,0.2,0.3,0.4,0.6,50.6,51.4,41.736695,-1.364522,3.106,1.775,2.804,9.4,14.7,5.3
2021-03-03,0.2,0.3,0.4,0.6,50.6,51.4,41.736695,-1.364522,3.103,1.471,2.794,9.4,14.7,5.3
2021-03-04,0.2,0.3,0.4,0.6,50.6,51.4,41.736695,-1.364522,3.104,1.926,2.781,9.4,14.7,5.3
2021-03-05,0.2,0.3,0.4,0.6,50.6,51.4,41.736695,-1.364522,3.102,1.565,2.766,9.4,14.7,5.3
2021-03-08,0.2,0.3,0.4,0.6,50.6,51.4,41.736695,-1.364522,3.102,1.704,2.749,9.4,14.7,5.3
2021-03-09,0.2,0.3,0.4,0.6,50.6,51.4,41.736695,-1.364522,3.102,2.024,2.74,9.4,14.7,5.3
2021-03-10,-0.2,0.3,0.0,-1.9,50.6,51.4,41.736695,-1.364522,3.102,1.747,2.737,10.1,7.4,-2.7
2021-03-11,-0.2,0.3,0.0,-1.9,50.6,51.4,41.736695,-1.364522,3.102,1.796,2.733,10.1,7.4,-2.7
2021-03-12,-0.2,0.3,0.0,-1.9,50.6,51.4,41.736695,-1.364522,3.101,1.787,2.719,10.1,7.4,-2.7
2021-03-15,-0.2,0.3,0.0,-1.9,50.6,51.4,41.736695,-1.364522,3.102,2.245,2.709,10.1,7.4,-2.7
2021-03-16,-0.2,0.3,0.0,-1.9,50.6,51.4,41.736695,-1.364522,3.102,2.14,2.705,10.1,7.4,-2.7
2021-03-17,-0.2,0.3,0.0,-1.9,50.6,51.4,41.736695,-1.364522,3.1,1.968,2.704,10.1,7.4,-2.7
2021-03-18,-0.2,0.3,0.0,-1.9,50.6,51.4,41.736695,-1.364522,3.1,2.206,2.703,10.1,7.4,-2.7
2021-03-19,-0.2,0.3,0.0,-1.9,50.6,51.4,41.736695,-1.364522,3.1,2.135,2.698,10.1,7.4,-2.7
2021-03-22,-0.2,0.3,0.0,-1.9,50.6,51.4,41.736695,-1.364522,3.097,2.052,2.694,10.1,7.4,-2.7
2021-03-23,-0.2,0.3,0.0,-1.9,50.6,51.4,41.736695,-1.364522,3.094,1.976,2.689,10.1,7.4,-2.7
2021-03-24,-0.2,0.3,0.0,-1.9,50.6,51.4,41.736695,-1.364522,3.09,1.822,2.681,10.1,7.4,-2.7
2021-03-25,-0.2,0.3,0.0,-1.9,50.6,51.4,41.736695,-1.364522,3.089,2.029,2.6685,10.1,7.4,-2.7
2021-03-26,-0.2,0.3,0.0,-1.9,50.6,51.4,41.736695,-1.364522,3.086,1.762,2.65,10.1,7.4,-2.7
2021-03-29,-0.2,0.3,0.0,-1.9,50.6,51.4,41.736695,-1.364522,3.083,1.814,2.642,10.1,7.4,-2.7
2021-03-30,-0.2,0.3,0.0,-1.9,50.6,51.4,41.736695,-1.364522,3.081,1.825,2.639,10.1,7.4,-2.7
2021-03-31,-0.2,0.3,0.0,-1.9,51.9,56.3,-0.192308,2.56917,3.08,2.124,2.635,10.1,7.4,-2.7
2021-04-01,-0.2,0.3,0.0,-1.9,51.9,56.3,-0.192308,2.56917,3.08,2.143,2.635,10.1,7.4,-2.7
2021-04-02,-0.2,0.3,0.0,-1.9,51.9,56.3,-0.192308,2.56917,3.079,1.734,2.634,10.1,7.4,-2.7
2021-04-06,-0.2,0.3,0.0,-1.9,51.9,56.3,-0.192308,2.56917,3.072,1.765,2.629,10.1,7.4,-2.7
2021-04-07,-0.2,0.3,0.0,-1.9,51.9,56.3,-0.192308,2.56917,3.068,1.824,2.62,10.1,7.4,-2.7
2021-04-08,-0.2,0.3,0.0,-1.9,51.9,56.3,-0.192308,2.56917,3.062,1.76,2.615,10.1,7.4,-2.7
2021-04-09,-0.2,4.4,0.0,-1.9,51.9,56.3,-0.192308,2.56917,3.059,1.784,2.612,10.1,7.4,-2.7
2021-04-12,-0.2,4.4,0.0,-1.9,51.9,56.3,-0.192308,2.56917,3.055,1.792,2.608,9.4,7.1,-2.3
2021-04-13,-0.2,4.4,0.0,-1.9,51.9,56.3,-0.192308,2.56917,3.051,1.781,2.605,9.4,7.1,-2.3
2021-04-14,-0.2,4.4,0.0,-1.9,51.9,56.3,-0.192308,2.56917,3.042,1.81,2.603,9.4,7.1,-2.3
2021-04-15,-0.2,4.4,0.0,-1.9,51.9,56.3,-0.192308,2.56917,3.037,1.81,2.602,9.4,7.1,-2.3
2021-04-16,-0.2,4.4,0.0,-1.9,51.9,56.3,-0.192308,2.56917,3.032,1.946,2.601,9.4,7.1,-2.3
2021-04-19,-0.2,4.4,0.0,-1.9,51.9,56.3,-0.192308,2.56917,3.026,2.118,2.6,9.4,7.1,-2.3
2021-04-20,-0.2,4.4,0.0,-1.9,51.9,56.3,-0.192308,2.56917,3.02,1.854,2.6,9.4,7.1,-2.3
2021-04-21,-0.2,4.4,0.0,-1.9,51.9,56.3,-0.192308,2.56917,3.009,1.864,2.6,9.4,7.1,-2.3
2021-04-22,-0.2,4.4,0.0,-1.9,51.9,56.3,-0.192308,2.56917,3.001,2.127,2.6,9.4,7.1,-2.3
2021-04-23,-0.2,4.4,0.0,-1.9,51.9,56.3,-0.192308,2.56917,3.0,1.942,2.6,9.4,7.1,-2.3
2021-04-25,-0.2,4.4,0.0,-1.9,51.9,56.3,-0.192308,2.56917,2.995,2.018,2.595,9.4,7.1,-2.3
2021-04-26,-0.2,4.4,0.0,-1.9,51.9,56.3,-0.192308,2.56917,2.987,2.075,2.594,9.4,7.1,-2.3
2021-04-27,-0.2,4.4,0.0,-1.9,51.9,56.3,-0.192308,2.56917,2.981,1.814,2.592,9.4,7.1,-2.3
2021-04-28,-0.2,4.4,0.0,-1.9,51.9,56.3,-0.192308,2.56917,2.98,1.78,2.592,9.4,7.1,-2.3
2021-04-29,-0.2,4.4,0.0,-1.9,51.9,56.3,-0.192308,2.56917,2.978,1.823,2.585,9.4,7.1,-2.3
2021-04-30,-0.2,4.4,0.0,-1.9,51.1,54.9,0.590551,-1.541426,2.972,2.285,2.58,9.4,7.1,-2.3
2021-05-06,-0.2,4.4,0.0,-1.9,51.1,54.9,0.590551,-1.541426,2.966,2.097,2.576,9.4,7.1,-2.3
2021-05-07,-0.2,4.4,0.0,-1.9,51.1,54.9,0.590551,-1.541426,2.959,1.779,2.569,9.4,7.1,-2.3
2021-05-08,-0.2,4.4,0.0,-1.9,51.1,54.9,0.590551,-1.541426,2.952,1.494,2.556,9.4,7.1,-2.3
2021-05-10,-0.2,4.4,0.0,-1.9,51.1,54.9,0.590551,-1.541426,2.947,1.663,2.542,9.4,7.1,-2.3
2021-05-11,0.9,4.4,0.7,-5.9,51.1,54.9,0.590551,-1.541426,2.943,1.938,2.536,9.4,7.1,-2.3
2021-05-12,0.9,4.4,0.7,-5.9,51.1,54.9,0.590551,-1.541426,2.938,1.951,2.532,8.1,6.2,-1.9
2021-05-13,0.9,4.4,0.7,-5.9,51.1,54.9,0.590551,-1.541426,2.932,1.966,2.525,8.1,6.2,-1.9
2021-05-14,0.9,4.4,0.7,-5.9,51.1,54.9,0.590551,-1.541426,2.931,1.805,2.521,8.1,6.2,-1.9
2021-05-17,0.9,4.4,0.7,-5.9,51.1,54.9,0.590551,-1.541426,2.932,2.136,2.514,8.1,6.2,-1.9
2021-05-18,0.9,4.4,0.7,-5.9,51.1,54.9,0.590551,-1.541426,2.93,2.119,2.51,8.1,6.2,-1.9
2021-05-19,0.9,4.4,0.7,-5.9,51.1,54.9,0.590551,-1.541426,2.932,2.025,2.505,8.1,6.2,-1.9
2021-05-20,0.9,4.4,0.7,-5.9,51.1,54.9,0.590551,-1.541426,2.931,2.092,2.497,8.1,6.2,-1.9
2021-05-21,0.9,4.4,0.7,-5.9,51.1,54.9,0.590551,-1.541426,2.929,1.996,2.489,8.1,6.2,-1.9
2021-05-24,0.9,4.4,0.7,-5.9,51.1,54.9,0.590551,-1.541426,2.925,2.171,2.49,8.1,6.2,-1.9
2021-05-25,0.9,4.4,0.7,-5.9,51.1,54.9,0.590551,-1.541426,2.924,2.194,2.485,8.1,6.2,-1.9
2021-05-26,0.9,4.4,0.7,-5.9,51.1,54.9,0.590551,-1.541426,2.921,1.99,2.479,8.1,6.2,-1.9
2021-05-27,0.9,4.4,0.7,-5.9,51.1,54.9,0.590551,-1.541426,2.915,2.117,2.474,8.1,6.2,-1.9
2021-05-28,0.9,4.4,0.7,-5.9,51.1,54.9,0.590551,-1.541426,2.912,2.166,2.476,8.1,6.2,-1.9
2021-05-31,0.9,4.4,0.7,-5.9,51.0,55.2,0.790514,-0.195695,2.911,2.227,2.479,8.1,6.2,-1.9
2021-06-01,0.9,4.4,0.7,-5.9,51.0,55.2,0.790514,-0.195695,2.91,2.187,2.478,8.1,6.2,-1.9
2021-06-02,0.9,4.4,0.7,-5.9,51.0,55.2,0.790514,-0.195695,2.907,2.04,2.469,8.1,6.2,-1.9
2021-06-03,0.9,4.4,0.7,-5.9,51.0,55.2,0.790514,-0.195695,2.899,1.852,2.454,8.1,6.2,-1.9
2021-06-04,0.9,4.4,0.7,-5.9,51.0,55.2,0.790514,-0.195695,2.887,2.175,2.444,8.1,6.2,-1.9
2021-06-07,0.9,4.4,0.7,-5.9,51.0,55.2,0.790514,-0.195695,2.887,2.299,2.446,8.1,6.2,-1.9
2021-06-08,0.9,4.4,0.7,-5.9,51.0,55.2,0.790514,-0.195695,2.884,2.193,2.443,8.1,6.2,-1.9
2021-06-09,0.9,9.0,0.7,-5.9,51.0,55.2,0.790514,-0.195695,2.884,2.188,2.442,8.1,6.2,-1.9
2021-06-10,0.9,9.0,0.7,-5.9,51.0,55.2,0.790514,-0.195695,2.881,1.892,2.435,8.3,6.1,-2.2
2021-06-11,0.9,9.0,0.7,-5.9,51.0,55.2,0.790514,-0.195695,2.883,1.998,2.434,8.3,6.1,-2.2
2021-06-15,0.9,9.0,0.7,-5.9,51.0,55.2,0.790514,-0.195695,2.884,2.104,2.434,8.3,6.1,-2.2
2021-06-16,0.9,9.0,0.7,-5.9,51.0,55.2,0.790514,-0.195695,2.886,2.006,2.439,8.3,6.1,-2.2
2021-06-17,0.9,9.0,0.7,-5.9,51.0,55.2,0.790514,-0.195695,2.891,1.876,2.441,8.3,6.1,-2.2
2021-06-18,0.9,9.0,0.7,-5.9,51.0,55.2,0.790514,-0.195695,2.895,2.014,2.444,8.3,6.1,-2.2
2021-06-21,0.9,9.0,0.7,-5.9,51.0,55.2,0.790514,-0.195695,2.902,2.247,2.449,8.3,6.1,-2.2
2021-06-22,0.9,9.0,0.7,-5.9,51.0,55.2,0.790514,-0.195695,2.905,2.301,2.457,8.3,6.1,-2.2
2021-06-23,0.9,9.0,0.7,-5.9,51.0,55.2,0.790514,-0.195695,2.906,2.208,2.457,8.3,6.1,-2.2
2021-06-24,0.9,9.0,0.7,-5.9,51.0,55.2,0.790514,-0.195695,2.907,1.853,2.455,8.3,6.1,-2.2
2021-06-25,0.9,9.0,0.7,-5.9,51.0,55.2,0.790514,-0.195695,2.904,1.55,2.456,8.3,6.1,-2.2
2021-06-28,0.9,9.0,0.7,-5.9,51.0,55.2,0.790514,-0.195695,2.904,1.558,2.457,8.3,6.1,-2.2
2021-06-29,0.9,9.0,0.7,-5.9,51.0,55.2,0.790514,-0.195695,2.904,1.795,2.458,8.3,6.1,-2.2
2021-06-30,0.9,9.0,0.7,-5.9,50.9,53.5,0.0,-0.196078,2.904,2.177,2.458,8.3,6.1,-2.2
2021-07-01,0.9,9.0,0.7,-5.9,50.9,53.5,0.0,-0.196078,2.901,1.734,2.457,8.3,6.1,-2.2
2021-07-02,0.9,9.0,0.7,-5.9,50.9,53.5,0.0,-0.196078,2.899,1.614,2.449,8.3,6.1,-2.2
2021-07-05,0.9,9.0,0.7,-5.9,50.9,53.5,0.0,-0.196078,2.896,1.665,2.444,8.3,6.1,-2.2
2021-07-06,0.9,9.0,0.7,-5.9,50.9,53.5,0.0,-0.196078,2.898,1.908,2.442,8.3,6.1,-2.2
2021-07-07,0.9,9.0,0.7,-5.9,50.9,53.5,0.0,-0.196078,2.896,2.068,2.442,8.3,6.1,-2.2
2021-07-08,0.9,9.0,0.7,-5.9,50.9,53.5,0.0,-0.196078,2.872,1.791,2.435,8.3,6.1,-2.2
2021-07-09,0.9,8.8,0.7,-5.9,50.9,53.5,0.0,-0.196078,2.868,2.206,2.435,8.6,5.5,-3.1
2021-07-12,0.9,8.8,0.7,-5.9,50.9,53.5,0.0,-0.196078,2.858,1.94,2.428,8.6,5.5,-3.1
2021-07-13,0.9,8.8,0.7,-5.9,50.9,53.5,0.0,-0.196078,2.843,2.05,2.423,8.6,5.5,-3.1
2021-07-14,0.9,8.8,0.7,-5.9,50.9,53.5,0.0,-0.196078,2.833,1.984,2.414,8.6,5.5,-3.1
2021-07-15,0.9,8.8,0.7,-5.9,50.9,53.5,0.0,-0.196078,2.822,2.098,2.405,8.6,5.5,-3.1
2021-07-16,0.9,8.8,0.7,-5.9,50.9,53.5,0.0,-0.196078,2.814,2.115,2.404,8.6,5.5,-3.1
2021-07-19,0.9,8.8,0.7,-5.9,50.9,53.5,0.0,-0.196078,2.808,2.111,2.401,8.6,5.5,-3.1
2021-07-20,0.9,8.8,0.7,-5.9,50.9,53.5,0.0,-0.196078,2.805,2.178,2.402,8.6,5.5,-3.1
2021-07-21,0.9,8.8,0.7,-5.9,50.9,53.5,0.0,-0.196078,2.801,2.182,2.402,8.6,5.5,-3.1
2021-07-22,0.9,8.8,0.7,-5.9,50.9,53.5,0.0,-0.196078,2.799,2.114,2.402,8.6,5.5,-3.1
2021-07-23,0.9,8.8,0.7,-5.9,50.9,53.5,0.0,-0.196078,2.797,2.057,2.402,8.6,5.5,-3.1
2021-07-26,0.9,8.8,0.7,-5.9,50.9,53.5,0.0,-0.196078,2.793,2.119,2.402,8.6,5.5,-3.1
2021-07-27,0.9,8.8,0.7,-5.9,50.9,53.5,0.0,-0.196078,2.796,2.27,2.401,8.6,5.5,-3.1
2021-07-28,0.9,8.8,0.7,-5.9,50.9,53.5,0.0,-0.196078,2.796,2.092,2.401,8.6,5.5,-3.1
2021-07-29,0.9,8.8,0.7,-5.9,50.9,53.5,0.0,-0.196078,2.788,1.644,2.401,8.6,5.5,-3.1
2021-07-30,0.9,8.8,0.7,-5.9,50.9,53.5,0.0,-0.196078,2.789,2.178,2.401,8.6,5.5,-3.1
2021-07-31,0.9,8.8,0.7,-5.9,50.4,53.3,-1.369863,-0.982318,2.789,2.178,2.401,8.6,5.5,-3.1
2021-08-02,0.9,8.8,0.7,-5.9,50.4,53.3,-1.369863,-0.982318,2.78,1.876,2.4,8.6,5.5,-3.1
2021-08-03,0.9,8.8,0.7,-5.9,50.4,53.3,-1.369863,-0.982318,2.766,1.836,2.394,8.6,5.5,-3.1
2021-08-04,0.9,8.8,0.7,-5.9,50.4,53.3,-1.369863,-0.982318,2.75,1.71,2.385,8.6,5.5,-3.1
2021-08-05,0.9,8.8,0.7,-5.9,50.4,53.3,-1.369863,-0.982318,2.736,1.709,2.373,8.6,5.5,-3.1
2021-08-06,0.9,8.8,0.7,-5.9,50.4,53.3,-1.369863,-0.982318,2.728,1.859,2.368,8.6,5.5,-3.1
2021-08-09,1.0,8.8,1.3,-8.0,50.4,53.3,-1.369863,-0.982318,2.72,2.212,2.36,8.6,5.5,-3.1
2021-08-10,1.0,8.8,1.3,-8.0,50.4,53.3,-1.369863,-0.982318,2.716,2.25,2.365,8.6,5.5,-3.1
2021-08-11,1.0,8.8,1.3,-8.0,50.4,53.3,-1.369863,-0.982318,2.713,2.032,2.363,8.3,4.9,-3.4
2021-08-12,1.0,8.8,1.3,-8.0,50.4,53.3,-1.369863,-0.982318,2.71,1.94,2.36,8.3,4.9,-3.4
2021-08-13,1.0,8.8,1.3,-8.0,50.4,53.3,-1.369863,-0.982318,2.71,2.176,2.359,8.3,4.9,-3.4
2021-08-16,1.0,8.8,1.3,-8.0,50.4,53.3,-1.369863,-0.982318,2.708,2.105,2.355,8.3,4.9,-3.4
2021-08-17,1.0,8.8,1.3,-8.0,50.4,53.3,-1.369863,-0.982318,2.704,1.972,2.355,8.3,4.9,-3.4
2021-08-18,1.0,8.8,1.3,-8.0,50.4,53.3,-1.369863,-0.982318,2.7,1.725,2.355,8.3,4.9,-3.4
2021-08-19,1.0,8.8,1.3,-8.0,50.4,53.3,-1.369863,-0.982318,2.7,1.841,2.354,8.3,4.9,-3.4
2021-08-20,1.0,8.8,1.3,-8.0,50.4,53.3,-1.369863,-0.982318,2.7,2.042,2.353,8.3,4.9,-3.4
2021-08-23,1.0,8.8,1.3,-8.0,50.4,53.3,-1.369863,-0.982318,2.7,2.143,2.353,8.3,4.9,-3.4
2021-08-24,1.0,8.8,1.3,-8.0,50.4,53.3,-1.369863,-0.982318,2.7,2.262,2.353,8.3,4.9,-3.4
2021-08-25,1.0,8.8,1.3,-8.0,50.4,53.3,-1.369863,-0.982318,2.7,2.211,2.354,8.3,4.9,-3.4
2021-08-26,1.0,8.8,1.3,-8.0,50.4,53.3,-1.369863,-0.982318,2.7,2.199,2.354,8.3,4.9,-3.4
2021-08-27,1.0,8.8,1.3,-8.0,50.4,53.3,-1.369863,-0.982318,2.7,2.092,2.354,8.3,4.9,-3.4
2021-08-30,1.0,8.8,1.3,-8.0,50.4,53.3,-1.369863,-0.982318,2.7,1.846,2.355,8.3,4.9,-3.4
2021-08-31,1.0,8.8,1.3,-8.0,50.1,47.5,-1.764706,-0.595238,2.7,2.195,2.357,8.3,4.9,-3.4
2021-09-01,1.0,8.8,1.3,-8.0,50.1,47.5,-1.764706,-0.595238,2.7,2.122,2.358,8.3,4.9,-3.4
2021-09-02,1.0,8.8,1.3,-8.0,50.1,47.5,-1.764706,-0.595238,2.699,2.082,2.356,8.3,4.9,-3.4
2021-09-03,1.0,8.8,1.3,-8.0,50.1,47.5,-1.764706,-0.595238,2.699,1.943,2.356,8.3,4.9,-3.4
2021-09-06,1.0,8.8,1.3,-8.0,50.1,47.5,-1.764706,-0.595238,2.698,2.115,2.355,8.3,4.9,-3.4
2021-09-07,1.0,8.8,1.3,-8.0,50.1,47.5,-1.764706,-0.595238,2.698,2.187,2.355,8.3,4.9,-3.4
2021-09-08,1.0,8.8,1.3,-8.0,50.1,47.5,-1.764706,-0.595238,2.699,2.184,2.357,8.3,4.9,-3.4
2021-09-09,0.8,8.8,1.2,-8.7,50.1,47.5,-1.764706,-0.595238,2.698,2.029,2.357,8.3,4.9,-3.4
2021-09-10,0.8,8.8,1.2,-8.7,50.1,47.5,-1.764706,-0.595238,2.698,2.109,2.357,8.2,4.2,-4.0
2021-09-13,0.8,8.8,1.2,-8.7,50.1,47.5,-1.764706,-0.595238,2.699,2.165,2.357,8.2,4.2,-4.0
2021-09-14,0.8,8.8,1.2,-8.7,50.1,47.5,-1.764706,-0.595238,2.699,2.296,2.361,8.2,4.2,-4.0
2021-09-15,0.8,8.8,1.2,-8.7,50.1,47.5,-1.764706,-0.595238,2.7,2.137,2.363,8.2,4.2,-4.0
2021-09-16,0.8,8.8,1.2,-8.7,50.1,47.5,-1.764706,-0.595238,2.7,2.21,2.365,8.2,4.2,-4.0
2021-09-17,0.8,8.8,1.2,-8.7,50.1,47.5,-1.764706,-0.595238,2.7,2.213,2.372,8.2,4.2,-4.0
2021-09-18,0.8,8.8,1.2,-8.7,50.1,47.5,-1.764706,-0.595238,2.7,2.107,2.378,8.2,4.2,-4.0
2021-09-22,0.8,8.8,1.2,-8.7,50.1,47.5,-1.764706,-0.595238,2.7,2.161,2.385,8.2,4.2,-4.0
2021-09-23,0.8,8.8,1.2,-8.7,50.1,47.5,-1.764706,-0.595238,2.7,2.035,2.39,8.2,4.2,-4.0
2021-09-24,0.8,8.8,1.2,-8.7,50.1,47.5,-1.764706,-0.595238,2.7,1.695,2.397,8.2,4.2,-4.0
2021-09-26,0.8,8.8,1.2,-8.7,50.1,47.5,-1.764706,-0.595238,2.701,1.691,2.404,8.2,4.2,-4.0
2021-09-27,0.8,8.8,1.2,-8.7,50.1,47.5,-1.764706,-0.595238,2.708,1.708,2.408,8.2,4.2,-4.0
2021-09-28,0.8,8.8,1.2,-8.7,50.1,47.5,-1.764706,-0.595238,2.713,1.946,2.417,8.2,4.2,-4.0
2021-09-29,0.8,8.8,1.2,-8.7,50.1,47.5,-1.764706,-0.595238,2.718,1.505,2.427,8.2,4.2,-4.0
2021-09-30,0.8,8.8,1.2,-8.7,49.6,53.2,-3.68932,-0.998004,2.722,2.22,2.431,8.2,4.2,-4.0
2021-10-08,0.8,8.8,1.2,-8.7,49.6,53.2,-3.68932,-0.998004,2.722,2.105,2.433,8.2,4.2,-4.0
2021-10-09,0.8,8.8,1.2,-8.7,49.6,53.2,-3.68932,-0.998004,2.716,1.635,2.425,8.2,4.2,-4.0
2021-10-11,0.8,8.8,1.2,-8.7,49.6,53.2,-3.68932,-0.998004,2.718,2.135,2.423,8.2,4.2,-4.0
2021-10-12,0.8,8.8,1.2,-8.7,49.6,53.2,-3.68932,-0.998004,2.716,2.101,2.423,8.2,4.2,-4.0
2021-10-13,0.8,8.8,1.2,-8.7,49.6,53.2,-3.68932,-0.998004,2.717,2.157,2.42,8.3,3.7,-4.6
2021-10-14,0.7,8.8,1.2,-10.0,49.6,53.2,-3.68932,-0.998004,2.725,2.106,2.423,8.3,3.7,-4.6
2021-10-15,0.7,8.8,1.2,-10.0,49.6,53.2,-3.68932,-0.998004,2.7265,2.065,2.4222,8.3,3.7,-4.6
2021-10-18,0.7,8.8,1.2,-10.0,49.6,53.2,-3.68932,-0.998004,2.734,2.131,2.422,8.3,3.7,-4.6
2021-10-19,0.7,8.8,1.2,-10.0,49.6,53.2,-3.68932,-0.998004,2.738,2.223,2.428,8.3,3.7,-4.6
2021-10-20,0.7,8.8,1.2,-10.0,49.6,53.2,-3.68932,-0.998004,2.746,2.104,2.431,8.3,3.7,-4.6
2021-10-21,0.7,8.8,1.2,-10.0,49.6,53.2,-3.68932,-0.998004,2.753,1.683,2.432,8.3,3.7,-4.6
2021-10-22,0.7,8.8,1.2,-10.0,49.6,53.2,-3.68932,-0.998004,2.758,1.672,2.434,8.3,3.7,-4.6
2021-10-25,0.7,8.8,1.2,-10.0,49.6,53.2,-3.68932,-0.998004,2.759,1.61,2.438,8.3,3.7,-4.6
2021-10-26,0.7,8.8,1.2,-10.0,49.6,53.2,-3.68932,-0.998004,2.766,1.546,2.443,8.3,3.7,-4.6
2021-10-27,0.7,8.8,1.2,-10.0,49.6,53.2,-3.68932,-0.998004,2.773,1.921,2.445,8.3,3.7,-4.6
2021-10-28,0.7,8.8,1.2,-10.0,49.6,53.2,-3.68932,-0.998004,2.778,1.94,2.448,8.3,3.7,-4.6
2021-10-29,0.7,8.8,1.2,-10.0,49.6,53.2,-3.68932,-0.998004,2.782,2.142,2.449,8.3,3.7,-4.6
2021-10-31,0.7,8.8,1.2,-10.0,49.2,52.4,-4.280156,-0.806452,2.782,2.142,2.449,8.3,3.7,-4.6
2021-11-01,0.7,8.8,1.2,-10.0,49.2,52.4,-4.280156,-0.806452,2.783,2.03,2.449,8.3,3.7,-4.6
2021-11-02,0.7,8.8,1.2,-10.0,49.2,52.4,-4.280156,-0.806452,2.783,2.126,2.45,8.3,3.7,-4.6
2021-11-03,0.7,8.8,1.2,-10.0,49.2,52.4,-4.280156,-0.806452,2.784,2.0,2.452,8.3,3.7,-4.6
2021-11-04,0.7,8.8,1.2,-10.0,49.2,52.4,-4.280156,-0.806452,2.784,1.886,2.451,8.3,3.7,-4.6
2021-11-05,0.7,8.8,1.2,-10.0,49.2,52.4,-4.280156,-0.806452,2.78,1.887,2.451,8.3,3.7,-4.6
2021-11-08,0.7,8.8,1.2,-10.0,49.2,52.4,-4.280156,-0.806452,2.779,1.897,2.452,8.3,3.7,-4.6
2021-11-09,0.7,8.8,1.2,-10.0,49.2,52.4,-4.280156,-0.806452,2.774,2.137,2.454,8.3,3.7,-4.6
2021-11-10,0.7,13.5,1.2,-10.0,49.2,52.4,-4.280156,-0.806452,2.769,1.833,2.454,8.7,2.8,-5.9
2021-11-11,0.7,13.5,1.2,-10.0,49.2,52.4,-4.280156,-0.806452,2.768,1.881,2.454,8.7,2.8,-5.9
2021-11-12,0.7,13.5,1.2,-10.0,49.2,52.4,-4.280156,-0.806452,2.767,1.856,2.454,8.7,2.8,-5.9
2021-11-15,0.7,13.5,1.2,-10.0,49.2,52.4,-4.280156,-0.806452,2.763,1.787,2.46,8.7,2.8,-5.9
2021-11-16,0.7,13.5,1.2,-10.0,49.2,52.4,-4.280156,-0.806452,2.762,1.923,2.463,8.7,2.8,-5.9
2021-11-17,0.7,13.5,1.2,-10.0,49.2,52.4,-4.280156,-0.806452,2.759,2.152,2.467,8.7,2.8,-5.9
2021-11-18,0.7,13.5,1.2,-10.0,49.2,52.4,-4.280156,-0.806452,2.757,1.932,2.473,8.7,2.8,-5.9
2021-11-19,0.7,13.5,1.2,-10.0,49.2,52.4,-4.280156,-0.806452,2.756,1.998,2.475,8.7,2.8,-5.9
2021-11-22,0.7,13.5,1.2,-10.0,49.2,52.4,-4.280156,-0.806452,2.756,1.946,2.477,8.7,2.8,-5.9
2021-11-23,0.7,13.5,1.2,-10.0,49.2,52.4,-4.280156,-0.806452,2.757,2.178,2.48,8.7,2.8,-5.9
2021-11-24,0.7,13.5,1.2,-10.0,49.2,52.4,-4.280156,-0.806452,2.756,1.788,2.482,8.7,2.8,-5.9
2021-11-25,0.7,13.5,1.2,-10.0,49.2,52.4,-4.280156,-0.806452,2.756,1.823,2.484,8.7,2.8,-5.9
2021-11-26,0.7,13.5,1.2,-10.0,49.2,52.4,-4.280156,-0.806452,2.754,1.712,2.486,8.7,2.8,-5.9
2021-11-29,0.7,13.5,1.2,-10.0,49.2,52.4,-4.280156,-0.806452,2.752,1.86,2.489,8.7,2.8,-5.9
2021-11-30,0.7,13.5,1.2,-10.0,50.1,52.3,-3.838772,1.829268,2.753,2.173,2.492,8.7,2.8,-5.9
2021-12-01,0.7,13.5,1.2,-10.0,50.1,52.3,-3.838772,1.829268,2.752,2.017,2.494,8.7,2.8,-5.9
2021-12-02,0.7,13.5,1.2,-10.0,50.1,52.3,-3.838772,1.829268,2.752,1.984,2.496,8.7,2.8,-5.9
2021-12-03,0.7,13.5,1.2,-10.0,50.1,52.3,-3.838772,1.829268,2.751,1.913,2.499,8.7,2.8,-5.9
2021-12-06,0.7,13.5,1.2,-10.0,50.1,52.3,-3.838772,1.829268,2.746,1.817,2.492,8.7,2.8,-5.9
2021-12-07,0.7,13.5,1.2,-10.0,50.1,52.3,-3.838772,1.829268,2.743,2.13,2.488,8.7,2.8,-5.9
2021-12-08,0.7,13.5,1.2,-10.0,50.1,52.3,-3.838772,1.829268,2.74,2.151,2.489,8.7,2.8,-5.9
2021-12-09,2.3,13.5,1.2,-10.6,50.1,52.3,-3.838772,1.829268,2.738,2.154,2.49,8.5,3.0,-5.5
2021-12-10,2.3,13.5,1.2,-10.6,50.1,52.3,-3.838772,1.829268,2.736,1.807,2.492,8.5,3.0,-5.5
2021-12-13,2.3,13.5,1.2,-10.6,50.1,52.3,-3.838772,1.829268,2.737,2.108,2.493,8.5,3.0,-5.5
2021-12-14,2.3,13.5,1.2,-10.6,50.1,52.3,-3.838772,1.829268,2.736,2.168,2.493,8.5,3.0,-5.5
2021-12-15,2.3,13.5,1.2,-10.6,50.1,52.3,-3.838772,1.829268,2.736,2.137,2.493,8.5,3.0,-5.5
2021-12-16,2.3,13.5,1.2,-10.6,50.1,52.3,-3.838772,1.829268,2.736,2.116,2.491,8.5,3.0,-5.5
2021-12-17,2.3,13.5,1.2,-10.6,50.1,52.3,-3.838772,1.829268,2.735,1.862,2.492,8.5,3.0,-5.5
2021-12-20,2.3,13.5,1.2,-10.6,50.1,52.3,-3.838772,1.829268,2.735,1.994,2.492,8.5,3.0,-5.5
2021-12-21,2.3,13.5,1.2,-10.6,50.1,52.3,-3.838772,1.829268,2.738,1.858,2.493,8.5,3.0,-5.5
2021-12-22,2.3,13.5,1.2,-10.6,50.1,52.3,-3.838772,1.829268,2.739,1.687,2.494,8.5,3.0,-5.5
2021-12-23,2.3,13.5,1.2,-10.6,50.1,52.3,-3.838772,1.829268,2.738,1.631,2.496,8.5,3.0,-5.5
2021-12-24,2.3,13.5,1.2,-10.6,50.1,52.3,-3.838772,1.829268,2.737,1.84,2.5,8.5,3.0,-5.5
2021-12-27,2.3,13.5,1.2,-10.6,50.1,52.3,-3.838772,1.829268,2.737,1.778,2.5,8.5,3.0,-5.5
2021-12-28,2.3,13.5,1.2,-10.6,50.1,52.3,-3.838772,1.829268,2.738,1.616,2.5,8.5,3.0,-5.5
2021-12-29,2.3,13.5,1.2,-10.6,50.1,52.3,-3.838772,1.829268,2.737,1.343,2.5,8.5,3.0,-5.5
2021-12-30,2.3,13.5,1.2,-10.6,50.1,52.3,-3.838772,1.829268,2.737,1.276,2.501,8.5,3.0,-5.5
2021-12-31,2.3,13.5,1.2,-10.6,50.3,52.7,-3.082852,0.399202,2.736,2.129,2.5,8.5,3.0,-5.5
2022-01-04,2.3,13.5,1.2,-10.6,50.3,52.7,-3.082852,0.399202,2.736,1.925,2.5,8.5,3.0,-5.5
2022-01-05,2.3,13.5,1.2,-10.6,50.3,52.7,-3.082852,0.399202,2.737,1.777,2.5,8.5,3.0,-5.5
2022-01-06,2.3,13.5,1.2,-10.6,50.3,52.7,-3.082852,0.399202,2.734,1.714,2.5,8.5,3.0,-5.5
2022-01-07,2.3,13.5,1.2,-10.6,50.3,52.7,-3.082852,0.399202,2.729,1.839,2.5,8.5,3.0,-5.5
2022-01-10,2.3,13.5,1.2,-10.6,50.3,52.7,-3.082852,0.399202,2.726,1.878,2.5,8.5,3.0,-5.5
2022-01-11,2.3,13.5,1.2,-10.6,50.3,52.7,-3.082852,0.399202,2.726,1.984,2.5,8.5,3.0,-5.5
2022-01-12,1.5,13.5,1.2,-8.8,50.3,52.7,-3.082852,0.399202,2.724,1.972,2.5,9.0,3.5,-5.5
2022-01-13,1.5,13.5,1.2,-8.8,50.3,52.7,-3.082852,0.399202,2.721,2.218,2.5,9.0,3.5,-5.5
2022-01-14,1.5,13.5,1.2,-8.8,50.3,52.7,-3.082852,0.399202,2.718,2.209,2.5,9.0,3.5,-5.5
2022-01-17,1.5,13.5,1.2,-8.8,50.3,52.7,-3.082852,0.399202,2.711,2.113,2.499,9.0,3.5,-5.5
2022-01-18,1.5,13.5,1.2,-8.8,50.3,52.7,-3.082852,0.399202,2.706,1.921,2.493,9.0,3.5,-5.5
2022-01-19,1.5,13.5,1.2,-8.8,50.3,52.7,-3.082852,0.399202,2.696,2.035,2.483,9.0,3.5,-5.5
2022-01-20,1.5,13.5,1.2,-8.8,50.3,52.7,-3.082852,0.399202,2.686,2.035,2.471,9.0,3.5,-5.5
2022-01-21,1.5,13.5,1.2,-8.8,50.3,52.7,-3.082852,0.399202,2.682,2.063,2.466,9.0,3.5,-5.5
2022-01-24,1.5,13.5,1.2,-8.8,50.3,52.7,-3.082852,0.399202,2.678,1.935,2.465,9.0,3.5,-5.5
2022-01-25,1.5,13.5,1.2,-8.8,50.3,52.7,-3.082852,0.399202,2.674,1.931,2.464,9.0,3.5,-5.5
2022-01-26,1.5,13.5,1.2,-8.8,50.3,52.7,-3.082852,0.399202,2.668,1.74,2.46,9.0,3.5,-5.5
2022-01-27,1.5,13.5,1.2,-8.8,50.3,52.7,-3.082852,0.399202,2.664,1.614,2.457,9.0,3.5,-5.5
2022-01-28,1.5,13.5,1.2,-8.8,50.3,52.7,-3.082852,0.399202,2.66,1.2,2.457,9.0,3.5,-5.5
2022-01-29,1.5,13.5,1.2,-8.8,50.3,52.7,-3.082852,0.399202,2.659,1.255,2.456,9.0,3.5,-5.5
2022-01-30,1.5,13.5,1.2,-8.8,50.1,51.1,-2.339181,-0.397614,2.658,2.155,2.456,9.0,3.5,-5.5
2022-02-07,1.5,13.5,1.2,-8.8,50.1,51.1,-2.339181,-0.397614,2.657,2.112,2.454,9.0,3.5,-5.5
2022-02-08,1.5,13.5,1.2,-8.8,50.1,51.1,-2.339181,-0.397614,2.655,2.044,2.448,9.0,3.5,-5.5
2022-02-09,1.5,13.5,1.2,-8.8,50.1,51.1,-2.339181,-0.397614,2.654,1.728,2.447,9.0,3.5,-5.5
2022-02-10,1.5,13.5,1.2,-8.8,50.1,51.1,-2.339181,-0.397614,2.639,1.673,2.442,9.8,-1.9,-11.7
2022-02-11,1.5,13.5,1.2,-8.8,50.1,51.1,-2.339181,-0.397614,2.629,1.812,2.432,9.8,-1.9,-11.7
2022-02-14,1.5,13.5,1.2,-8.8,50.1,51.1,-2.339181,-0.397614,2.62,1.866,2.424,9.8,-1.9,-11.7
2022-02-15,1.5,13.5,1.2,-8.8,50.1,51.1,-2.339181,-0.397614,2.613,1.807,2.415,9.8,-1.9,-11.7
2022-02-16,0.9,13.5,1.2,-8.2,50.1,51.1,-2.339181,-0.397614,2.604,1.942,2.41,9.8,-1.9,-11.7
2022-02-17,0.9,13.5,1.2,-8.2,50.1,51.1,-2.339181,-0.397614,2.596,1.855,2.406,9.8,-1.9,-11.7
2022-02-18,0.9,13.5,1.2,-8.2,50.1,51.1,-2.339181,-0.397614,2.586,2.11,2.4,9.8,-1.9,-11.7
2022-02-21,0.9,13.5,1.2,-8.2,50.1,51.1,-2.339181,-0.397614,2.579,2.195,2.392,9.8,-1.9,-11.7
2022-02-22,0.9,13.5,1.2,-8.2,50.1,51.1,-2.339181,-0.397614,2.573,2.039,2.385,9.8,-1.9,-11.7
2022-02-23,0.9,13.5,1.2,-8.2,50.1,51.1,-2.339181,-0.397614,2.569,2.043,2.383,9.8,-1.9,-11.7
2022-02-24,0.9,13.5,1.2,-8.2,50.1,51.1,-2.339181,-0.397614,2.567,2.197,2.379,9.8,-1.9,-11.7
2022-02-25,0.9,13.5,1.2,-8.2,50.1,51.1,-2.339181,-0.397614,2.57,2.231,2.374,9.8,-1.9,-11.7
2022-02-28,0.9,13.5,1.2,-8.2,50.1,51.1,-2.339181,-0.397614,2.565,2.234,2.37,9.8,-1.9,-11.7
2022-03-01,0.9,13.5,1.2,-8.2,50.2,51.6,-0.790514,0.199601,2.566,1.801,2.366,9.8,-1.9,-11.7
2022-03-02,0.9,13.5,1.2,-8.2,50.2,51.6,-0.790514,0.199601,2.563,1.887,2.365,9.8,-1.9,-11.7
2022-03-03,0.9,13.5,1.2,-8.2,50.2,51.6,-0.790514,0.199601,2.566,1.729,2.363,9.8,-1.9,-11.7
2022-03-04,0.9,13.5,1.2,-8.2,50.2,51.6,-0.790514,0.199601,2.566,1.902,2.362,9.8,-1.9,-11.7
2022-03-07,0.9,13.5,1.2,-8.2,50.2,51.6,-0.790514,0.199601,2.566,2.039,2.36,9.8,-1.9,-11.7
2022-03-08,0.9,13.5,1.2,-8.2,50.2,51.6,-0.790514,0.199601,2.568,2.056,2.361,9.8,-1.9,-11.7
2022-03-09,0.9,8.8,1.2,-8.2,50.2,51.6,-0.790514,0.199601,2.571,2.024,2.359,9.8,-1.9,-11.7
2022-03-10,0.9,8.8,1.2,-8.2,50.2,51.6,-0.790514,0.199601,2.575,2.025,2.362,9.8,-1.9,-11.7
2022-03-11,0.9,8.8,1.2,-8.2,50.2,51.6,-0.790514,0.199601,2.578,2.051,2.362,9.2,4.7,-4.5
2022-03-14,0.9,8.8,1.2,-8.2,50.2,51.6,-0.790514,0.199601,2.579,2.063,2.362,9.2,4.7,-4.5
2022-03-15,0.9,8.8,1.2,-8.2,50.2,51.6,-0.790514,0.199601,2.581,2.063,2.363,9.2,4.7,-4.5
2022-03-16,0.9,8.8,1.2,-8.2,50.2,51.6,-0.790514,0.199601,2.586,2.04,2.366,9.2,4.7,-4.5
2022-03-17,0.9,8.8,1.2,-8.2,50.2,51.6,-0.790514,0.199601,2.593,2.009,2.367,9.2,4.7,-4.5
2022-03-18,0.9,8.8,1.2,-8.2,50.2,51.6,-0.790514,0.199601,2.594,1.992,2.368,9.2,4.7,-4.5
2022-03-21,0.9,8.8,1.2,-8.2,50.2,51.6,-0.790514,0.199601,2.595,2.015,2.368,9.2,4.7,-4.5
2022-03-22,0.9,8.8,1.2,-8.2,50.2,51.6,-0.790514,0.199601,2.6,1.946,2.369,9.2,4.7,-4.5
2022-03-23,0.9,8.8,1.2,-8.2,50.2,51.6,-0.790514,0.199601,2.601,2.003,2.368,9.2,4.7,-4.5
2022-03-24,0.9,8.8,1.2,-8.2,50.2,51.6,-0.790514,0.199601,2.601,2.005,2.369,9.2,4.7,-4.5
2022-03-25,0.9,8.8,1.2,-8.2,50.2,51.6,-0.790514,0.199601,2.603,2.001,2.369,9.2,4.7,-4.5
2022-03-28,0.9,8.8,1.2,-8.2,50.2,51.6,-0.790514,0.199601,2.604,1.946,2.37,9.2,4.7,-4.5
2022-03-29,0.9,8.8,1.2,-8.2,50.2,51.6,-0.790514,0.199601,2.605,1.727,2.372,9.2,4.7,-4.5
2022-03-30,0.9,8.8,1.2,-8.2,50.2,51.6,-0.790514,0.199601,2.606,1.557,2.371,9.2,4.7,-4.5
2022-03-31,0.9,8.8,1.2,-8.2,49.5,48.4,-4.624277,-1.394422,2.606,2.011,2.373,9.2,4.7,-4.5
2022-04-01,0.9,8.8,1.2,-8.2,49.5,48.4,-4.624277,-1.394422,2.606,1.604,2.372,9.2,4.7,-4.5
2022-04-02,0.9,8.8,1.2,-8.2,49.5,48.4,-4.624277,-1.394422,2.606,1.308,2.37,9.2,4.7,-4.5
2022-04-06,0.9,8.8,1.2,-8.2,49.5,48.4,-4.624277,-1.394422,2.605,1.848,2.37,9.2,4.7,-4.5
2022-04-07,0.9,8.8,1.2,-8.2,49.5,48.4,-4.624277,-1.394422,2.593,1.825,2.36,9.2,4.7,-4.5
2022-04-08,0.9,8.8,1.2,-8.2,49.5,48.4,-4.624277,-1.394422,2.586,1.751,2.363,9.2,4.7,-4.5
2022-04-11,1.5,8.8,1.1,-6.8,49.5,48.4,-4.624277,-1.394422,2.582,1.856,2.357,9.7,4.7,-5.0
2022-04-12,1.5,8.8,1.1,-6.8,49.5,48.4,-4.624277,-1.394422,2.577,1.772,2.351,9.7,4.7,-5.0
2022-04-13,1.5,8.8,1.1,-6.8,49.5,48.4,-4.624277,-1.394422,2.575,1.665,2.347,9.7,4.7,-5.0
2022-04-14,1.5,8.8,1.1,-6.8,49.5,48.4,-4.624277,-1.394422,2.572,1.552,2.343,9.7,4.7,-5.0
2022-04-15,1.5,8.8,1.1,-6.8,49.5,48.4,-4.624277,-1.394422,2.567,1.339,2.336,9.7,4.7,-5.0
2022-04-18,1.5,8.8,1.1,-6.8,49.5,48.4,-4.624277,-1.394422,2.562,1.403,2.331,9.7,4.7,-5.0
2022-04-19,1.5,8.8,1.1,-6.8,49.5,48.4,-4.624277,-1.394422,2.558,1.294,2.327,9.7,4.7,-5.0
2022-04-20,1.5,8.8,1.1,-6.8,49.5,48.4,-4.624277,-1.394422,2.555,1.303,2.323,9.7,4.7,-5.0
2022-04-21,1.5,8.8,1.1,-6.8,49.5,48.4,-4.624277,-1.394422,2.549,1.294,2.313,9.7,4.7,-5.0
2022-04-22,1.5,8.8,1.1,-6.8,49.5,48.4,-4.624277,-1.394422,2.54,1.255,2.305,9.7,4.7,-5.0
2022-04-24,1.5,8.8,1.1,-6.8,49.5,48.4,-4.624277,-1.394422,2.53,1.302,2.274,9.7,4.7,-5.0
2022-04-25,1.5,8.8,1.1,-6.8,49.5,48.4,-4.624277,-1.394422,2.516,1.303,2.262,9.7,4.7,-5.0
2022-04-26,1.5,8.8,1.1,-6.8,49.5,48.4,-4.624277,-1.394422,2.507,1.306,2.252,9.7,4.7,-5.0
2022-04-27,1.5,8.8,1.1,-6.8,49.5,48.4,-4.624277,-1.394422,2.497,1.303,2.242,9.7,4.7,-5.0
2022-04-28,1.5,8.8,1.1,-6.8,49.5,48.4,-4.624277,-1.394422,2.484,1.301,2.231,9.7,4.7,-5.0
2022-04-29,1.5,8.8,1.1,-6.8,49.5,48.4,-4.624277,-1.394422,2.474,1.838,2.217,9.7,4.7,-5.0
2022-04-30,1.5,8.8,1.1,-6.8,47.4,41.9,-7.240705,-4.242424,2.474,1.838,2.217,9.7,4.7,-5.0
2022-05-05,1.5,8.8,1.1,-6.8,47.4,41.9,-7.240705,-4.242424,2.474,1.783,2.209,9.7,4.7,-5.0
2022-05-06,1.5,8.8,1.1,-6.8,47.4,41.9,-7.240705,-4.242424,2.468,1.351,2.202,9.7,4.7,-5.0
2022-05-07,1.5,8.8,1.1,-6.8,47.4,41.9,-7.240705,-4.242424,2.462,1.294,2.195,9.7,4.7,-5.0
2022-05-09,1.5,8.8,1.1,-6.8,47.4,41.9,-7.240705,-4.242424,2.45,1.309,2.186,9.7,4.7,-5.0
2022-05-10,1.5,8.8,1.1,-6.8,47.4,41.9,-7.240705,-4.242424,2.442,1.305,2.181,9.7,4.7,-5.0
2022-05-11,2.1,8.8,0.9,-5.9,47.4,41.9,-7.240705,-4.242424,2.431,1.325,2.173,9.7,4.7,-5.0
2022-05-12,2.1,8.8,0.9,-5.9,47.4,41.9,-7.240705,-4.242424,2.42,1.309,2.166,9.7,4.7,-5.0
2022-05-13,2.1,8.8,0.9,-5.9,47.4,41.9,-7.240705,-4.242424,2.408,1.31,2.155,10.5,5.1,-5.4
2022-05-16,2.1,8.8,0.9,-5.9,47.4,41.9,-7.240705,-4.242424,2.393,1.311,2.145,10.5,5.1,-5.4
2022-05-17,2.1,8.8,0.9,-5.9,47.4,41.9,-7.240705,-4.242424,2.377,1.325,2.109,10.5,5.1,-5.4
2022-05-18,2.1,8.8,0.9,-5.9,47.4,41.9,-7.240705,-4.242424,2.359,1.326,2.078,10.5,5.1,-5.4
2022-05-19,2.1,8.8,0.9,-5.9,47.4,41.9,-7.240705,-4.242424,2.343,1.414,2.067,10.5,5.1,-5.4
2022-05-20,2.1,8.8,0.9,-5.9,47.4,41.9,-7.240705,-4.242424,2.337,1.322,2.05,10.5,5.1,-5.4
2022-05-23,2.1,8.8,0.9,-5.9,47.4,41.9,-7.240705,-4.242424,2.331,1.323,2.021,10.5,5.1,-5.4
2022-05-24,2.1,8.8,0.9,-5.9,47.4,41.9,-7.240705,-4.242424,2.323,1.325,2.013,10.5,5.1,-5.4
2022-05-25,2.1,8.8,0.9,-5.9,47.4,41.9,-7.240705,-4.242424,2.326,1.347,2.009,10.5,5.1,-5.4
2022-05-26,2.1,8.8,0.9,-5.9,47.4,41.9,-7.240705,-4.242424,2.325,1.364,1.99,10.5,5.1,-5.4
2022-05-27,2.1,8.8,0.9,-5.9,47.4,41.9,-7.240705,-4.242424,2.323,1.381,1.995,10.5,5.1,-5.4
2022-05-30,2.1,8.8,0.9,-5.9,47.4,41.9,-7.240705,-4.242424,2.319,1.405,1.997,10.5,5.1,-5.4
2022-05-31,2.1,8.8,0.9,-5.9,49.6,47.8,-2.745098,4.64135,2.318,1.588,1.998,10.5,5.1,-5.4
2022-06-01,2.1,8.8,0.9,-5.9,49.6,47.8,-2.745098,4.64135,2.317,1.413,1.998,10.5,5.1,-5.4
2022-06-02,2.1,8.8,0.9,-5.9,49.6,47.8,-2.745098,4.64135,2.323,1.432,1.999,10.5,5.1,-5.4
2022-06-06,2.1,8.8,0.9,-5.9,49.6,47.8,-2.745098,4.64135,2.332,1.454,2.001,10.5,5.1,-5.4
2022-06-07,2.1,8.8,0.9,-5.9,49.6,47.8,-2.745098,4.64135,2.349,1.421,2.003,10.5,5.1,-5.4
2022-06-08,2.1,8.8,0.9,-5.9,49.6,47.8,-2.745098,4.64135,2.357,1.419,2.003,10.5,5.1,-5.4
2022-06-09,2.1,8.8,0.9,-5.9,49.6,47.8,-2.745098,4.64135,2.365,1.414,2.003,10.5,5.1,-5.4
2022-06-10,2.1,8.8,0.9,-4.3,49.6,47.8,-2.745098,4.64135,2.369,1.403,2.0,11.1,4.6,-6.5
2022-06-13,2.1,8.8,0.9,-4.3,49.6,47.8,-2.745098,4.64135,2.373,1.408,2.002,11.1,4.6,-6.5
2022-06-14,2.1,8.8,0.9,-4.3,49.6,47.8,-2.745098,4.64135,2.377,1.413,2.002,11.1,4.6,-6.5
2022-06-15,2.1,8.8,0.9,-4.3,49.6,47.8,-2.745098,4.64135,2.381,1.413,2.002,11.1,4.6,-6.5
2022-06-16,2.1,8.8,0.9,-4.3,49.6,47.8,-2.745098,4.64135,2.381,1.413,2.0,11.1,4.6,-6.5
2022-06-17,2.1,8.8,0.9,-4.3,49.6,47.8,-2.745098,4.64135,2.378,1.414,2.0,11.1,4.6,-6.5
2022-06-20,2.1,8.8,0.9,-4.3,49.6,47.8,-2.745098,4.64135,2.374,1.418,2.0,11.1,4.6,-6.5
2022-06-21,2.1,8.8,0.9,-4.3,49.6,47.8,-2.745098,4.64135,2.372,1.438,2.0,11.1,4.6,-6.5
2022-06-22,2.1,8.8,0.9,-4.3,49.6,47.8,-2.745098,4.64135,2.369,1.444,2.0,11.1,4.6,-6.5
2022-06-23,2.1,8.8,0.9,-4.3,49.6,47.8,-2.745098,4.64135,2.367,1.437,2.0,11.1,4.6,-6.5
2022-06-24,2.1,8.8,0.9,-4.3,49.6,47.8,-2.745098,4.64135,2.364,1.435,2.0,11.1,4.6,-6.5
2022-06-27,2.1,8.8,0.9,-4.3,49.6,47.8,-2.745098,4.64135,2.36,1.438,2.0,11.1,4.6,-6.5
2022-06-28,2.1,8.8,0.9,-4.3,49.6,47.8,-2.745098,4.64135,2.363,1.438,2.0,11.1,4.6,-6.5
2022-06-29,2.1,8.8,0.9,-4.3,49.6,47.8,-2.745098,4.64135,2.362,1.372,2.0,11.1,4.6,-6.5
2022-06-30,2.1,8.8,0.9,-4.3,50.2,54.7,-1.375246,1.209677,2.363,1.901,2.0,11.1,4.6,-6.5
2022-07-01,2.1,8.8,0.9,-4.3,50.2,54.7,-1.375246,1.209677,2.363,1.441,2.0,11.1,4.6,-6.5
2022-07-04,2.1,8.8,0.9,-4.3,50.2,54.7,-1.375246,1.209677,2.36,1.418,2.0,11.1,4.6,-6.5
2022-07-05,2.1,8.8,0.9,-4.3,50.2,54.7,-1.375246,1.209677,2.359,1.367,2.0,11.1,4.6,-6.5
2022-07-06,2.1,8.8,0.9,-4.3,50.2,54.7,-1.375246,1.209677,2.355,1.21,1.998,11.1,4.6,-6.5
2022-07-07,2.1,8.8,0.9,-4.3,50.2,54.7,-1.375246,1.209677,2.354,1.222,1.995,11.1,4.6,-6.5
2022-07-08,2.1,8.8,0.9,-4.3,50.2,54.7,-1.375246,1.209677,2.349,1.216,1.9925,11.1,4.6,-6.5
2022-07-09,2.1,6.1,0.9,-4.3,50.2,54.7,-1.375246,1.209677,2.349,1.216,1.9925,11.1,4.6,-6.5
2022-07-11,2.1,6.1,0.9,-4.3,50.2,54.7,-1.375246,1.209677,2.346,1.223,1.9895,11.4,5.8,-5.6
2022-07-12,2.1,6.1,0.9,-4.3,50.2,54.7,-1.375246,1.209677,2.344,1.211,1.9855,11.4,5.8,-5.6
2022-07-13,2.1,6.1,0.9,-4.3,50.2,54.7,-1.375246,1.209677,2.337,1.219,1.9835,11.4,5.8,-5.6
2022-07-14,2.1,6.1,0.9,-4.3,50.2,54.7,-1.375246,1.209677,2.333,1.195,1.979,11.4,5.8,-5.6
2022-07-15,2.1,6.1,0.9,-4.3,50.2,54.7,-1.375246,1.209677,2.326,1.211,1.977,11.4,5.8,-5.6
2022-07-18,2.1,6.1,0.9,-4.3,50.2,54.7,-1.375246,1.209677,2.322,1.218,1.974,11.4,5.8,-5.6
2022-07-19,2.1,6.1,0.9,-4.3,50.2,54.7,-1.375246,1.209677,2.31,1.242,1.948,11.4,5.8,-5.6
2022-07-20,2.1,6.1,0.9,-4.3,50.2,54.7,-1.375246,1.209677,2.298,1.27,1.924,11.4,5.8,-5.6
2022-07-21,2.1,6.1,0.9,-4.3,50.2,54.7,-1.375246,1.209677,2.284,1.254,1.909,11.4,5.8,-5.6
2022-07-22,2.1,6.1,0.9,-4.3,50.2,54.7,-1.375246,1.209677,2.266,1.194,1.893,11.4,5.8,-5.6
2022-07-25,2.1,6.1,0.9,-4.3,50.2,54.7,-1.375246,1.209677,2.256,1.074,1.881,11.4,5.8,-5.6
2022-07-26,2.1,6.1,0.9,-4.3,50.2,54.7,-1.375246,1.209677,2.246,1.018,1.872,11.4,5.8,-5.6
2022-07-27,2.1,6.1,0.9,-4.3,50.2,54.7,-1.375246,1.209677,2.236,1.008,1.863,11.4,5.8,-5.6
2022-07-28,2.1,6.1,0.9,-4.3,50.2,54.7,-1.375246,1.209677,2.226,1.014,1.854,11.4,5.8,-5.6
2022-07-29,2.1,6.1,0.9,-4.3,50.2,54.7,-1.375246,1.209677,2.218,1.254,1.846,11.4,5.8,-5.6
2022-07-31,2.1,6.1,0.9,-4.3,49.0,53.8,-2.777778,-2.390438,2.218,1.254,1.846,11.4,5.8,-5.6
2022-08-01,2.1,6.1,0.9,-4.3,49.0,53.8,-2.777778,-2.390438,2.193,1.177,1.825,11.4,5.8,-5.6
2022-08-02,2.1,6.1,0.9,-4.3,49.0,53.8,-2.777778,-2.390438,2.151,1.076,1.799,11.4,5.8,-5.6
2022-08-03,2.1,6.1,0.9,-4.3,49.0,53.8,-2.777778,-2.390438,2.119,1.026,1.767,11.4,5.8,-5.6
2022-08-04,2.1,6.1,0.9,-4.3,49.0,53.8,-2.777778,-2.390438,2.079,1.025,1.729,11.4,5.8,-5.6
2022-08-05,2.1,6.1,0.9,-4.3,49.0,53.8,-2.777778,-2.390438,2.043,1.019,1.699,11.4,5.8,-5.6
2022-08-08,2.1,6.1,0.9,-4.3,49.0,53.8,-2.777778,-2.390438,2.013,1.013,1.667,11.4,5.8,-5.6
2022-08-09,2.1,6.1,0.9,-4.3,49.0,53.8,-2.777778,-2.390438,1.997,1.018,1.647,11.4,5.8,-5.6
2022-08-10,2.1,4.2,0.9,-4.3,49.0,53.8,-2.777778,-2.390438,1.988,1.068,1.637,11.4,5.8,-5.6
2022-08-11,2.1,4.2,0.9,-4.3,49.0,53.8,-2.777778,-2.390438,1.99,1.03,1.629,11.4,5.8,-5.6
2022-08-12,2.1,4.2,0.9,-4.3,49.0,53.8,-2.777778,-2.390438,1.995,1.044,1.622,12.0,6.7,-5.3
2022-08-15,2.1,4.2,0.9,-4.3,49.0,53.8,-2.777778,-2.390438,1.978,1.043,1.607,12.0,6.7,-5.3
2022-08-16,2.1,4.2,0.9,-4.3,49.0,53.8,-2.777778,-2.390438,1.965,1.075,1.599,12.0,6.7,-5.3
2022-08-17,2.1,4.2,0.9,-4.3,49.0,53.8,-2.777778,-2.390438,1.964,1.138,1.598,12.0,6.7,-5.3
2022-08-18,2.1,4.2,0.9,-4.3,49.0,53.8,-2.777778,-2.390438,1.961,1.187,1.598,12.0,6.7,-5.3
2022-08-19,2.1,4.2,0.9,-4.3,49.0,53.8,-2.777778,-2.390438,1.961,1.211,1.597,12.0,6.7,-5.3
2022-08-22,2.1,4.2,0.9,-4.3,49.0,53.8,-2.777778,-2.390438,1.96,1.1433,1.5956,12.0,6.7,-5.3
2022-08-23,2.1,4.2,0.9,-4.3,49.0,53.8,-2.777778,-2.390438,1.959,1.109,1.594,12.0,6.7,-5.3
2022-08-24,2.1,4.2,0.9,-4.3,49.0,53.8,-2.777778,-2.390438,1.96,1.122,1.593,12.0,6.7,-5.3
2022-08-25,2.1,4.2,0.9,-4.3,49.0,53.8,-2.777778,-2.390438,1.963,1.153,1.593,12.0,6.7,-5.3
2022-08-26,2.1,4.2,0.9,-4.3,49.0,53.8,-2.777778,-2.390438,1.969,1.258,1.594,12.0,6.7,-5.3
2022-08-29,2.1,4.2,0.9,-4.3,49.0,53.8,-2.777778,-2.390438,1.973,1.235,1.596,12.0,6.7,-5.3
2022-08-30,2.1,4.2,0.9,-4.3,49.0,53.8,-2.777778,-2.390438,1.973,1.124,1.599,12.0,6.7,-5.3
2022-08-31,2.1,4.2,0.9,-4.3,49.4,52.6,-1.397206,0.816327,1.974,1.401,1.6,12.0,6.7,-5.3
2022-09-01,2.1,4.2,0.9,-4.3,49.4,52.6,-1.397206,0.816327,1.972,1.463,1.6,12.0,6.7,-5.3
2022-09-02,2.1,4.2,0.9,-4.3,49.4,52.6,-1.397206,0.816327,1.97,1.175,1.6,12.0,6.7,-5.3
2022-09-05,2.1,4.2,0.9,-4.3,49.4,52.6,-1.397206,0.816327,1.971,1.033,1.6,12.0,6.7,-5.3
2022-09-06,2.1,4.2,0.9,-4.3,49.4,52.6,-1.397206,0.816327,1.971,1.069,1.6,12.0,6.7,-5.3
2022-09-07,2.1,4.2,0.9,-4.3,49.4,52.6,-1.397206,0.816327,1.971,1.113,1.6,12.0,6.7,-5.3
2022-09-08,2.1,4.2,0.9,-4.3,49.4,52.6,-1.397206,0.816327,1.971,1.159,1.601,12.0,6.7,-5.3
2022-09-09,2.1,2.3,0.9,-4.3,49.4,52.6,-1.397206,0.816327,1.969,1.173,1.6,12.2,6.1,-6.1
2022-09-13,2.1,2.3,0.9,-4.3,49.4,52.6,-1.397206,0.816327,1.972,1.171,1.599,12.2,6.1,-6.1
2022-09-14,2.1,2.3,0.9,-4.3,49.4,52.6,-1.397206,0.816327,1.974,1.173,1.599,12.2,6.1,-6.1
2022-09-15,2.1,2.3,0.9,-4.3,49.4,52.6,-1.397206,0.816327,1.974,1.226,1.599,12.2,6.1,-6.1
2022-09-16,2.1,2.3,0.9,-4.3,49.4,52.6,-1.397206,0.816327,1.977,1.294,1.599,12.2,6.1,-6.1
2022-09-19,2.1,2.3,0.9,-4.3,49.4,52.6,-1.397206,0.816327,1.984,1.41,1.601,12.2,6.1,-6.1
2022-09-20,2.1,2.3,0.9,-4.3,49.4,52.6,-1.397206,0.816327,1.99,1.458,1.606,12.2,6.1,-6.1
2022-09-21,2.1,2.3,0.9,-4.3,49.4,52.6,-1.397206,0.816327,1.996,1.468,1.607,12.2,6.1,-6.1
2022-09-22,2.1,2.3,0.9,-4.3,49.4,52.6,-1.397206,0.816327,1.996,1.461,1.609,12.2,6.1,-6.1
2022-09-23,2.1,2.3,0.9,-4.3,49.4,52.6,-1.397206,0.816327,1.995,1.465,1.612,12.2,6.1,-6.1
2022-09-26,2.1,2.3,0.9,-4.3,49.4,52.6,-1.397206,0.816327,1.995,1.429,1.621,12.2,6.1,-6.1
2022-09-27,2.1,2.3,0.9,-4.3,49.4,52.6,-1.397206,0.816327,2.0,1.399,1.634,12.2,6.1,-6.1
2022-09-28,2.1,2.3,0.9,-4.3,49.4,52.6,-1.397206,0.816327,2.006,1.27,1.652,12.2,6.1,-6.1
2022-09-29,2.1,2.3,0.9,-4.3,49.4,52.6,-1.397206,0.816327,2.011,0.964,1.666,12.2,6.1,-6.1
2022-09-30,2.1,2.3,0.9,-4.3,50.1,50.6,1.008065,1.417004,2.016,2.081,1.673,12.2,6.1,-6.1
2022-10-08,2.1,2.3,0.9,-4.3,50.1,50.6,1.008065,1.417004,2.009,1.652,1.676,12.2,6.1,-6.1
2022-10-09,2.1,2.3,0.9,-4.3,50.1,50.6,1.008065,1.417004,2.006,1.178,1.674,12.2,6.1,-6.1
2022-10-10,2.1,2.3,0.9,-4.3,50.1,50.6,1.008065,1.417004,2.004,1.11,1.679,12.2,6.1,-6.1
2022-10-11,2.1,2.3,0.9,-4.3,50.1,50.6,1.008065,1.417004,2.004,1.183,1.678,12.1,6.4,-5.7
2022-10-12,2.1,2.3,0.9,-4.3,50.1,50.6,1.008065,1.417004,2.002,1.155,1.671,12.1,6.4,-5.7
2022-10-13,2.1,2.3,0.9,-4.3,50.1,50.6,1.008065,1.417004,2.003,1.182,1.677,12.1,6.4,-5.7
2022-10-14,2.1,0.9,0.9,-4.3,50.1,50.6,1.008065,1.417004,2.003,1.133,1.68,12.1,6.4,-5.7
2022-10-17,2.1,0.9,0.9,-4.3,50.1,50.6,1.008065,1.417004,2.004,1.167,1.684,12.1,6.4,-5.7
2022-10-18,2.1,0.9,0.9,-4.3,50.1,50.6,1.008065,1.417004,2.004,1.134,1.686,12.1,6.4,-5.7
2022-10-19,2.1,0.9,0.9,-4.3,50.1,50.6,1.008065,1.417004,2.005,1.116,1.691,12.1,6.4,-5.7
2022-10-20,2.1,0.9,0.9,-4.3,50.1,50.6,1.008065,1.417004,2.008,1.154,1.697,12.1,6.4,-5.7
2022-10-21,2.1,0.9,0.9,-4.3,50.1,50.6,1.008065,1.417004,2.014,1.23,1.702,12.1,6.4,-5.7
2022-10-24,2.1,0.9,0.9,-4.3,50.1,50.6,1.008065,1.417004,2.02,1.394,1.71,12.1,6.4,-5.7
2022-10-25,2.1,0.9,0.9,-4.3,50.1,50.6,1.008065,1.417004,2.027,1.763,1.724,12.1,6.4,-5.7
2022-10-26,2.1,0.9,0.9,-4.3,50.1,50.6,1.008065,1.417004,2.034,1.775,1.734,12.1,6.4,-5.7
2022-10-27,2.1,0.9,0.9,-4.3,50.1,50.6,1.008065,1.417004,2.036,1.764,1.741,12.1,6.4,-5.7
2022-10-28,2.1,0.9,0.9,-4.3,50.1,50.6,1.008065,1.417004,2.036,1.327,1.743,12.1,6.4,-5.7
2022-10-31,2.1,0.9,0.9,-4.3,49.2,48.7,0.0,-1.796407,2.037,1.739,1.745,12.1,6.4,-5.7
2022-11-01,2.1,0.9,0.9,-4.3,49.2,48.7,0.0,-1.796407,2.038,1.843,1.75,12.1,6.4,-5.7
2022-11-02,2.1,0.9,0.9,-4.3,49.2,48.7,0.0,-1.796407,2.039,1.755,1.752,12.1,6.4,-5.7
2022-11-03,2.1,0.9,0.9,-4.3,49.2,48.7,0.0,-1.796407,2.04,1.324,1.752,12.1,6.4,-5.7
2022-11-04,2.1,0.9,0.9,-4.3,49.2,48.7,0.0,-1.796407,2.043,1.386,1.754,12.1,6.4,-5.7
2022-11-07,2.1,0.9,0.9,-4.3,49.2,48.7,0.0,-1.796407,2.049,1.62,1.769,12.1,6.4,-5.7
2022-11-08,2.1,0.9,0.9,-4.3,49.2,48.7,0.0,-1.796407,2.054,1.756,1.781,12.1,6.4,-5.7
2022-11-09,2.1,0.9,0.6,3.4,49.2,48.7,0.0,-1.796407,2.062,1.808,1.807,12.1,6.4,-5.7
2022-11-10,2.1,0.9,0.6,3.4,49.2,48.7,0.0,-1.796407,2.076,1.826,1.838,11.8,5.8,-6.0
2022-11-11,2.1,0.9,0.6,3.4,49.2,48.7,0.0,-1.796407,2.092,1.704,1.868,11.8,5.8,-6.0
2022-11-14,2.1,0.9,0.6,3.4,49.2,48.7,0.0,-1.796407,2.133,1.646,1.912,11.8,5.8,-6.0
2022-11-15,2.1,0.9,0.6,3.4,49.2,48.7,0.0,-1.796407,2.224,1.853,2.009,11.8,5.8,-6.0
2022-11-16,2.1,0.9,0.6,3.4,49.2,48.7,0.0,-1.796407,2.349,1.936,2.116,11.8,5.8,-6.0
2022-11-17,2.1,0.9,0.6,3.4,49.2,48.7,0.0,-1.796407,2.436,1.699,2.213,11.8,5.8,-6.0
2022-11-18,2.1,0.9,0.6,3.4,49.2,48.7,0.0,-1.796407,2.449,1.364,2.238,11.8,5.8,-6.0
2022-11-21,2.1,0.9,0.6,3.4,49.2,48.7,0.0,-1.796407,2.463,1.139,2.241,11.8,5.8,-6.0
2022-11-22,2.1,0.9,0.6,3.4,49.2,48.7,0.0,-1.796407,2.476,0.871,2.248,11.8,5.8,-6.0
2022-11-23,2.1,0.9,0.6,3.4,49.2,48.7,0.0,-1.796407,2.482,1.039,2.25,11.8,5.8,-6.0
2022-11-24,2.1,0.9,0.6,3.4,49.2,48.7,0.0,-1.796407,2.437,1.044,2.195,11.8,5.8,-6.0
2022-11-25,2.1,0.9,0.6,3.4,49.2,48.7,0.0,-1.796407,2.419,1.021,2.188,11.8,5.8,-6.0
2022-11-28,2.1,0.9,0.6,3.4,49.2,48.7,0.0,-1.796407,2.417,1.033,2.185,11.8,5.8,-6.0
2022-11-29,2.1,0.9,0.6,3.4,49.2,48.7,0.0,-1.796407,2.423,1.023,2.186,11.8,5.8,-6.0
2022-11-30,2.1,0.9,0.6,3.4,48.0,46.7,-4.191617,-2.439024,2.435,1.515,2.193,11.8,5.8,-6.0
2022-12-01,2.1,0.9,0.6,3.4,48.0,46.7,-4.191617,-2.439024,2.445,1.458,2.197,11.8,5.8,-6.0
2022-12-02,2.1,0.9,0.6,3.4,48.0,46.7,-4.191617,-2.439024,2.454,1.157,2.2,11.8,5.8,-6.0
2022-12-05,2.1,0.9,0.6,3.4,48.0,46.7,-4.191617,-2.439024,2.46,1.08,2.201,11.8,5.8,-6.0
2022-12-06,2.1,0.9,0.6,3.4,48.0,46.7,-4.191617,-2.439024,2.465,1.043,2.207,11.8,5.8,-6.0
2022-12-07,2.1,0.9,0.6,3.4,48.0,46.7,-4.191617,-2.439024,2.476,1.007,2.231,11.8,5.8,-6.0
2022-12-08,2.1,0.9,0.6,3.4,48.0,46.7,-4.191617,-2.439024,2.488,1.064,2.25,11.8,5.8,-6.0
2022-12-09,2.1,-1.3,0.6,3.4,48.0,46.7,-4.191617,-2.439024,2.5,1.071,2.259,11.8,5.8,-6.0
2022-12-12,2.1,-1.3,0.6,3.4,48.0,46.7,-4.191617,-2.439024,2.514,1.052,2.273,12.4,4.6,-7.8
2022-12-13,2.1,-1.3,0.6,3.4,48.0,46.7,-4.191617,-2.439024,2.532,1.032,2.283,12.4,4.6,-7.8
2022-12-14,2.1,-1.3,0.6,3.4,48.0,46.7,-4.191617,-2.439024,2.547,1.199,2.298,12.4,4.6,-7.8
2022-12-15,2.1,-1.3,0.6,3.4,48.0,46.7,-4.191617,-2.439024,2.569,1.223,2.321,12.4,4.6,-7.8
2022-12-16,2.1,-1.3,0.6,3.4,48.0,46.7,-4.191617,-2.439024,2.587,1.224,2.339,12.4,4.6,-7.8
2022-12-19,2.1,-1.3,0.6,3.4,48.0,46.7,-4.191617,-2.439024,2.596,1.217,2.355,12.4,4.6,-7.8
2022-12-20,2.1,-1.3,0.6,3.4,48.0,46.7,-4.191617,-2.439024,2.603,1.166,2.361,12.4,4.6,-7.8
2022-12-21,2.1,-1.3,0.6,3.4,48.0,46.7,-4.191617,-2.439024,2.613,0.921,2.384,12.4,4.6,-7.8
2022-12-22,2.1,-1.3,0.6,3.4,48.0,46.7,-4.191617,-2.439024,2.617,0.783,2.395,12.4,4.6,-7.8
2022-12-23,2.1,-1.3,0.6,3.4,48.0,46.7,-4.191617,-2.439024,2.626,0.585,2.402,12.4,4.6,-7.8
2022-12-26,2.1,-1.3,0.6,3.4,48.0,46.7,-4.191617,-2.439024,2.623,0.82,2.405,12.4,4.6,-7.8
2022-12-27,2.1,-1.3,0.6,3.4,48.0,46.7,-4.191617,-2.439024,2.62,0.632,2.411,12.4,4.6,-7.8
2022-12-28,2.1,-1.3,0.6,3.4,48.0,46.7,-4.191617,-2.439024,2.62,0.522,2.416,12.4,4.6,-7.8
2022-12-29,2.1,-1.3,0.6,3.4,48.0,46.7,-4.191617,-2.439024,2.619,0.441,2.418,12.4,4.6,-7.8
2022-12-30,2.1,-1.3,0.6,3.4,48.0,46.7,-4.191617,-2.439024,2.619,1.957,2.422,12.4,4.6,-7.8
2022-12-31,2.1,-1.3,0.6,3.4,47.0,41.6,-6.560636,-2.083333,2.619,1.957,2.422,12.4,4.6,-7.8
2023-01-03,2.1,-1.3,0.6,3.4,47.0,41.6,-6.560636,-2.083333,2.611,1.475,2.415,12.4,4.6,-7.8
2023-01-04,2.1,-1.3,0.6,3.4,47.0,41.6,-6.560636,-2.083333,2.577,1.003,2.38,12.4,4.6,-7.8
2023-01-05,2.1,-1.3,0.6,3.4,47.0,41.6,-6.560636,-2.083333,2.542,0.574,2.352,12.4,4.6,-7.8
2023-01-06,2.1,-1.3,0.6,3.4,47.0,41.6,-6.560636,-2.083333,2.523,0.539,2.335,12.4,4.6,-7.8
2023-01-09,2.1,-1.3,0.6,3.4,47.0,41.6,-6.560636,-2.083333,2.518,0.671,2.331,12.4,4.6,-7.8
2023-01-10,2.1,-1.3,0.6,3.4,47.0,41.6,-6.560636,-2.083333,2.523,1.116,2.338,11.8,3.7,-8.1
2023-01-11,2.1,-1.3,0.6,3.4,47.0,41.6,-6.560636,-2.083333,2.54,1.426,2.347,11.8,3.7,-8.1
2023-01-12,2.1,-0.7,0.6,3.4,47.0,41.6,-6.560636,-2.083333,2.55,1.465,2.353,11.8,3.7,-8.1
2023-01-13,2.1,-0.7,0.6,3.4,47.0,41.6,-6.560636,-2.083333,2.553,1.242,2.353,11.8,3.7,-8.1
2023-01-16,2.1,-0.7,0.6,3.4,47.0,41.6,-6.560636,-2.083333,2.559,1.568,2.356,11.8,3.7,-8.1
2023-01-17,2.1,-0.7,0.6,3.4,47.0,41.6,-6.560636,-2.083333,2.571,1.852,2.366,11.8,3.7,-8.1
2023-01-18,2.1,-0.7,0.6,3.4,47.0,41.6,-6.560636,-2.083333,2.579,1.933,2.374,11.8,3.7,-8.1
2023-01-19,2.1,-0.7,0.6,3.4,47.0,41.6,-6.560636,-2.083333,2.584,1.656,2.376,11.8,3.7,-8.1
2023-01-20,2.1,-0.7,0.6,3.4,47.0,41.6,-6.560636,-2.083333,2.583,1.834,2.377,11.8,3.7,-8.1
2023-01-28,2.1,-0.7,0.6,3.4,47.0,41.6,-6.560636,-2.083333,2.581,1.432,2.373,11.8,3.7,-8.1
2023-01-29,2.1,-0.7,0.6,3.4,47.0,41.6,-6.560636,-2.083333,2.577,1.202,2.367,11.8,3.7,-8.1
2023-01-30,2.1,-0.7,0.6,3.4,47.0,41.6,-6.560636,-2.083333,2.578,1.411,2.365,11.8,3.7,-8.1
2023-01-31,2.1,-0.7,0.6,3.4,50.1,54.4,0.0,6.595745,2.58,1.988,2.364,11.8,3.7,-8.1
2023-02-01,2.1,-0.7,0.6,3.4,50.1,54.4,0.0,6.595745,2.581,2.119,2.362,11.8,3.7,-8.1
2023-02-02,2.1,-0.7,0.6,3.4,50.1,54.4,0.0,6.595745,2.584,1.635,2.36,11.8,3.7,-8.1
2023-02-03,2.1,-0.7,0.6,3.4,50.1,54.4,0.0,6.595745,2.59,1.262,2.357,11.8,3.7,-8.1
2023-02-06,2.1,-0.7,0.6,3.4,50.1,54.4,0.0,6.595745,2.597,1.782,2.359,11.8,3.7,-8.1
2023-02-07,2.1,-0.7,0.6,3.4,50.1,54.4,0.0,6.595745,2.605,2.241,2.36,11.8,3.7,-8.1
2023-02-08,2.1,-0.7,0.6,3.4,50.1,54.4,0.0,6.595745,2.613,2.365,2.365,11.8,3.7,-8.1
2023-02-09,2.1,-0.7,0.6,3.4,50.1,54.4,0.0,6.595745,2.618,2.318,2.37,11.8,3.7,-8.1
2023-02-10,2.1,-0.8,0.6,3.4,50.1,54.4,0.0,6.595745,2.621,1.865,2.371,12.6,6.7,-5.9
2023-02-13,2.1,-0.8,0.6,3.4,50.1,54.4,0.0,6.595745,2.621,1.412,2.371,12.6,6.7,-5.9
2023-02-14,2.1,-0.8,0.6,3.4,50.1,54.4,0.0,6.595745,2.623,1.576,2.373,12.6,6.7,-5.9
2023-02-15,2.1,-0.8,0.6,3.4,50.1,54.4,0.0,6.595745,2.624,1.902,2.379,12.6,6.7,-5.9
2023-02-16,2.1,-0.8,0.6,3.4,50.1,54.4,0.0,6.595745,2.626,2.005,2.383,12.6,6.7,-5.9
2023-02-17,2.1,-0.8,0.6,3.4,50.1,54.4,0.0,6.595745,2.635,2.115,2.385,12.6,6.7,-5.9
2023-02-20,2.1,-0.8,0.6,3.4,50.1,54.4,0.0,6.595745,2.643,2.157,2.392,12.6,6.7,-5.9
2023-02-21,2.1,-0.8,0.6,3.4,50.1,54.4,0.0,6.595745,2.648,2.195,2.397,12.6,6.7,-5.9
2023-02-22,2.1,-0.8,0.6,3.4,50.1,54.4,0.0,6.595745,2.66,1.765,2.403,12.6,6.7,-5.9
2023-02-23,2.1,-0.8,0.6,3.4,50.1,54.4,0.0,6.595745,2.668,1.475,2.406,12.6,6.7,-5.9
2023-02-24,2.1,-0.8,0.6,3.4,50.1,54.4,0.0,6.595745,2.68,1.433,2.416,12.6,6.7,-5.9
2023-02-27,2.1,-0.8,0.6,3.4,50.1,54.4,0.0,6.595745,2.692,1.817,2.423,12.6,6.7,-5.9
2023-02-28,2.1,-0.8,0.6,3.4,50.1,54.4,0.0,6.595745,2.704,2.083,2.437,12.6,6.7,-5.9
2023-03-01,2.1,-0.8,0.6,3.4,52.6,56.3,4.780876,4.99002,2.711,2.087,2.45,12.6,6.7,-5.9
2023-03-02,2.1,-0.8,0.6,3.4,52.6,56.3,4.780876,4.99002,2.718,1.62,2.459,12.6,6.7,-5.9
2023-03-03,2.1,-0.8,0.6,3.4,52.6,56.3,4.780876,4.99002,2.725,1.291,2.466,12.6,6.7,-5.9
2023-03-06,2.1,-0.8,0.6,3.4,52.6,56.3,4.780876,4.99002,2.732,1.231,2.469,12.6,6.7,-5.9
2023-03-07,2.1,-0.8,0.6,3.4,52.6,56.3,4.780876,4.99002,2.738,1.436,2.476,12.6,6.7,-5.9
2023-03-08,2.1,-0.8,0.6,3.4,52.6,56.3,4.780876,4.99002,2.745,1.648,2.486,12.6,6.7,-5.9
2023-03-09,2.1,-1.4,0.6,3.4,52.6,56.3,4.780876,4.99002,2.75,1.373,2.491,12.6,6.7,-5.9
2023-03-10,2.1,-1.4,0.6,3.4,52.6,56.3,4.780876,4.99002,2.75,1.829,2.497,12.9,5.8,-7.1
2023-03-13,2.1,-1.4,0.6,3.4,52.6,56.3,4.780876,4.99002,2.749,1.614,2.498,12.9,5.8,-7.1
2023-03-14,2.1,-1.4,0.6,3.4,52.6,56.3,4.780876,4.99002,2.746,1.829,2.499,12.9,5.8,-7.1
2023-03-15,2.1,-1.4,0.6,3.4,52.6,56.3,4.780876,4.99002,2.745,2.109,2.5,12.9,5.8,-7.1
2023-03-16,2.1,-1.4,0.6,3.4,52.6,56.3,4.780876,4.99002,2.744,2.294,2.5,12.9,5.8,-7.1
2023-03-17,2.1,-1.4,0.6,3.4,52.6,56.3,4.780876,4.99002,2.74,2.262,2.5,12.9,5.8,-7.1
2023-03-20,2.1,-1.4,0.6,3.4,52.6,56.3,4.780876,4.99002,2.723,2.273,2.492,12.9,5.8,-7.1
2023-03-21,2.1,-1.4,0.6,3.4,52.6,56.3,4.780876,4.99002,2.699,2.459,2.487,12.9,5.8,-7.1
2023-03-22,2.1,-1.4,0.6,3.4,52.6,56.3,4.780876,4.99002,2.687,2.024,2.479,12.9,5.8,-7.1
2023-03-23,2.1,-1.4,0.6,3.4,52.6,56.3,4.780876,4.99002,2.683,1.558,2.476,12.9,5.8,-7.1
2023-03-24,2.1,-1.4,0.6,3.4,52.6,56.3,4.780876,4.99002,2.678,1.288,2.473,12.9,5.8,-7.1
2023-03-27,2.1,-1.4,0.6,3.4,52.6,56.3,4.780876,4.99002,2.676,1.106,2.468,12.9,5.8,-7.1
2023-03-28,2.1,-1.4,0.6,3.4,52.6,56.3,4.780876,4.99002,2.674,1.121,2.464,12.9,5.8,-7.1
2023-03-29,2.1,-1.4,0.6,3.4,52.6,56.3,4.780876,4.99002,2.671,0.901,2.456,12.9,5.8,-7.1
2023-03-30,2.1,-1.4,0.6,3.4,52.6,56.3,4.780876,4.99002,2.667,0.836,2.454,12.9,5.8,-7.1
2023-03-31,2.1,-1.4,0.6,3.4,51.9,58.2,4.848485,-1.330798,2.666,1.838,2.448,12.9,5.8,-7.1
2023-04-03,2.1,-1.4,0.6,3.4,51.9,58.2,4.848485,-1.330798,2.66,1.354,2.429,12.9,5.8,-7.1
2023-04-04,2.1,-1.4,0.6,3.4,51.9,58.2,4.848485,-1.330798,2.654,1.103,2.423,12.9,5.8,-7.1
2023-04-06,2.1,-1.4,0.6,3.4,51.9,58.2,4.848485,-1.330798,2.648,1.34,2.414,12.9,5.8,-7.1
2023-04-07,2.1,-1.4,0.6,3.4,51.9,58.2,4.848485,-1.330798,2.649,1.374,2.41,12.9,5.8,-7.1
2023-04-10,2.1,-1.4,0.6,3.4,51.9,58.2,4.848485,-1.330798,2.65,1.324,2.414,12.9,5.8,-7.1
2023-04-11,0.7,-1.4,0.7,3.2,51.9,58.2,4.848485,-1.330798,2.65,1.421,2.415,12.7,5.1,-7.6
2023-04-12,0.7,-1.4,0.7,3.2,51.9,58.2,4.848485,-1.330798,2.65,1.39,2.418,12.7,5.1,-7.6
2023-04-13,0.7,-1.4,0.7,3.2,51.9,58.2,4.848485,-1.330798,2.65,1.326,2.421,12.7,5.1,-7.6
2023-04-14,0.7,-1.4,0.7,3.2,51.9,58.2,4.848485,-1.330798,2.65,1.605,2.422,12.7,5.1,-7.6
2023-04-17,0.7,-1.4,0.7,3.2,51.9,58.2,4.848485,-1.330798,2.649,1.818,2.424,12.7,5.1,-7.6
2023-04-18,0.7,-1.4,0.7,3.2,51.9,58.2,4.848485,-1.330798,2.65,2.047,2.426,12.7,5.1,-7.6
2023-04-19,0.7,-1.4,0.7,3.2,51.9,58.2,4.848485,-1.330798,2.65,2.13,2.432,12.7,5.1,-7.6
2023-04-20,0.7,-1.4,0.7,3.2,51.9,58.2,4.848485,-1.330798,2.649,2.207,2.429,12.7,5.1,-7.6
2023-04-21,0.7,-1.4,0.7,3.2,51.9,58.2,4.848485,-1.330798,2.649,2.272,2.429,12.7,5.1,-7.6
2023-04-23,0.7,-1.4,0.7,3.2,51.9,58.2,4.848485,-1.330798,2.649,1.806,2.429,12.7,5.1,-7.6
2023-04-24,0.7,-1.4,0.7,3.2,51.9,58.2,4.848485,-1.330798,2.649,1.599,2.43,12.7,5.1,-7.6
2023-04-25,0.7,-1.4,0.7,3.2,51.9,58.2,4.848485,-1.330798,2.649,1.683,2.43,12.7,5.1,-7.6
2023-04-26,0.7,-1.4,0.7,3.2,51.9,58.2,4.848485,-1.330798,2.649,1.217,2.43,12.7,5.1,-7.6
2023-04-27,0.7,-1.4,0.7,3.2,51.9,58.2,4.848485,-1.330798,2.648,0.868,2.43,12.7,5.1,-7.6
2023-04-28,0.7,-1.4,0.7,3.2,51.9,58.2,4.848485,-1.330798,2.645,2.134,2.428,12.7,5.1,-7.6
2023-04-30,0.7,-1.4,0.7,3.2,49.2,56.4,3.797468,-5.202312,2.645,2.134,2.428,12.7,5.1,-7.6
2023-05-04,0.7,-1.4,0.7,3.2,49.2,56.4,3.797468,-5.202312,2.636,1.658,2.414,12.7,5.1,-7.6
2023-05-05,0.7,-1.4,0.7,3.2,49.2,56.4,3.797468,-5.202312,2.618,1.234,2.401,12.7,5.1,-7.6
2023-05-06,0.7,-1.4,0.7,3.2,49.2,56.4,3.797468,-5.202312,2.603,1.095,2.393,12.7,5.1,-7.6
2023-05-08,0.7,-1.4,0.7,3.2,49.2,56.4,3.797468,-5.202312,2.596,1.408,2.386,12.7,5.1,-7.6
2023-05-09,0.7,-1.4,0.7,3.2,49.2,56.4,3.797468,-5.202312,2.583,1.239,2.377,12.7,5.1,-7.6
2023-05-10,0.7,-1.4,0.7,3.2,49.2,56.4,3.797468,-5.202312,2.569,1.11,2.363,12.7,5.1,-7.6
2023-05-11,0.7,-3.6,0.7,3.2,49.2,56.4,3.797468,-5.202312,2.548,1.102,2.349,12.4,5.3,-7.1
2023-05-12,0.7,-3.6,0.7,3.2,49.2,56.4,3.797468,-5.202312,2.524,1.32,2.325,12.4,5.3,-7.1
2023-05-15,0.7,-3.6,0.7,3.2,49.2,56.4,3.797468,-5.202312,2.508,1.523,2.311,12.4,5.3,-7.1
2023-05-16,0.7,-3.6,0.7,3.2,49.2,56.4,3.797468,-5.202312,2.496,1.476,2.294,12.4,5.3,-7.1
2023-05-17,0.7,-3.6,0.7,3.2,49.2,56.4,3.797468,-5.202312,2.49,1.54,2.288,12.4,5.3,-7.1
2023-05-18,0.7,-3.6,0.7,3.2,49.2,56.4,3.797468,-5.202312,2.49,1.463,2.278,12.4,5.3,-7.1
2023-05-19,0.7,-3.6,0.7,3.2,49.2,56.4,3.797468,-5.202312,2.489,1.408,2.269,12.4,5.3,-7.1
2023-05-22,0.7,-3.6,0.7,3.2,49.2,56.4,3.797468,-5.202312,2.489,1.276,2.262,12.4,5.3,-7.1
2023-05-23,0.7,-3.6,0.7,3.2,49.2,56.4,3.797468,-5.202312,2.484,1.224,2.255,12.4,5.3,-7.1
2023-05-24,0.7,-3.6,0.7,3.2,49.2,56.4,3.797468,-5.202312,2.481,1.271,2.252,12.4,5.3,-7.1
2023-05-25,0.7,-3.6,0.7,3.2,49.2,56.4,3.797468,-5.202312,2.478,1.578,2.243,12.4,5.3,-7.1
2023-05-26,0.7,-3.6,0.7,3.2,49.2,56.4,3.797468,-5.202312,2.478,1.438,2.238,12.4,5.3,-7.1
2023-05-29,0.7,-3.6,0.7,3.2,49.2,56.4,3.797468,-5.202312,2.474,1.37,2.233,12.4,5.3,-7.1
2023-05-30,0.7,-3.6,0.7,3.2,49.2,56.4,3.797468,-5.202312,2.468,1.296,2.223,12.4,5.3,-7.1
2023-05-31,0.7,-3.6,0.7,3.2,48.8,54.5,-1.612903,-0.813008,2.464,1.716,2.219,12.4,5.3,-7.1
2023-06-01,0.7,-3.6,0.7,3.2,48.8,54.5,-1.612903,-0.813008,2.453,1.74,2.213,12.4,5.3,-7.1
2023-06-02,0.7,-3.6,0.7,3.2,48.8,54.5,-1.612903,-0.813008,2.435,1.307,2.199,12.4,5.3,-7.1
2023-06-05,0.7,-3.6,0.7,3.2,48.8,54.5,-1.612903,-0.813008,2.427,1.23,2.193,12.4,5.3,-7.1
2023-06-06,0.7,-3.6,0.7,3.2,48.8,54.5,-1.612903,-0.813008,2.422,1.275,2.186,12.4,5.3,-7.1
2023-06-07,0.7,-3.6,0.7,3.2,48.8,54.5,-1.612903,-0.813008,2.414,1.404,2.181,12.4,5.3,-7.1
2023-06-08,0.7,-3.6,0.7,3.2,48.8,54.5,-1.612903,-0.813008,2.409,1.339,2.177,12.4,5.3,-7.1
2023-06-09,0.7,-4.6,0.7,3.2,48.8,54.5,-1.612903,-0.813008,2.404,1.251,2.161,12.4,5.3,-7.1
2023-06-12,0.7,-4.6,0.7,3.2,48.8,54.5,-1.612903,-0.813008,2.397,1.289,2.148,12.4,5.3,-7.1
2023-06-13,0.7,-4.6,0.7,3.2,48.8,54.5,-1.612903,-0.813008,2.381,1.673,2.134,11.6,4.7,-6.9
2023-06-14,0.7,-4.6,0.7,3.2,48.8,54.5,-1.612903,-0.813008,2.363,1.321,2.12,11.6,4.7,-6.9
2023-06-15,0.7,-4.6,0.7,3.2,48.8,54.5,-1.612903,-0.813008,2.346,1.43,2.106,11.6,4.7,-6.9
2023-06-16,0.7,-4.6,0.7,3.2,48.8,54.5,-1.612903,-0.813008,2.348,1.92,2.105,11.6,4.7,-6.9
2023-06-19,0.7,-4.6,0.7,3.2,48.8,54.5,-1.612903,-0.813008,2.354,2.228,2.114,11.6,4.7,-6.9
2023-06-20,0.7,-4.6,0.7,3.2,48.8,54.5,-1.612903,-0.813008,2.357,1.989,2.126,11.6,4.7,-6.9
2023-06-21,0.7,-4.6,0.7,3.2,48.8,54.5,-1.612903,-0.813008,2.36,1.844,2.135,11.6,4.7,-6.9
2023-06-25,0.7,-4.6,0.7,3.2,48.8,54.5,-1.612903,-0.813008,2.36,1.413,2.144,11.6,4.7,-6.9
2023-06-26,0.7,-4.6,0.7,3.2,48.8,54.5,-1.612903,-0.813008,2.366,1.15,2.148,11.6,4.7,-6.9
2023-06-27,0.7,-4.6,0.7,3.2,48.8,54.5,-1.612903,-0.813008,2.374,1.112,2.155,11.6,4.7,-6.9
2023-06-28,0.7,-4.6,0.7,3.2,48.8,54.5,-1.612903,-0.813008,2.376,1.107,2.161,11.6,4.7,-6.9
2023-06-29,0.7,-4.6,0.7,3.2,48.8,54.5,-1.612903,-0.813008,2.38,1.086,2.167,11.6,4.7,-6.9
2023-06-30,0.7,-4.6,0.7,3.2,49.0,53.2,-2.390438,0.409836,2.379,1.484,2.168,11.6,4.7,-6.9
2023-07-03,0.7,-4.6,0.7,3.2,49.0,53.2,-2.390438,0.409836,2.377,1.056,2.165,11.6,4.7,-6.9
2023-07-04,0.7,-4.6,0.7,3.2,49.0,53.2,-2.390438,0.409836,2.377,1.188,2.164,11.6,4.7,-6.9
2023-07-05,0.7,-4.6,0.7,3.2,49.0,53.2,-2.390438,0.409836,2.375,1.117,2.158,11.6,4.7,-6.9
2023-07-06,0.7,-4.6,0.7,3.2,49.0,53.2,-2.390438,0.409836,2.368,1.048,2.147,11.6,4.7,-6.9
2023-07-07,0.7,-4.6,0.7,3.2,49.0,53.2,-2.390438,0.409836,2.36,1.104,2.138,11.6,4.7,-6.9
2023-07-10,0.0,-4.6,0.4,5.4,49.0,53.2,-2.390438,0.409836,2.352,1.154,2.128,11.6,4.7,-6.9
2023-07-11,0.0,-4.6,0.4,5.4,49.0,53.2,-2.390438,0.409836,2.349,1.183,2.118,11.3,3.1,-8.2
2023-07-12,0.0,-4.6,0.4,5.4,49.0,53.2,-2.390438,0.409836,2.345,1.235,2.109,11.3,3.1,-8.2
2023-07-13,0.0,-4.6,0.4,5.4,49.0,53.2,-2.390438,0.409836,2.341,1.439,2.107,11.3,3.1,-8.2
2023-07-14,0.0,-4.6,0.4,5.4,49.0,53.2,-2.390438,0.409836,2.342,1.332,2.101,11.3,3.1,-8.2
2023-07-17,0.0,-4.6,0.4,5.4,49.0,53.2,-2.390438,0.409836,2.341,1.312,2.1,11.3,3.1,-8.2
2023-07-18,0.0,-4.6,0.4,5.4,49.0,53.2,-2.390438,0.409836,2.34,1.531,2.1,11.3,3.1,-8.2
2023-07-19,0.0,-4.6,0.4,5.4,49.0,53.2,-2.390438,0.409836,2.34,1.65,2.1,11.3,3.1,-8.2
2023-07-20,0.0,-4.6,0.4,5.4,49.0,53.2,-2.390438,0.409836,2.34,1.558,2.1,11.3,3.1,-8.2
2023-07-21,0.0,-4.6,0.4,5.4,49.0,53.2,-2.390438,0.409836,2.339,1.531,2.1,11.3,3.1,-8.2
2023-07-24,0.0,-4.6,0.4,5.4,49.0,53.2,-2.390438,0.409836,2.338,1.534,2.1,11.3,3.1,-8.2
2023-07-25,0.0,-4.6,0.4,5.4,49.0,53.2,-2.390438,0.409836,2.338,1.516,2.1,11.3,3.1,-8.2
2023-07-26,0.0,-4.6,0.4,5.4,49.0,53.2,-2.390438,0.409836,2.338,1.459,2.099,11.3,3.1,-8.2
2023-07-27,0.0,-4.6,0.4,5.4,49.0,53.2,-2.390438,0.409836,2.338,1.396,2.098,11.3,3.1,-8.2
2023-07-28,0.0,-4.6,0.4,5.4,49.0,53.2,-2.390438,0.409836,2.337,1.473,2.098,11.3,3.1,-8.2
2023-07-31,0.0,-4.6,0.4,5.4,49.3,51.5,0.612245,0.612245,2.337,1.847,2.097,11.3,3.1,-8.2
2023-08-01,0.0,-4.6,0.4,5.4,49.3,51.5,0.612245,0.612245,2.337,1.558,2.098,11.3,3.1,-8.2
2023-08-02,0.0,-4.6,0.4,5.4,49.3,51.5,0.612245,0.612245,2.335,1.301,2.098,11.3,3.1,-8.2
2023-08-03,0.0,-4.6,0.4,5.4,49.3,51.5,0.612245,0.612245,2.331,1.083,2.092,11.3,3.1,-8.2
2023-08-04,0.0,-4.6,0.4,5.4,49.3,51.5,0.612245,0.612245,2.325,1.141,2.085,11.3,3.1,-8.2
2023-08-07,0.0,-4.6,0.4,5.4,49.3,51.5,0.612245,0.612245,2.322,1.518,2.08,11.3,3.1,-8.2
2023-08-08,0.0,-4.6,0.4,5.4,49.3,51.5,0.612245,0.612245,2.316,1.361,2.075,11.3,3.1,-8.2
2023-08-09,0.0,-4.4,0.4,5.4,49.3,51.5,0.612245,0.612245,2.314,1.541,2.074,11.3,3.1,-8.2
2023-08-10,0.0,-4.4,0.4,5.4,49.3,51.5,0.612245,0.612245,2.308,1.34,2.067,11.3,3.1,-8.2
2023-08-11,0.0,-4.4,0.4,5.4,49.3,51.5,0.612245,0.612245,2.306,1.331,2.065,10.7,2.3,-8.4
2023-08-14,0.0,-4.4,0.4,5.4,49.3,51.5,0.612245,0.612245,2.304,1.684,2.063,10.7,2.3,-8.4
2023-08-15,0.0,-4.4,0.4,5.4,49.3,51.5,0.612245,0.612245,2.29,1.77,2.045,10.7,2.3,-8.4
2023-08-16,0.0,-4.4,0.4,5.4,49.3,51.5,0.612245,0.612245,2.285,1.833,2.04,10.7,2.3,-8.4
2023-08-17,0.0,-4.4,0.4,5.4,49.3,51.5,0.612245,0.612245,2.28,1.842,2.03,10.7,2.3,-8.4
2023-08-18,0.0,-4.4,0.4,5.4,49.3,51.5,0.612245,0.612245,2.273,1.946,2.026,10.7,2.3,-8.4
2023-08-21,0.0,-4.4,0.4,5.4,49.3,51.5,0.612245,0.612245,2.268,1.937,2.024,10.7,2.3,-8.4
2023-08-22,0.0,-4.4,0.4,5.4,49.3,51.5,0.612245,0.612245,2.263,1.818,2.019,10.7,2.3,-8.4
2023-08-23,0.0,-4.4,0.4,5.4,49.3,51.5,0.612245,0.612245,2.258,1.738,2.016,10.7,2.3,-8.4
2023-08-24,0.0,-4.4,0.4,5.4,49.3,51.5,0.612245,0.612245,2.256,1.569,2.016,10.7,2.3,-8.4
2023-08-25,0.0,-4.4,0.4,5.4,49.3,51.5,0.612245,0.612245,2.257,1.819,2.014,10.7,2.3,-8.4
2023-08-28,0.0,-4.4,0.4,5.4,49.3,51.5,0.612245,0.612245,2.262,1.91,2.02,10.7,2.3,-8.4
2023-08-29,0.0,-4.4,0.4,5.4,49.3,51.5,0.612245,0.612245,2.27,1.973,2.028,10.7,2.3,-8.4
2023-08-30,0.0,-4.4,0.4,5.4,49.3,51.5,0.612245,0.612245,2.276,1.911,2.036,10.7,2.3,-8.4
2023-08-31,0.0,-4.4,0.4,5.4,49.7,51.0,0.607287,0.811359,2.28,1.865,2.043,10.7,2.3,-8.4
2023-09-01,0.0,-4.4,0.4,5.4,49.7,51.0,0.607287,0.811359,2.283,1.677,2.044,10.7,2.3,-8.4
2023-09-04,0.0,-4.4,0.4,5.4,49.7,51.0,0.607287,0.811359,2.285,1.528,2.044,10.7,2.3,-8.4
2023-09-05,0.0,-4.4,0.4,5.4,49.7,51.0,0.607287,0.811359,2.287,1.39,2.046,10.7,2.3,-8.4
2023-09-06,0.0,-4.4,0.4,5.4,49.7,51.0,0.607287,0.811359,2.295,1.493,2.052,10.7,2.3,-8.4
2023-09-07,0.0,-4.4,0.4,5.4,49.7,51.0,0.607287,0.811359,2.304,1.84,2.067,10.7,2.3,-8.4
2023-09-08,0.0,-4.4,0.4,5.4,49.7,51.0,0.607287,0.811359,2.309,1.893,2.081,10.7,2.3,-8.4
2023-09-09,0.1,-4.4,0.8,3.1,49.7,51.0,0.607287,0.811359,2.309,1.893,2.081,10.7,2.3,-8.4
2023-09-11,0.1,-4.4,0.8,3.1,49.7,51.0,0.607287,0.811359,2.321,1.906,2.094,10.6,2.2,-8.4
2023-09-12,0.1,-4.4,0.8,3.1,49.7,51.0,0.607287,0.811359,2.331,1.834,2.104,10.6,2.2,-8.4
2023-09-13,0.1,-4.4,0.8,3.1,49.7,51.0,0.607287,0.811359,2.339,1.524,2.117,10.6,2.2,-8.4
2023-09-14,0.1,-4.4,0.8,3.1,49.7,51.0,0.607287,0.811359,2.347,1.766,2.144,10.6,2.2,-8.4
2023-09-15,0.1,-4.4,0.8,3.1,49.7,51.0,0.607287,0.811359,2.361,1.763,2.165,10.6,2.2,-8.4
2023-09-18,0.1,-4.4,0.8,3.1,49.7,51.0,0.607287,0.811359,2.374,1.912,2.194,10.6,2.2,-8.4
2023-09-19,0.1,-4.4,0.8,3.1,49.7,51.0,0.607287,0.811359,2.388,1.837,2.221,10.6,2.2,-8.4
2023-09-20,0.1,-4.4,0.8,3.1,49.7,51.0,0.607287,0.811359,2.402,2.038,2.243,10.6,2.2,-8.4
2023-09-21,0.1,-4.4,0.8,3.1,49.7,51.0,0.607287,0.811359,2.409,1.884,2.26,10.6,2.2,-8.4
2023-09-22,0.1,-4.4,0.8,3.1,49.7,51.0,0.607287,0.811359,2.412,1.727,2.273,10.6,2.2,-8.4
2023-09-25,0.1,-4.4,0.8,3.1,49.7,51.0,0.607287,0.811359,2.416,1.694,2.282,10.6,2.2,-8.4
2023-09-26,0.1,-4.4,0.8,3.1,49.7,51.0,0.607287,0.811359,2.432,1.741,2.294,10.6,2.2,-8.4
2023-09-27,0.1,-4.4,0.8,3.1,49.7,51.0,0.607287,0.811359,2.44,1.706,2.303,10.6,2.2,-8.4
2023-09-28,0.1,-4.4,0.8,3.1,49.7,51.0,0.607287,0.811359,2.446,2.155,2.302,10.6,2.2,-8.4
2023-09-30,0.1,-4.4,0.8,3.1,50.2,51.7,0.199601,1.006036,2.446,2.155,2.302,10.6,2.2,-8.4
2023-10-07,0.1,-4.4,0.8,3.1,50.2,51.7,0.199601,1.006036,2.446,1.701,2.3,10.6,2.2,-8.4
2023-10-08,0.1,-4.4,0.8,3.1,50.2,51.7,0.199601,1.006036,2.447,1.597,2.3,10.6,2.2,-8.4
2023-10-09,0.1,-4.4,0.8,3.1,50.2,51.7,0.199601,1.006036,2.447,1.73,2.3,10.6,2.2,-8.4
2023-10-10,0.1,-4.4,0.8,3.1,50.2,51.7,0.199601,1.006036,2.452,1.827,2.302,10.6,2.2,-8.4
2023-10-11,0.1,-4.4,0.8,3.1,50.2,51.7,0.199601,1.006036,2.457,1.864,2.304,10.6,2.2,-8.4
2023-10-12,0.1,-4.4,0.8,3.1,50.2,51.7,0.199601,1.006036,2.463,1.81,2.305,10.6,2.2,-8.4
2023-10-13,0.0,-4.4,0.8,2.5,50.2,51.7,0.199601,1.006036,2.466,1.741,2.308,10.3,2.1,-8.2
2023-10-16,0.0,-4.4,0.8,2.5,50.2,51.7,0.199601,1.006036,2.474,1.722,2.309,10.3,2.1,-8.2
2023-10-17,0.0,-4.4,0.8,2.5,50.2,51.7,0.199601,1.006036,2.482,1.814,2.313,10.3,2.1,-8.2
2023-10-18,0.0,-4.4,0.8,2.5,50.2,51.7,0.199601,1.006036,2.49,1.835,2.321,10.3,2.1,-8.2
2023-10-19,0.0,-4.4,0.8,2.5,50.2,51.7,0.199601,1.006036,2.497,1.859,2.333,10.3,2.1,-8.2
2023-10-20,0.0,-4.4,0.8,2.5,50.2,51.7,0.199601,1.006036,2.502,1.907,2.34,10.3,2.1,-8.2
2023-10-23,0.0,-4.4,0.8,2.5,50.2,51.7,0.199601,1.006036,2.504,1.931,2.35,10.3,2.1,-8.2
2023-10-24,0.0,-4.4,0.8,2.5,50.2,51.7,0.199601,1.006036,2.507,1.877,2.364,10.3,2.1,-8.2
2023-10-25,0.0,-4.4,0.8,2.5,50.2,51.7,0.199601,1.006036,2.512,1.952,2.378,10.3,2.1,-8.2
2023-10-26,0.0,-4.4,0.8,2.5,50.2,51.7,0.199601,1.006036,2.512,1.65,2.39,10.3,2.1,-8.2
2023-10-27,0.0,-4.4,0.8,2.5,50.2,51.7,0.199601,1.006036,2.515,1.626,2.399,10.3,2.1,-8.2
2023-10-30,0.0,-4.4,0.8,2.5,50.2,51.7,0.199601,1.006036,2.523,1.695,2.406,10.3,2.1,-8.2
2023-10-31,0.0,-4.4,0.8,2.5,49.5,50.6,0.609756,-1.394422,2.53,1.75,2.415,10.3,2.1,-8.2
2023-11-01,0.0,-4.4,0.8,2.5,49.5,50.6,0.609756,-1.394422,2.536,1.789,2.421,10.3,2.1,-8.2
2023-11-02,0.0,-4.4,0.8,2.5,49.5,50.6,0.609756,-1.394422,2.541,1.494,2.426,10.3,2.1,-8.2
2023-11-03,0.0,-4.4,0.8,2.5,49.5,50.6,0.609756,-1.394422,2.543,1.623,2.43,10.3,2.1,-8.2
2023-11-06,0.0,-4.4,0.8,2.5,49.5,50.6,0.609756,-1.394422,2.544,1.579,2.438,10.3,2.1,-8.2
2023-11-07,0.0,-4.4,0.8,2.5,49.5,50.6,0.609756,-1.394422,2.546,1.637,2.445,10.3,2.1,-8.2
2023-11-08,0.0,-4.4,0.8,2.5,49.5,50.6,0.609756,-1.394422,2.552,1.73,2.449,10.3,2.1,-8.2
2023-11-09,-0.2,-4.4,0.6,2.4,49.5,50.6,0.609756,-1.394422,2.553,1.647,2.45,10.3,2.1,-8.2
2023-11-10,-0.2,-4.4,0.6,2.4,49.5,50.6,0.609756,-1.394422,2.56,1.701,2.451,10.3,2.1,-8.2
2023-11-13,-0.2,-4.4,0.6,2.4,49.5,50.6,0.609756,-1.394422,2.561,1.754,2.451,10.3,1.9,-8.4
2023-11-14,-0.2,-4.4,0.6,2.4,49.5,50.6,0.609756,-1.394422,2.562,1.913,2.452,10.3,1.9,-8.4
2023-11-15,-0.2,-4.4,0.6,2.4,49.5,50.6,0.609756,-1.394422,2.562,1.863,2.453,10.3,1.9,-8.4
2023-11-16,-0.2,-4.4,0.6,2.4,49.5,50.6,0.609756,-1.394422,2.562,1.907,2.457,10.3,1.9,-8.4
2023-11-17,-0.2,-4.4,0.6,2.4,49.5,50.6,0.609756,-1.394422,2.5622,1.8822,2.4611,10.3,1.9,-8.4
2023-11-20,-0.2,-4.4,0.6,2.4,49.5,50.6,0.609756,-1.394422,2.561,1.897,2.461,10.3,1.9,-8.4
2023-11-21,-0.2,-4.4,0.6,2.4,49.5,50.6,0.609756,-1.394422,2.561,1.89,2.461,10.3,1.9,-8.4
2023-11-22,-0.2,-4.4,0.6,2.4,49.5,50.6,0.609756,-1.394422,2.562,1.899,2.462,10.3,1.9,-8.4
2023-11-23,-0.2,-4.4,0.6,2.4,49.5,50.6,0.609756,-1.394422,2.561,1.896,2.462,10.3,1.9,-8.4
2023-11-24,-0.2,-4.4,0.6,2.4,49.5,50.6,0.609756,-1.394422,2.561,1.837,2.462,10.3,1.9,-8.4
2023-11-27,-0.2,-4.4,0.6,2.4,49.5,50.6,0.609756,-1.394422,2.563,1.809,2.463,10.3,1.9,-8.4
2023-11-28,-0.2,-4.4,0.6,2.4,49.5,50.6,0.609756,-1.394422,2.564,1.711,2.465,10.3,1.9,-8.4
2023-11-29,-0.2,-4.4,0.6,2.4,49.5,50.6,0.609756,-1.394422,2.564,1.608,2.481,10.3,1.9,-8.4
2023-11-30,-0.2,-4.4,0.6,2.4,49.4,50.2,2.916667,-0.20202,2.564,1.858,2.493,10.3,1.9,-8.4
2023-12-01,-0.2,-4.4,0.6,2.4,49.4,50.2,2.916667,-0.20202,2.565,1.618,2.503,10.3,1.9,-8.4
2023-12-04,-0.2,-4.4,0.6,2.4,49.4,50.2,2.916667,-0.20202,2.567,1.724,2.519,10.3,1.9,-8.4
2023-12-05,-0.2,-4.4,0.6,2.4,49.4,50.2,2.916667,-0.20202,2.571,1.714,2.533,10.3,1.9,-8.4
2023-12-06,-0.2,-4.4,0.6,2.4,49.4,50.2,2.916667,-0.20202,2.577,1.606,2.537,10.3,1.9,-8.4
2023-12-07,-0.2,-4.4,0.6,2.4,49.4,50.2,2.916667,-0.20202,2.6,1.619,2.554,10.3,1.9,-8.4
2023-12-08,-0.2,-4.4,0.6,2.4,49.4,50.2,2.916667,-0.20202,2.621,1.63,2.564,10.3,1.9,-8.4
2023-12-09,-0.2,-3.0,0.6,2.4,49.4,50.2,2.916667,-0.20202,2.621,1.63,2.564,10.3,1.9,-8.4
2023-12-11,-0.2,-3.0,0.6,2.4,49.4,50.2,2.916667,-0.20202,2.635,1.755,2.572,10.3,1.9,-8.4
2023-12-12,-0.2,-3.0,0.6,2.4,49.4,50.2,2.916667,-0.20202,2.644,1.761,2.585,10.3,1.9,-8.4
2023-12-13,-0.2,-3.0,0.6,2.4,49.4,50.2,2.916667,-0.20202,2.647,1.634,2.593,10.0,1.3,-8.7
2023-12-14,-0.2,-3.0,0.6,2.4,49.4,50.2,2.916667,-0.20202,2.649,1.628,2.597,10.0,1.3,-8.7
2023-12-15,-0.2,-3.0,0.6,2.4,49.4,50.2,2.916667,-0.20202,2.649,1.594,2.601,10.0,1.3,-8.7
2023-12-18,-0.2,-3.0,0.6,2.4,49.4,50.2,2.916667,-0.20202,2.649,1.623,2.603,10.0,1.3,-8.7
2023-12-19,-0.2,-3.0,0.6,2.4,49.4,50.2,2.916667,-0.20202,2.65,1.57,2.601,10.0,1.3,-8.7
2023-12-20,-0.2,-3.0,0.6,2.4,49.4,50.2,2.916667,-0.20202,2.65,1.592,2.601,10.0,1.3,-8.7
2023-12-21,-0.2,-3.0,0.6,2.4,49.4,50.2,2.916667,-0.20202,2.651,1.711,2.604,10.0,1.3,-8.7
2023-12-22,-0.2,-3.0,0.6,2.4,49.4,50.2,2.916667,-0.20202,2.652,1.616,2.604,10.0,1.3,-8.7
2023-12-25,-0.2,-3.0,0.6,2.4,49.4,50.2,2.916667,-0.20202,2.65,1.592,2.601,10.0,1.3,-8.7
2023-12-26,-0.2,-3.0,0.6,2.4,49.4,50.2,2.916667,-0.20202,2.649,1.494,2.6,10.0,1.3,-8.7
2023-12-27,-0.2,-3.0,0.6,2.4,49.4,50.2,2.916667,-0.20202,2.641,1.467,2.59,10.0,1.3,-8.7
2023-12-28,-0.2,-3.0,0.6,2.4,49.4,50.2,2.916667,-0.20202,2.611,1.429,2.556,10.0,1.3,-8.7
2023-12-29,-0.2,-3.0,0.6,2.4,49.4,50.2,2.916667,-0.20202,2.581,1.746,2.53,10.0,1.3,-8.7
2023-12-31,-0.2,-3.0,0.6,2.4,49.0,50.4,4.255319,-0.809717,2.581,1.746,2.53,10.0,1.3,-8.7
2024-01-02,-0.2,-3.0,0.6,2.4,49.0,50.4,4.255319,-0.809717,2.532,1.586,2.45,10.0,1.3,-8.7
2024-01-03,-0.2,-3.0,0.6,2.4,49.0,50.4,4.255319,-0.809717,2.509,1.604,2.423,10.0,1.3,-8.7
2024-01-04,-0.2,-3.0,0.6,2.4,49.0,50.4,4.255319,-0.809717,2.496,1.589,2.399,10.0,1.3,-8.7
2024-01-05,-0.2,-3.0,0.6,2.4,49.0,50.4,4.255319,-0.809717,2.491,1.588,2.396,10.0,1.3,-8.7
2024-01-08,-0.2,-3.0,0.6,2.4,49.0,50.4,4.255319,-0.809717,2.485,1.585,2.396,10.0,1.3,-8.7
2024-01-09,-0.2,-3.0,0.6,2.4,49.0,50.4,4.255319,-0.809717,2.48,1.582,2.397,10.0,1.3,-8.7
2024-01-10,-0.2,-3.0,0.6,2.4,49.0,50.4,4.255319,-0.809717,2.477,1.588,2.4,10.0,1.3,-8.7
2024-01-11,-0.2,-3.0,0.6,2.4,49.0,50.4,4.255319,-0.809717,2.476,1.627,2.4,10.0,1.3,-8.7
2024-01-12,-0.3,-3.0,0.6,2.4,49.0,50.4,4.255319,-0.809717,2.475,1.678,2.4,9.7,1.3,-8.4
2024-01-15,-0.3,-3.0,0.6,2.4,49.0,50.4,4.255319,-0.809717,2.472,1.677,2.4,9.7,1.3,-8.4
2024-01-16,-0.3,-3.0,0.6,2.4,49.0,50.4,4.255319,-0.809717,2.469,1.745,2.401,9.7,1.3,-8.4
2024-01-17,-0.3,-3.0,0.6,2.4,49.0,50.4,4.255319,-0.809717,2.47,1.832,2.402,9.7,1.3,-8.4
2024-01-18,-0.3,-3.0,0.6,2.4,49.0,50.4,4.255319,-0.809717,2.469,1.734,2.4,9.7,1.3,-8.4
2024-01-19,-0.3,-3.0,0.6,2.4,49.0,50.4,4.255319,-0.809717,2.469,1.724,2.4,9.7,1.3,-8.4
2024-01-22,-0.3,-3.0,0.6,2.4,49.0,50.4,4.255319,-0.809717,2.468,1.76,2.4,9.7,1.3,-8.4
2024-01-23,-0.3,-3.0,0.6,2.4,49.0,50.4,4.255319,-0.809717,2.468,1.76,2.4,9.7,1.3,-8.4
2024-01-24,-0.3,-3.0,0.6,2.4,49.0,50.4,4.255319,-0.809717,2.468,1.808,2.4,9.7,1.3,-8.4
2024-01-25,-0.3,-3.0,0.6,2.4,49.0,50.4,4.255319,-0.809717,2.468,1.844,2.4,9.7,1.3,-8.4
2024-01-26,-0.3,-3.0,0.6,2.4,49.0,50.4,4.255319,-0.809717,2.466,1.82,2.4,9.7,1.3,-8.4
2024-01-29,-0.3,-3.0,0.6,2.4,49.0,50.4,4.255319,-0.809717,2.466,1.731,2.4,9.7,1.3,-8.4
2024-01-30,-0.3,-3.0,0.6,2.4,49.0,50.4,4.255319,-0.809717,2.459,1.618,2.398,9.7,1.3,-8.4
2024-01-31,-0.3,-3.0,0.6,2.4,49.2,50.7,-1.796407,0.408163,2.449,1.708,2.388,9.7,1.3,-8.4
2024-02-01,-0.3,-3.0,0.6,2.4,49.2,50.7,-1.796407,0.408163,2.443,1.676,2.375,9.7,1.3,-8.4
2024-02-02,-0.3,-3.0,0.6,2.4,49.2,50.7,-1.796407,0.408163,2.431,1.719,2.369,9.7,1.3,-8.4
2024-02-04,-0.3,-3.0,0.6,2.4,49.2,50.7,-1.796407,0.408163,2.425,1.711,2.363,9.7,1.3,-8.4
2024-02-05,-0.3,-3.0,0.6,2.4,49.2,50.7,-1.796407,0.408163,2.416,1.68,2.35,9.7,1.3,-8.4
2024-02-06,-0.3,-3.0,0.6,2.4,49.2,50.7,-1.796407,0.408163,2.409,1.727,2.345,9.7,1.3,-8.4
2024-02-07,-0.3,-3.0,0.6,2.4,49.2,50.7,-1.796407,0.408163,2.403,1.716,2.342,9.7,1.3,-8.4
2024-02-08,-0.8,-3.0,0.4,1.7,49.2,50.7,-1.796407,0.408163,2.397,1.697,2.334,9.7,1.3,-8.4
2024-02-09,-0.8,-3.0,0.4,1.7,49.2,50.7,-1.796407,0.408163,2.396,1.853,2.33,8.7,3.3,-5.4
2024-02-18,-0.8,-3.0,0.4,1.7,49.2,50.7,-1.796407,0.408163,2.386,1.699,2.318,8.7,3.3,-5.4
2024-02-19,-0.8,-3.0,0.4,1.7,49.2,50.7,-1.796407,0.408163,2.383,1.607,2.303,8.7,3.3,-5.4
2024-02-20,-0.8,-3.0,0.4,1.7,49.2,50.7,-1.796407,0.408163,2.366,1.63,2.27,8.7,3.3,-5.4
2024-02-21,-0.8,-3.0,0.4,1.7,49.2,50.7,-1.796407,0.408163,2.348,1.698,2.243,8.7,3.3,-5.4
2024-02-22,-0.8,-3.0,0.4,1.7,49.2,50.7,-1.796407,0.408163,2.332,1.635,2.219,8.7,3.3,-5.4
2024-02-23,-0.8,-3.0,0.4,1.7,49.2,50.7,-1.796407,0.408163,2.322,1.747,2.214,8.7,3.3,-5.4
2024-02-26,-0.8,-3.0,0.4,1.7,49.2,50.7,-1.796407,0.408163,2.314,1.779,2.208,8.7,3.3,-5.4
2024-02-27,-0.8,-3.0,0.4,1.7,49.2,50.7,-1.796407,0.408163,2.308,1.819,2.204,8.7,3.3,-5.4
2024-02-28,-0.8,-3.0,0.4,1.7,49.2,50.7,-1.796407,0.408163,2.3044,1.7056,2.1989,8.7,3.3,-5.4
2024-02-29,-0.8,-3.0,0.4,1.7,49.2,50.7,-1.796407,0.408163,2.3,1.639,2.193,8.7,3.3,-5.4
2024-03-01,-0.8,-3.0,0.4,1.7,49.1,51.4,-6.653992,-0.203252,2.29,1.694,2.182,8.7,3.3,-5.4
2024-03-04,-0.8,-3.0,0.4,1.7,49.1,51.4,-6.653992,-0.203252,2.278,1.711,2.171,8.7,3.3,-5.4
2024-03-05,-0.8,-3.0,0.4,1.7,49.1,51.4,-6.653992,-0.203252,2.275,1.719,2.167,8.7,3.3,-5.4
2024-03-06,-0.8,-3.0,0.4,1.7,49.1,51.4,-6.653992,-0.203252,2.273,1.713,2.165,8.7,3.3,-5.4
2024-03-07,-0.8,-3.0,0.4,1.7,49.1,51.4,-6.653992,-0.203252,2.266,1.713,2.164,8.7,3.3,-5.4
2024-03-08,-0.8,-3.0,0.4,1.7,49.1,51.4,-6.653992,-0.203252,2.26,1.72,2.16,8.7,3.3,-5.4
2024-03-09,0.7,-3.0,1.2,3.4,49.1,51.4,-6.653992,-0.203252,2.26,1.72,2.16,8.7,3.3,-5.4
2024-03-11,0.7,-3.0,1.2,3.4,49.1,51.4,-6.653992,-0.203252,2.257,1.731,2.159,8.7,3.3,-5.4
2024-03-12,0.7,-3.0,1.2,3.4,49.1,51.4,-6.653992,-0.203252,2.261,1.721,2.158,8.7,3.3,-5.4
2024-03-13,0.7,-3.0,1.2,3.4,49.1,51.4,-6.653992,-0.203252,2.268,1.735,2.159,8.7,3.3,-5.4
2024-03-14,0.7,-3.0,1.2,3.4,49.1,51.4,-6.653992,-0.203252,2.273,1.746,2.161,8.7,3.3,-5.4
2024-03-15,0.7,-3.0,1.2,3.4,49.1,51.4,-6.653992,-0.203252,2.274,1.766,2.163,8.7,2.6,-6.1
2024-03-18,0.7,-3.0,1.2,3.4,49.1,51.4,-6.653992,-0.203252,2.274,1.746,2.163,8.7,2.6,-6.1
2024-03-19,0.7,-3.0,1.2,3.4,49.1,51.4,-6.653992,-0.203252,2.273,1.754,2.163,8.7,2.6,-6.1
2024-03-20,0.7,-3.0,1.2,3.4,49.1,51.4,-6.653992,-0.203252,2.27,1.765,2.16,8.7,2.6,-6.1
2024-03-21,0.7,-3.0,1.2,3.4,49.1,51.4,-6.653992,-0.203252,2.267,1.771,2.162,8.7,2.6,-6.1
2024-03-22,0.7,-3.0,1.2,3.4,49.1,51.4,-6.653992,-0.203252,2.2655,1.772,2.163,8.7,2.6,-6.1
2024-03-25,0.7,-3.0,1.2,3.4,49.1,51.4,-6.653992,-0.203252,2.266,1.774,2.159,8.7,2.6,-6.1
2024-03-26,0.7,-3.0,1.2,3.4,49.1,51.4,-6.653992,-0.203252,2.266,1.77,2.16,8.7,2.6,-6.1
2024-03-27,0.7,-3.0,1.2,3.4,49.1,51.4,-6.653992,-0.203252,2.266,1.77,2.159,8.7,2.6,-6.1
2024-03-28,0.7,-3.0,1.2,3.4,49.1,51.4,-6.653992,-0.203252,2.267,1.734,2.156,8.7,2.6,-6.1
2024-03-29,0.7,-3.0,1.2,3.4,49.1,51.4,-6.653992,-0.203252,2.268,1.718,2.156,8.7,2.6,-6.1
2024-03-31,0.7,-3.0,1.2,3.4,50.8,53.0,-2.119461,3.462322,2.268,1.718,2.156,8.7,2.6,-6.1
2024-04-01,0.7,-3.0,1.2,3.4,50.8,53.0,-2.119461,3.462322,2.265,1.728,2.157,8.7,2.6,-6.1
2024-04-02,0.7,-3.0,1.2,3.4,50.8,53.0,-2.119461,3.462322,2.262,1.704,2.151,8.7,2.6,-6.1
2024-04-03,0.7,-3.0,1.2,3.4,50.8,53.0,-2.119461,3.462322,2.256,1.685,2.143,8.7,2.6,-6.1
2024-04-07,0.7,-3.0,1.2,3.4,50.8,53.0,-2.119461,3.462322,2.253,1.708,2.141,8.7,2.6,-6.1
2024-04-08,0.7,-3.0,1.2,3.4,50.8,53.0,-2.119461,3.462322,2.247,1.711,2.133,8.7,2.6,-6.1
2024-04-09,0.7,-3.0,1.2,3.4,50.8,53.0,-2.119461,3.462322,2.236,1.718,2.12,8.7,2.6,-6.1
2024-04-10,0.7,-3.0,1.2,3.4,50.8,53.0,-2.119461,3.462322,2.23,1.722,2.117,8.7,2.6,-6.1
2024-04-11,0.7,-2.8,1.2,3.4,50.8,53.0,-2.119461,3.462322,2.222,1.721,2.105,8.7,2.6,-6.1
2024-04-12,0.7,-2.8,1.2,3.4,50.8,53.0,-2.119461,3.462322,2.204,1.717,2.09,8.3,2.3,-6.0
2024-04-15,0.7,-2.8,1.2,3.4,50.8,53.0,-2.119461,3.462322,2.175,1.716,2.071,8.3,2.3,-6.0
2024-04-16,0.7,-2.8,1.2,3.4,50.8,53.0,-2.119461,3.462322,2.16,1.715,2.058,8.3,2.3,-6.0
2024-04-17,0.7,-2.8,1.2,3.4,50.8,53.0,-2.119461,3.462322,2.151,1.723,2.049,8.3,2.3,-6.0
2024-04-18,0.7,-2.8,1.2,3.4,50.8,53.0,-2.119461,3.462322,2.143,1.776,2.041,8.3,2.3,-6.0
2024-04-19,0.7,-2.8,1.2,3.4,50.8,53.0,-2.119461,3.462322,2.129,1.797,2.035,8.3,2.3,-6.0
2024-04-22,0.7,-2.8,1.2,3.4,50.8,53.0,-2.119461,3.462322,2.108,1.78,2.027,8.3,2.3,-6.0
2024-04-23,0.7,-2.8,1.2,3.4,50.8,53.0,-2.119461,3.462322,2.091,1.788,2.018,8.3,2.3,-6.0
2024-04-24,0.7,-2.8,1.2,3.4,50.8,53.0,-2.119461,3.462322,2.084,1.784,2.014,8.3,2.3,-6.0
2024-04-25,0.7,-2.8,1.2,3.4,50.8,53.0,-2.119461,3.462322,2.074,1.846,1.999,8.3,2.3,-6.0
2024-04-26,0.7,-2.8,1.2,3.4,50.8,53.0,-2.119461,3.462322,2.082,1.879,1.993,8.3,2.3,-6.0
2024-04-28,0.7,-2.8,1.2,3.4,50.8,53.0,-2.119461,3.462322,2.087,1.806,1.994,8.3,2.3,-6.0
2024-04-29,0.7,-2.8,1.2,3.4,50.8,53.0,-2.119461,3.462322,2.112,1.823,2.005,8.3,2.3,-6.0
2024-04-30,0.7,-2.8,1.2,3.4,50.4,51.2,2.439024,-0.787402,2.109,1.921,2.002,8.3,2.3,-6.0
2024-05-06,0.7,-2.8,1.2,3.4,50.4,51.2,2.439024,-0.787402,2.111,1.777,2.001,8.3,2.3,-6.0
2024-05-07,0.7,-2.8,1.2,3.4,50.4,51.2,2.439024,-0.787402,2.108,1.744,1.996,8.3,2.3,-6.0
2024-05-08,0.7,-2.8,1.2,3.4,50.4,51.2,2.439024,-0.787402,2.1035,1.837,1.99,8.3,2.3,-6.0
2024-05-09,0.7,-2.8,1.2,3.4,50.4,51.2,2.439024,-0.787402,2.102,1.727,1.991,8.3,2.3,-6.0
2024-05-10,0.7,-2.8,1.2,3.4,50.4,51.2,2.439024,-0.787402,2.1,1.733,1.989,8.3,2.3,-6.0
2024-05-11,0.7,-2.5,1.2,3.4,50.4,51.2,2.439024,-0.787402,2.1,1.724,1.988,7.2,0.6,-6.6
2024-05-13,0.7,-2.5,1.2,3.4,50.4,51.2,2.439024,-0.787402,2.1,1.781,1.983,7.2,0.6,-6.6
2024-05-14,0.7,-2.5,1.2,3.4,50.4,51.2,2.439024,-0.787402,2.099,1.769,1.977,7.2,0.6,-6.6
2024-05-15,0.7,-2.5,1.2,3.4,50.4,51.2,2.439024,-0.787402,2.099,1.727,1.975,7.2,0.6,-6.6
2024-05-16,0.7,-2.5,1.2,3.4,50.4,51.2,2.439024,-0.787402,2.095,1.724,1.969,7.2,0.6,-6.6
2024-05-17,0.7,-2.5,1.2,3.4,50.4,51.2,2.439024,-0.787402,2.096,1.719,1.963,7.2,0.6,-6.6
2024-05-20,0.7,-2.5,1.2,3.4,50.4,51.2,2.439024,-0.787402,2.099,1.719,1.958,7.2,0.6,-6.6
2024-05-21,0.7,-2.5,1.2,3.4,50.4,51.2,2.439024,-0.787402,2.1,1.758,1.958,7.2,0.6,-6.6
2024-05-22,0.7,-2.5,1.2,3.4,50.4,51.2,2.439024,-0.787402,2.1,1.779,1.958,7.2,0.6,-6.6
2024-05-23,0.7,-2.5,1.2,3.4,50.4,51.2,2.439024,-0.787402,2.1,1.769,1.957,7.2,0.6,-6.6
2024-05-24,0.7,-2.5,1.2,3.4,50.4,51.2,2.439024,-0.787402,2.1,1.766,1.958,7.2,0.6,-6.6
2024-05-27,0.7,-2.5,1.2,3.4,50.4,51.2,2.439024,-0.787402,2.102,1.767,1.958,7.2,0.6,-6.6
2024-05-28,0.7,-2.5,1.2,3.4,50.4,51.2,2.439024,-0.787402,2.101,1.81,1.957,7.2,0.6,-6.6
2024-05-29,0.7,-2.5,1.2,3.4,50.4,51.2,2.439024,-0.787402,2.1,1.849,1.957,7.2,0.6,-6.6
2024-05-30,0.7,-2.5,1.2,3.4,50.4,51.2,2.439024,-0.787402,2.1,1.746,1.957,7.2,0.6,-6.6
2024-05-31,0.7,-2.5,1.2,3.4,49.5,51.1,1.434426,-1.785714,2.099,1.805,1.955,7.2,0.6,-6.6
2024-06-03,0.7,-2.5,1.2,3.4,49.5,51.1,1.434426,-1.785714,2.099,1.723,1.953,7.2,0.6,-6.6
2024-06-04,0.7,-2.5,1.2,3.4,49.5,51.1,1.434426,-1.785714,2.097,1.663,1.949,7.2,0.6,-6.6
2024-06-05,0.7,-2.5,1.2,3.4,49.5,51.1,1.434426,-1.785714,2.095,1.664,1.948,7.2,0.6,-6.6
2024-06-06,0.7,-2.5,1.2,3.4,49.5,51.1,1.434426,-1.785714,2.089,1.656,1.948,7.2,0.6,-6.6
2024-06-07,0.7,-2.5,1.2,3.4,49.5,51.1,1.434426,-1.785714,2.085,1.719,1.949,7.2,0.6,-6.6
2024-06-11,0.7,-2.5,1.2,3.4,49.5,51.1,1.434426,-1.785714,2.081,1.679,1.947,7.2,0.6,-6.6
2024-06-12,0.3,-2.5,0.6,1.7,49.5,51.1,1.434426,-1.785714,2.075,1.68,1.943,7.2,0.6,-6.6
2024-06-13,0.3,-2.5,0.6,1.7,49.5,51.1,1.434426,-1.785714,2.073,1.723,1.94,7.2,0.6,-6.6
2024-06-14,0.3,-2.5,0.6,1.7,49.5,51.1,1.434426,-1.785714,2.069,1.732,1.939,7.0,-0.8,-7.8
2024-06-17,0.3,-2.5,0.6,1.7,49.5,51.1,1.434426,-1.785714,2.068,1.783,1.935,7.0,-0.8,-7.8
2024-06-18,0.3,-2.5,0.6,1.7,49.5,51.1,1.434426,-1.785714,2.067,1.829,1.934,7.0,-0.8,-7.8
2024-06-19,0.3,-2.5,0.6,1.7,49.5,51.1,1.434426,-1.785714,2.067,1.853,1.929,7.0,-0.8,-7.8
2024-06-20,0.3,-2.5,0.6,1.7,49.5,51.1,1.434426,-1.785714,2.063,1.877,1.927,7.0,-0.8,-7.8
2024-06-21,0.3,-2.5,0.6,1.7,49.5,51.1,1.434426,-1.785714,2.059,1.96,1.923,7.0,-0.8,-7.8
2024-06-24,0.3,-2.5,0.6,1.7,49.5,51.1,1.434426,-1.785714,2.059,1.98,1.922,7.0,-0.8,-7.8
2024-06-25,0.3,-2.5,0.6,1.7,49.5,51.1,1.434426,-1.785714,2.058,1.964,1.921,7.0,-0.8,-7.8
2024-06-26,0.3,-2.5,0.6,1.7,49.5,51.1,1.434426,-1.785714,2.055,1.976,1.919,7.0,-0.8,-7.8
2024-06-27,0.3,-2.5,0.6,1.7,49.5,51.1,1.434426,-1.785714,2.051,1.879,1.918,7.0,-0.8,-7.8
2024-06-28,0.3,-2.5,0.6,1.7,49.5,51.1,1.434426,-1.785714,2.049,1.889,1.918,7.0,-0.8,-7.8
2024-06-30,0.3,-2.5,0.6,1.7,49.5,50.5,1.020408,0.0,2.049,1.889,1.918,7.0,-0.8,-7.8
2024-07-01,0.3,-2.5,0.6,1.7,49.5,50.5,1.020408,0.0,2.046,1.749,1.917,7.0,-0.8,-7.8
2024-07-02,0.3,-2.5,0.6,1.7,49.5,50.5,1.020408,0.0,2.042,1.715,1.917,7.0,-0.8,-7.8
2024-07-03,0.3,-2.5,0.6,1.7,49.5,50.5,1.020408,0.0,2.034,1.688,1.914,7.0,-0.8,-7.8
2024-07-04,0.3,-2.5,0.6,1.7,49.5,50.5,1.020408,0.0,2.029,1.712,1.91,7.0,-0.8,-7.8
2024-07-05,0.3,-2.5,0.6,1.7,49.5,50.5,1.020408,0.0,2.015,1.764,1.908,7.0,-0.8,-7.8
2024-07-08,0.3,-2.5,0.6,1.7,49.5,50.5,1.020408,0.0,2.02,1.754,1.907,7.0,-0.8,-7.8
2024-07-09,0.3,-2.5,0.6,1.7,49.5,50.5,1.020408,0.0,2.019,1.679,1.907,7.0,-0.8,-7.8
2024-07-10,0.3,-0.8,0.6,1.7,49.5,50.5,1.020408,0.0,2.018,1.64,1.906,7.0,-0.8,-7.8
2024-07-11,0.3,-0.8,0.6,1.7,49.5,50.5,1.020408,0.0,2.014,1.67,1.904,7.0,-0.8,-7.8
2024-07-12,0.3,-0.8,0.6,1.7,49.5,50.5,1.020408,0.0,2.009,1.668,1.899,6.2,-1.7,-7.9
2024-07-15,0.3,-0.8,0.6,1.7,49.5,50.5,1.020408,0.0,2.007,1.78,1.897,6.2,-1.7,-7.9
2024-07-16,0.3,-0.8,0.6,1.7,49.5,50.5,1.020408,0.0,2.007,1.894,1.897,6.2,-1.7,-7.9
2024-07-17,0.3,-0.8,0.6,1.7,49.5,50.5,1.020408,0.0,2.005,1.913,1.896,6.2,-1.7,-7.9
2024-07-18,0.3,-0.8,0.6,1.7,49.5,50.5,1.020408,0.0,2.002,1.933,1.897,6.2,-1.7,-7.9
2024-07-19,0.3,-0.8,0.6,1.7,49.5,50.5,1.020408,0.0,2.0,1.855,1.895,6.2,-1.7,-7.9
2024-07-22,0.3,-0.8,0.6,1.7,49.5,50.5,1.020408,0.0,1.997,1.647,1.894,6.2,-1.7,-7.9
2024-07-23,0.3,-0.8,0.6,1.7,49.5,50.5,1.020408,0.0,1.997,1.736,1.888,6.2,-1.7,-7.9
2024-07-24,0.3,-0.8,0.6,1.7,49.5,50.5,1.020408,0.0,1.993,1.739,1.887,6.2,-1.7,-7.9
2024-07-25,0.3,-0.8,0.6,1.7,49.5,50.5,1.020408,0.0,1.985,1.764,1.882,6.2,-1.7,-7.9
2024-07-26,0.3,-0.8,0.6,1.7,49.5,50.5,1.020408,0.0,1.979,1.689,1.877,6.2,-1.7,-7.9
2024-07-29,0.3,-0.8,0.6,1.7,49.5,50.5,1.020408,0.0,1.9729,1.631,1.869,6.2,-1.7,-7.9
2024-07-30,0.3,-0.8,0.6,1.7,49.5,50.5,1.020408,0.0,1.966,1.639,1.865,6.2,-1.7,-7.9
2024-07-31,0.3,-0.8,0.6,1.7,49.4,50.2,0.20284,-0.20202,1.96,1.782,1.86,6.2,-1.7,-7.9
2024-08-01,0.3,-0.8,0.6,1.7,49.4,50.2,0.20284,-0.20202,1.956,1.608,1.857,6.2,-1.7,-7.9
2024-08-02,0.3,-0.8,0.6,1.7,49.4,50.2,0.20284,-0.20202,1.946,1.573,1.853,6.2,-1.7,-7.9
2024-08-05,0.3,-0.8,0.6,1.7,49.4,50.2,0.20284,-0.20202,1.937,1.585,1.849,6.2,-1.7,-7.9
2024-08-06,0.3,-0.8,0.6,1.7,49.4,50.2,0.20284,-0.20202,1.928,1.583,1.844,6.2,-1.7,-7.9
2024-08-07,0.3,-0.8,0.6,1.7,49.4,50.2,0.20284,-0.20202,1.923,1.617,1.839,6.2,-1.7,-7.9
2024-08-08,0.3,-0.8,0.6,1.7,49.4,50.2,0.20284,-0.20202,1.917,1.681,1.835,6.2,-1.7,-7.9
2024-08-09,0.3,-0.8,0.6,1.7,49.4,50.2,0.20284,-0.20202,1.916,1.778,1.8335,6.2,-1.7,-7.9
2024-08-12,0.3,-0.8,0.6,1.7,49.4,50.2,0.20284,-0.20202,1.922,1.951,1.833,6.2,-1.7,-7.9
2024-08-13,0.3,-0.8,0.6,1.7,49.4,50.2,0.20284,-0.20202,1.923,1.928,1.837,6.3,-2.6,-8.9
2024-08-14,0.3,-0.8,0.6,1.7,49.4,50.2,0.20284,-0.20202,1.923,1.842,1.838,6.3,-2.6,-8.9
2024-08-15,0.3,-0.8,0.6,1.7,49.4,50.2,0.20284,-0.20202,1.922,1.754,1.84,6.3,-2.6,-8.9
2024-08-16,0.3,-0.8,0.6,1.7,49.4,50.2,0.20284,-0.20202,1.922,1.7,1.838,6.3,-2.6,-8.9
2024-08-19,0.3,-0.8,0.6,1.7,49.4,50.2,0.20284,-0.20202,1.922,1.682,1.837,6.3,-2.6,-8.9
2024-08-20,0.3,-0.8,0.6,1.7,49.4,50.2,0.20284,-0.20202,1.926,1.712,1.838,6.3,-2.6,-8.9
2024-08-21,0.3,-0.8,0.6,1.7,49.4,50.2,0.20284,-0.20202,1.932,1.722,1.84,6.3,-2.6,-8.9
2024-08-22,0.3,-0.8,0.6,1.7,49.4,50.2,0.20284,-0.20202,1.936,1.765,1.843,6.3,-2.6,-8.9
2024-08-23,0.3,-0.8,0.6,1.7,49.4,50.2,0.20284,-0.20202,1.942,1.801,1.844,6.3,-2.6,-8.9
2024-08-26,0.3,-0.8,0.6,1.7,49.4,50.2,0.20284,-0.20202,1.945,1.862,1.845,6.3,-2.6,-8.9
2024-08-27,0.3,-0.8,0.6,1.7,49.4,50.2,0.20284,-0.20202,1.95,1.667,1.849,6.3,-2.6,-8.9
2024-08-28,0.3,-0.8,0.6,1.7,49.4,50.2,0.20284,-0.20202,1.956,1.52,1.85,6.3,-2.6,-8.9
2024-08-29,0.3,-0.8,0.6,1.7,49.4,50.2,0.20284,-0.20202,1.958,1.514,1.85,6.3,-2.6,-8.9
2024-08-30,0.3,-0.8,0.6,1.7,49.4,50.2,0.20284,-0.20202,1.961,1.529,1.85,6.3,-2.6,-8.9
2024-08-31,0.3,-0.8,0.6,1.7,49.1,50.3,-1.207243,-0.607287,1.961,1.529,1.85,6.3,-2.6,-8.9
2024-09-02,0.3,-0.8,0.6,1.7,49.1,50.3,-1.207243,-0.607287,1.959,1.516,1.85,6.3,-2.6,-8.9
2024-09-03,0.3,-0.8,0.6,1.7,49.1,50.3,-1.207243,-0.607287,1.96,1.568,1.85,6.3,-2.6,-8.9
2024-09-04,0.3,-0.8,0.6,1.7,49.1,50.3,-1.207243,-0.607287,1.96,1.529,1.85,6.3,-2.6,-8.9
2024-09-05,0.3,-0.8,0.6,1.7,49.1,50.3,-1.207243,-0.607287,1.96,1.578,1.85,6.3,-2.6,-8.9
2024-09-06,0.3,-0.8,0.6,1.7,49.1,50.3,-1.207243,-0.607287,1.96,1.716,1.85,6.3,-2.6,-8.9
2024-09-09,0.6,-0.8,0.3,2.4,49.1,50.3,-1.207243,-0.607287,1.962,1.8,1.85,6.3,-2.6,-8.9
2024-09-10,0.6,-0.8,0.3,2.4,49.1,50.3,-1.207243,-0.607287,1.962,1.955,1.851,6.3,-2.6,-8.9
2024-09-11,0.6,-0.8,0.3,2.4,49.1,50.3,-1.207243,-0.607287,1.962,1.773,1.851,6.3,-2.6,-8.9
2024-09-12,0.6,-0.8,0.3,2.4,49.1,50.3,-1.207243,-0.607287,1.96,1.777,1.85,6.3,-2.6,-8.9
2024-09-13,0.6,-0.8,0.3,2.4,49.1,50.3,-1.207243,-0.607287,1.96,1.656,1.85,6.3,-3.0,-9.3
2024-09-14,0.6,-0.8,0.3,2.4,49.1,50.3,-1.207243,-0.607287,1.9585,1.611,1.85,6.3,-3.0,-9.3
2024-09-18,0.6,-0.8,0.3,2.4,49.1,50.3,-1.207243,-0.607287,1.958,1.744,1.85,6.3,-3.0,-9.3
2024-09-19,0.6,-0.8,0.3,2.4,49.1,50.3,-1.207243,-0.607287,1.957,1.879,1.851,6.3,-3.0,-9.3
2024-09-20,0.6,-0.8,0.3,2.4,49.1,50.3,-1.207243,-0.607287,1.958,1.932,1.852,6.3,-3.0,-9.3
2024-09-23,0.6,-0.8,0.3,2.4,49.1,50.3,-1.207243,-0.607287,1.957,1.921,1.854,6.3,-3.0,-9.3
2024-09-24,0.6,-0.8,0.3,2.4,49.1,50.3,-1.207243,-0.607287,1.943,1.785,1.85,6.3,-3.0,-9.3
2024-09-25,0.6,-0.8,0.3,2.4,49.1,50.3,-1.207243,-0.607287,1.932,1.643,1.845,6.3,-3.0,-9.3
2024-09-26,0.6,-0.8,0.3,2.4,49.1,50.3,-1.207243,-0.607287,1.926,1.608,1.836,6.3,-3.0,-9.3
2024-09-27,0.6,-0.8,0.3,2.4,49.1,50.3,-1.207243,-0.607287,1.923,1.401,1.835,6.3,-3.0,-9.3
2024-09-29,0.6,-0.8,0.3,2.4,49.1,50.3,-1.207243,-0.607287,1.922,1.336,1.836,6.3,-3.0,-9.3
2024-09-30,0.6,-0.8,0.3,2.4,49.8,50.0,-0.796813,1.425662,1.923,1.514,1.84,6.3,-3.0,-9.3
2024-10-08,0.6,-0.8,0.3,2.4,49.8,50.0,-0.796813,1.425662,1.927,1.509,1.84,6.3,-3.0,-9.3
2024-10-09,0.6,-0.8,0.3,2.4,49.8,50.0,-0.796813,1.425662,1.932,1.618,1.841,6.3,-3.0,-9.3
2024-10-10,0.6,-0.8,0.3,2.4,49.8,50.0,-0.796813,1.425662,1.934,1.527,1.841,6.3,-3.0,-9.3
2024-10-11,0.6,-0.8,0.3,2.4,49.8,50.0,-0.796813,1.425662,1.93,1.406,1.841,6.3,-3.0,-9.3
2024-10-12,0.6,-0.8,0.3,2.4,49.8,50.0,-0.796813,1.425662,1.931,1.306,1.841,6.3,-3.0,-9.3
2024-10-13,0.4,-0.8,0.1,3.2,49.8,50.0,-0.796813,1.425662,1.931,1.306,1.841,6.3,-3.0,-9.3
2024-10-14,0.4,-0.8,0.1,3.2,49.8,50.0,-0.796813,1.425662,1.93,1.418,1.841,6.8,-3.3,-10.140263
2024-10-15,0.4,-0.8,0.1,3.2,49.8,50.0,-0.796813,1.425662,1.93,1.407,1.842,6.8,-3.3,-10.140263
2024-10-16,0.4,-0.8,0.1,3.2,49.8,50.0,-0.796813,1.425662,1.932,1.46,1.846,6.8,-3.3,-10.140263
2024-10-17,0.4,-0.8,0.1,3.2,49.8,50.0,-0.796813,1.425662,1.934,1.425,1.855,6.8,-3.3,-10.140263
2024-10-18,0.4,-0.8,0.1,3.2,49.8,50.0,-0.796813,1.425662,1.932,1.399,1.858,6.8,-3.3,-10.140263
2024-10-21,0.4,-0.8,0.1,3.2,49.8,50.0,-0.796813,1.425662,1.934,1.474,1.864,6.8,-3.3,-10.140263
2024-10-22,0.4,-0.8,0.1,3.2,49.8,50.0,-0.796813,1.425662,1.938,1.477,1.869,6.8,-3.3,-10.140263
2024-10-23,0.4,-0.8,0.1,3.2,49.8,50.0,-0.796813,1.425662,1.942,1.49,1.873,6.8,-3.3,-10.140263
2024-10-24,0.4,-0.8,0.1,3.2,49.8,50.0,-0.796813,1.425662,1.944,1.53,1.879,6.8,-3.3,-10.140263
2024-10-25,0.4,-0.8,0.1,3.2,49.8,50.0,-0.796813,1.425662,1.947,1.507,1.883,6.8,-3.3,-10.140263
2024-10-28,0.4,-0.8,0.1,3.2,49.8,50.0,-0.796813,1.425662,1.948,1.495,1.884,6.8,-3.3,-10.140263
2024-10-29,0.4,-0.8,0.1,3.2,49.8,50.0,-0.796813,1.425662,1.949,1.439,1.884,6.8,-3.3,-10.140263
2024-10-30,0.4,-0.8,0.1,3.2,49.8,50.0,-0.796813,1.425662,1.949,1.394,1.884,6.8,-3.3,-10.140263
2024-10-31,0.4,-0.8,0.1,3.2,50.1,50.2,1.212121,0.60241,1.948,1.364,1.884,6.8,-3.3,-10.140263
2024-11-01,0.4,-0.8,0.1,3.2,50.1,50.2,1.212121,0.60241,1.943,1.36,1.879,6.8,-3.3,-10.140263
2024-11-04,0.4,-0.8,0.1,3.2,50.1,50.2,1.212121,0.60241,1.937,1.346,1.878,6.8,-3.3,-10.140263
2024-11-05,0.4,-0.8,0.1,3.2,50.1,50.2,1.212121,0.60241,1.935,1.338,1.877,6.8,-3.3,-10.140263
2024-11-06,0.4,-0.8,0.1,3.2,50.1,50.2,1.212121,0.60241,1.93,1.33,1.876,6.8,-3.3,-10.140263
2024-11-07,0.4,-0.8,0.1,3.2,50.1,50.2,1.212121,0.60241,1.925,1.319,1.87,6.8,-3.3,-10.140263
2024-11-08,0.4,-0.8,0.1,3.2,50.1,50.2,1.212121,0.60241,1.92,1.461,1.864,6.8,-3.3,-10.140263
2024-11-09,0.3,-0.8,0.2,3.2,50.1,50.2,1.212121,0.60241,1.92,1.461,1.864,6.8,-3.3,-10.140263
2024-11-11,0.3,-0.8,0.2,3.2,50.1,50.2,1.212121,0.60241,1.916,1.443,1.862,7.5,-2.3,-9.8
2024-11-12,0.3,-0.8,0.2,3.2,50.1,50.2,1.212121,0.60241,1.913,1.525,1.859,7.5,-2.3,-9.8
2024-11-13,0.3,-0.8,0.2,3.2,50.1,50.2,1.212121,0.60241,1.907,1.465,1.859,7.5,-2.3,-9.8
2024-11-14,0.3,-0.8,0.2,3.2,50.1,50.2,1.212121,0.60241,1.904,1.456,1.858,7.5,-2.3,-9.8
2024-11-15,0.3,-0.8,0.2,3.2,50.1,50.2,1.212121,0.60241,1.899,1.47,1.856,7.5,-2.3,-9.8
2024-11-18,0.3,-0.8,0.2,3.2,50.1,50.2,1.212121,0.60241,1.899,1.47,1.856,7.5,-2.3,-9.8
2024-11-19,0.3,-0.8,0.2,3.2,50.1,50.2,1.212121,0.60241,1.898,1.48,1.856,7.5,-2.3,-9.8
2024-11-20,0.3,-0.8,0.2,3.2,50.1,50.2,1.212121,0.60241,1.897,1.47,1.857,7.5,-2.3,-9.8
2024-11-21,0.3,-0.8,0.2,3.2,50.1,50.2,1.212121,0.60241,1.898,1.455,1.86,7.5,-2.3,-9.8
2024-11-22,0.3,-0.8,0.2,3.2,50.1,50.2,1.212121,0.60241,1.898,1.456,1.86,7.5,-2.3,-9.8
2024-11-25,0.3,-0.8,0.2,3.2,50.1,50.2,1.212121,0.60241,1.899,1.464,1.86,7.5,-2.3,-9.8
2024-11-26,0.3,-0.8,0.2,3.2,50.1,50.2,1.212121,0.60241,1.899,1.43,1.86,7.5,-2.3,-9.8
2024-11-27,0.3,-0.8,0.2,3.2,50.1,50.2,1.212121,0.60241,1.899,1.385,1.859,7.5,-2.3,-9.8
2024-11-28,0.3,-0.8,0.2,3.2,50.1,50.2,1.212121,0.60241,1.899,1.329,1.858,7.5,-2.3,-9.8
2024-11-29,0.3,-0.8,0.2,3.2,50.1,50.2,1.212121,0.60241,1.893,1.319,1.852,7.5,-2.3,-9.8
2024-11-30,0.3,-0.8,0.2,3.2,50.3,50.0,1.821862,0.399202,1.893,1.319,1.852,7.5,-2.3,-9.8
2024-12-02,0.3,-0.8,0.2,3.2,50.3,50.0,1.821862,0.399202,1.868,1.414,1.825,7.5,-2.3,-9.8
2024-12-03,0.3,-0.8,0.2,3.2,50.3,50.0,1.821862,0.399202,1.835,1.337,1.795,7.5,-2.3,-9.8
2024-12-04,0.3,-0.8,0.2,3.2,50.3,50.0,1.821862,0.399202,1.815,1.381,1.772,7.5,-2.3,-9.8
2024-12-05,0.3,-0.8,0.2,3.2,50.3,50.0,1.821862,0.399202,1.807,1.479,1.762,7.5,-2.3,-9.8
2024-12-06,0.3,-0.8,0.2,3.2,50.3,50.0,1.821862,0.399202,1.803,1.478,1.755,7.5,-2.3,-9.8
2024-12-09,0.2,-0.8,0.3,2.7,50.3,50.0,1.821862,0.399202,1.8,1.516,1.753,7.5,-2.3,-9.8
2024-12-10,0.2,-0.8,0.3,2.7,50.3,50.0,1.821862,0.399202,1.793,1.47,1.748,7.5,-2.3,-9.8
2024-12-11,0.2,-0.8,0.3,2.7,50.3,50.0,1.821862,0.399202,1.785,1.528,1.744,7.5,-2.3,-9.8
2024-12-12,0.2,-0.8,0.3,2.7,50.3,50.0,1.821862,0.399202,1.78,1.482,1.74,7.5,-2.3,-9.8
2024-12-13,0.2,-0.8,0.3,2.7,50.3,50.0,1.821862,0.399202,1.774,1.404,1.735,7.1,-0.7,-7.828161
2024-12-16,0.2,-0.8,0.3,2.7,50.3,50.0,1.821862,0.399202,1.76,1.421,1.725,7.1,-0.7,-7.828161
2024-12-17,0.2,-0.8,0.3,2.7,50.3,50.0,1.821862,0.399202,1.754,1.425,1.718,7.1,-0.7,-7.828161
2024-12-18,0.2,-0.8,0.3,2.7,50.3,50.0,1.821862,0.399202,1.748,1.428,1.715,7.1,-0.7,-7.828161
2024-12-19,0.2,-0.8,0.3,2.7,50.3,50.0,1.821862,0.399202,1.745,1.424,1.712,7.1,-0.7,-7.828161
2024-12-20,0.2,-0.8,0.3,2.7,50.3,50.0,1.821862,0.399202,1.74,1.414,1.708,7.1,-0.7,-7.828161
2024-12-23,0.2,-0.8,0.3,2.7,50.3,50.0,1.821862,0.399202,1.732,1.31,1.705,7.1,-0.7,-7.828161
2024-12-24,0.2,-0.8,0.3,2.7,50.3,50.0,1.821862,0.399202,1.725,1.321,1.6985,7.1,-0.7,-7.828161
2024-12-25,0.2,-0.8,0.3,2.7,50.3,50.0,1.821862,0.399202,1.7185,1.365,1.693,7.1,-0.7,-7.828161
2024-12-26,0.2,-0.8,0.3,2.7,50.3,50.0,1.821862,0.399202,1.7145,1.386,1.6922,7.1,-0.7,-7.828161
2024-12-27,0.2,-0.8,0.3,2.7,50.3,50.0,1.821862,0.399202,1.7125,1.388,1.69,7.1,-0.7,-7.828161
2024-12-30,0.2,-0.8,0.3,2.7,50.3,50.0,1.821862,0.399202,1.7112,1.367,1.685,7.1,-0.7,-7.828161
2024-12-31,0.2,-0.8,0.3,2.7,50.1,52.2,2.244898,-0.397614,1.708,1.454,1.6855,7.1,-0.7,-7.828161
2025-01-02,0.2,-0.8,0.3,2.7,50.1,52.2,2.244898,-0.397614,1.7045,1.532,1.6825,7.1,-0.7,-7.828161
2025-01-03,0.2,-0.8,0.3,2.7,50.1,52.2,2.244898,-0.397614,1.7002,1.618,1.677,7.1,-0.7,-7.828161
2025-01-06,0.2,-0.8,0.3,2.7,50.1,52.2,2.244898,-0.397614,1.691,1.454,1.663,7.1,-0.7,-7.828161
2025-01-07,0.2,-0.8,0.3,2.7,50.1,52.2,2.244898,-0.397614,1.685,1.483,1.655,7.1,-0.7,-7.828161
2025-01-08,0.2,-0.8,0.3,2.7,50.1,52.2,2.244898,-0.397614,1.6795,1.523,1.652,7.1,-0.7,-7.828161
2025-01-09,0.2,-2.3,0.3,2.7,50.1,52.2,2.244898,-0.397614,1.674,1.547,1.645,7.1,-0.7,-7.828161
2025-01-10,0.2,-2.3,0.3,2.7,50.1,52.2,2.244898,-0.397614,1.672,1.643,1.643,7.1,-0.7,-7.828161
2025-01-13,0.2,-2.3,0.3,2.7,50.1,52.2,2.244898,-0.397614,1.675,1.823,1.648,7.1,-0.7,-7.828161
2025-01-14,0.2,-2.3,0.3,2.7,50.1,52.2,2.244898,-0.397614,1.686,1.965,1.658,7.3,1.2,-6.1
2025-01-15,0.2,-2.3,0.3,2.7,50.1,52.2,2.244898,-0.397614,1.6905,1.832,1.6665,7.3,1.2,-6.1
2025-01-16,0.2,-2.3,0.3,2.7,50.1,52.2,2.244898,-0.397614,1.694,1.833,1.674,7.3,1.2,-6.1
2025-01-17,0.2,-2.3,0.3,2.7,50.1,52.2,2.244898,-0.397614,1.6974,1.848,1.677,7.3,1.2,-6.1
2025-01-20,0.2,-2.3,0.3,2.7,50.1,52.2,2.244898,-0.397614,1.703,1.835,1.687,7.3,1.2,-6.1
2025-01-21,0.2,-2.3,0.3,2.7,50.1,52.2,2.244898,-0.397614,1.7122,1.779,1.6935,7.3,1.2,-6.1
2025-01-22,0.2,-2.3,0.3,2.7,50.1,52.2,2.244898,-0.397614,1.714,1.78,1.693,7.3,1.2,-6.1
2025-01-23,0.2,-2.3,0.3,2.7,50.1,52.2,2.244898,-0.397614,1.721,1.764,1.694,7.3,1.2,-6.1
2025-01-24,0.2,-2.3,0.3,2.7,50.1,52.2,2.244898,-0.397614,1.725,1.77,1.697,7.3,1.2,-6.1
2025-01-26,0.2,-2.3,0.3,2.7,50.1,52.2,2.244898,-0.397614,1.728,1.669,1.6995,7.3,1.2,-6.1
2025-01-27,0.2,-2.3,0.3,2.7,49.1,50.2,-0.203252,-1.996008,1.7305,1.708,1.702,7.3,1.2,-6.1
2025-02-05,0.2,-2.3,0.3,2.7,49.1,50.2,-0.203252,-1.996008,1.735,1.793,1.707,7.3,1.2,-6.1
2025-02-06,0.2,-2.3,0.3,2.7,49.1,50.2,-0.203252,-1.996008,1.739,1.792,1.71,7.3,1.2,-6.1
2025-02-07,0.2,-2.3,0.3,2.7,49.1,50.2,-0.203252,-1.996008,1.735,1.816,1.711,7.3,1.2,-6.1
2025-02-08,0.2,-2.3,0.3,2.7,49.1,50.2,-0.203252,-1.996008,1.734,1.769,1.712,7.3,1.2,-6.1
2025-02-09,0.5,-2.3,0.6,2.8,49.1,50.2,-0.203252,-1.996008,1.734,1.769,1.712,7.3,1.2,-6.1
2025-02-10,0.5,-2.3,0.6,2.8,49.1,50.2,-0.203252,-1.996008,1.733,1.841,1.714,7.3,1.2,-6.1
2025-02-11,0.5,-2.3,0.6,2.8,49.1,50.2,-0.203252,-1.996008,1.741,1.919,1.721,7.3,1.2,-6.1
2025-02-12,0.5,-2.3,0.6,2.8,49.1,50.2,-0.203252,-1.996008,1.746,1.832,1.726,7.3,1.2,-6.1
2025-02-13,0.5,-2.3,0.6,2.8,49.1,50.2,-0.203252,-1.996008,1.753,1.827,1.73,7.3,1.2,-6.1
2025-02-14,0.5,-2.3,0.6,2.8,49.1,50.2,-0.203252,-1.996008,1.764,1.889,1.738,7.0,0.4,-6.634927
2025-02-17,0.5,-2.3,0.6,2.8,49.1,50.2,-0.203252,-1.996008,1.775,1.893,1.75,7.0,0.4,-6.634927
2025-02-18,0.5,-2.3,0.6,2.8,49.1,50.2,-0.203252,-1.996008,1.796,1.933,1.763,7.0,0.4,-6.634927
2025-02-19,0.5,-2.3,0.6,2.8,49.1,50.2,-0.203252,-1.996008,1.812,1.915,1.7702,7.0,0.4,-6.634927
2025-02-20,0.5,-2.3,0.6,2.8,49.1,50.2,-0.203252,-1.996008,1.823,1.919,1.7802,7.0,0.4,-6.634927
2025-02-21,0.5,-2.3,0.6,2.8,49.1,50.2,-0.203252,-1.996008,1.831,1.931,1.7912,7.0,0.4,-6.634927
2025-02-24,0.5,-2.3,0.6,2.8,49.1,50.2,-0.203252,-1.996008,1.839,1.866,1.797,7.0,0.4,-6.634927
2025-02-25,0.5,-2.3,0.6,2.8,49.1,50.2,-0.203252,-1.996008,1.855,1.862,1.818,7.0,0.4,-6.634927
2025-02-26,0.5,-2.3,0.6,2.8,49.1,50.2,-0.203252,-1.996008,1.887,1.875,1.8555,7.0,0.4,-6.634927
2025-02-27,0.5,-2.3,0.6,2.8,49.1,50.2,-0.203252,-1.996008,1.92,1.867,1.89,7.0,0.4,-6.634927
2025-02-28,0.5,-2.3,0.6,2.8,49.1,50.2,-0.203252,-1.996008,1.944,1.865,1.922,7.0,0.4,-6.634927
2025-03-01,0.5,-2.3,0.6,2.8,50.2,50.4,2.240326,2.240326,1.944,1.865,1.922,7.0,0.4,-6.634927
2025-03-03,0.5,-2.3,0.6,2.8,50.2,50.4,2.240326,2.240326,1.957,1.816,1.946,7.0,0.4,-6.634927
2025-03-04,0.5,-2.3,0.6,2.8,50.2,50.4,2.240326,2.240326,1.967,1.686,1.9625,7.0,0.4,-6.634927
2025-03-05,0.5,-2.3,0.6,2.8,50.2,50.4,2.240326,2.240326,1.976,1.755,1.975,7.0,0.4,-6.634927
2025-03-06,0.5,-2.3,0.6,2.8,50.2,50.4,2.240326,2.240326,1.982,1.79,1.982,7.0,0.4,-6.634927
2025-03-07,0.5,-2.3,0.6,2.8,50.2,50.4,2.240326,2.240326,1.988,1.801,1.991,7.0,0.4,-6.634927
2025-03-09,-0.7,-2.3,-0.1,1.5,50.2,50.4,2.240326,2.240326,1.988,1.801,1.991,7.0,0.4,-6.634927
2025-03-10,-0.7,-2.3,-0.1,1.5,50.2,50.4,2.240326,2.240326,1.994,1.819,2.005,7.0,0.4,-6.634927
2025-03-11,-0.7,-2.3,-0.1,1.5,50.2,50.4,2.240326,2.240326,1.998,1.782,2.01,7.0,0.4,-6.634927
2025-03-12,-0.7,-2.3,-0.1,1.5,50.2,50.4,2.240326,2.240326,2.004,1.758,2.015,7.0,0.4,-6.634927
2025-03-13,-0.7,-2.3,-0.1,1.5,50.2,50.4,2.240326,2.240326,2.002,1.771,2.012,7.0,0.4,-6.634927
2025-03-14,-0.7,-2.3,-0.1,1.5,50.2,50.4,2.240326,2.240326,1.998,1.811,2.004,7.0,0.1,-6.886128
2025-03-17,-0.7,-2.3,-0.1,1.5,50.2,50.4,2.240326,2.240326,1.995,1.805,1.994,7.0,0.1,-6.886128
2025-03-18,-0.7,-2.3,-0.1,1.5,50.2,50.4,2.240326,2.240326,1.994,1.785,1.992,7.0,0.1,-6.886128
2025-03-19,-0.7,-2.3,-0.1,1.5,50.2,50.4,2.240326,2.240326,1.99,1.763,1.987,7.0,0.1,-6.886128
2025-03-20,-0.7,-2.3,-0.1,1.5,50.2,50.4,2.240326,2.240326,1.989,1.785,1.98,7.0,0.1,-6.886128
2025-03-21,-0.7,-2.3,-0.1,1.5,50.2,50.4,2.240326,2.240326,1.973,1.76,1.968,7.0,0.1,-6.886128
2025-03-24,-0.7,-2.3,-0.1,1.5,50.2,50.4,2.240326,2.240326,1.963,1.75,1.961,7.0,0.1,-6.886128
2025-03-25,-0.7,-2.3,-0.1,1.5,50.2,50.4,2.240326,2.240326,1.949,1.775,1.942,7.0,0.1,-6.886128
2025-03-26,-0.7,-2.3,-0.1,1.5,50.2,50.4,2.240326,2.240326,1.942,1.785,1.934,7.0,0.1,-6.886128
2025-03-27,-0.7,-2.3,-0.1,1.5,50.2,50.4,2.240326,2.240326,1.936,1.738,1.924,7.0,0.1,-6.886128
2025-03-28,-0.7,-2.3,-0.1,1.5,50.2,50.4,2.240326,2.240326,1.933,1.728,1.921,7.0,0.1,-6.886128
2025-03-31,-0.7,-2.3,-0.1,1.5,50.5,50.8,-0.590551,0.59761,1.926,1.739,1.912,7.0,0.1,-6.886128
2025-04-01,-0.7,-2.3,-0.1,1.5,50.5,50.8,-0.590551,0.59761,1.921,1.823,1.907,7.0,0.1,-6.886128
2025-04-02,-0.7,-2.3,-0.1,1.5,50.5,50.8,-0.590551,0.59761,1.914,1.756,1.902,7.0,0.1,-6.886128
2025-04-03,-0.7,-2.3,-0.1,1.5,50.5,50.8,-0.590551,0.59761,1.887,1.617,1.871,7.0,0.1,-6.886128
2025-04-07,-0.7,-2.3,-0.1,1.5,50.5,50.8,-0.590551,0.59761,1.837,1.79,1.824,7.0,0.1,-6.886128
2025-04-08,-0.7,-2.3,-0.1,1.5,50.5,50.8,-0.590551,0.59761,1.813,1.744,1.81,7.0,0.1,-6.886128
2025-04-09,-0.7,-2.3,-0.1,1.5,50.5,50.8,-0.590551,0.59761,1.81,1.741,1.806,7.0,0.1,-6.886128
2025-04-10,-0.7,-2.5,-0.1,1.5,50.5,50.8,-0.590551,0.59761,1.807,1.607,1.8,7.0,0.1,-6.886128
2025-04-11,-0.7,-2.5,-0.1,1.5,50.5,50.8,-0.590551,0.59761,1.791,1.609,1.786,7.0,0.1,-6.886128
2025-04-13,-0.7,-2.5,-0.1,1.5,50.5,50.8,-0.590551,0.59761,1.791,1.609,1.786,7.0,1.6,-5.41542
2025-04-14,-0.7,-2.5,-0.1,1.5,50.5,50.8,-0.590551,0.59761,1.786,1.644,1.777,7.0,1.6,-5.41542
2025-04-15,-0.7,-2.5,-0.1,1.5,50.5,50.8,-0.590551,0.59761,1.785,1.701,1.775,7.0,1.6,-5.41542
2025-04-16,-0.7,-2.5,-0.1,1.5,50.5,50.8,-0.590551,0.59761,1.783,1.708,1.772,7.0,1.6,-5.41542
2025-04-17,-0.7,-2.5,-0.1,1.5,50.5,50.8,-0.590551,0.59761,1.777,1.634,1.767,7.0,1.6,-5.41542
2025-04-18,-0.7,-2.5,-0.1,1.5,50.5,50.8,-0.590551,0.59761,1.772,1.66,1.761,7.0,1.6,-5.41542
2025-04-21,-0.7,-2.5,-0.1,1.5,50.5,50.8,-0.590551,0.59761,1.769,1.716,1.759,7.0,1.6,-5.41542
2025-04-22,-0.7,-2.5,-0.1,1.5,50.5,50.8,-0.590551,0.59761,1.768,1.709,1.755,7.0,1.6,-5.41542
2025-04-23,-0.7,-2.5,-0.1,1.5,50.5,50.8,-0.590551,0.59761,1.766,1.626,1.753,7.0,1.6,-5.41542
2025-04-24,-0.7,-2.5,-0.1,1.5,50.5,50.8,-0.590551,0.59761,1.766,1.61,1.75,7.0,1.6,-5.41542
2025-04-25,-0.7,-2.5,-0.1,1.5,50.5,50.8,-0.590551,0.59761,1.766,1.567,1.75,7.0,1.6,-5.41542
2025-04-27,-0.7,-2.5,-0.1,1.5,50.5,50.8,-0.590551,0.59761,1.767,1.606,1.75,7.0,1.6,-5.41542
2025-04-28,-0.7,-2.5,-0.1,1.5,50.5,50.8,-0.590551,0.59761,1.768,1.603,1.75,7.0,1.6,-5.41542
2025-04-29,-0.7,-2.5,-0.1,1.5,50.5,50.8,-0.590551,0.59761,1.767,1.541,1.75,7.0,1.6,-5.41542
2025-04-30,-0.7,-2.5,-0.1,1.5,49.0,50.4,-2.777778,-2.970297,1.766,1.76,1.75,7.0,1.6,-5.41542
2025-05-06,-0.7,-2.5,-0.1,1.5,49.0,50.4,-2.777778,-2.970297,1.765,1.702,1.748,7.0,1.6,-5.41542
2025-05-07,-0.7,-2.5,-0.1,1.5,49.0,50.4,-2.777778,-2.970297,1.752,1.657,1.737,7.0,1.6,-5.41542
2025-05-08,-0.7,-2.5,-0.1,1.5,49.0,50.4,-2.777778,-2.970297,1.735,1.539,1.72,7.0,1.6,-5.41542
2025-05-09,-0.7,-2.5,-0.1,1.5,49.0,50.4,-2.777778,-2.970297,1.711,1.497,1.696,7.0,1.6,-5.41542
2025-05-10,-0.7,-2.7,-0.1,1.5,49.0,50.4,-2.777778,-2.970297,1.711,1.497,1.696,7.0,1.6,-5.41542
2025-05-12,-0.7,-2.7,-0.1,1.5,49.0,50.4,-2.777778,-2.970297,1.695,1.422,1.672,7.0,1.6,-5.41542
2025-05-13,-0.7,-2.7,-0.1,1.5,49.0,50.4,-2.777778,-2.970297,1.684,1.406,1.662,7.0,1.6,-5.41542
2025-05-14,-0.7,-2.7,-0.1,1.5,49.0,50.4,-2.777778,-2.970297,1.677,1.405,1.653,8.0,1.5,-6.443222
2025-05-15,-0.7,-2.7,-0.1,1.5,49.0,50.4,-2.777778,-2.970297,1.673,1.404,1.645,8.0,1.5,-6.443222
2025-05-16,-0.7,-2.7,-0.1,1.5,49.0,50.4,-2.777778,-2.970297,1.671,1.654,1.647,8.0,1.5,-6.443222
2025-05-19,-0.7,-2.7,-0.1,1.5,49.0,50.4,-2.777778,-2.970297,1.673,1.537,1.645,8.0,1.5,-6.443222
2025-05-20,-0.7,-2.7,-0.1,1.5,49.0,50.4,-2.777778,-2.970297,1.671,1.509,1.642,8.0,1.5,-6.443222
2025-05-21,-0.7,-2.7,-0.1,1.5,49.0,50.4,-2.777778,-2.970297,1.674,1.509,1.64,8.0,1.5,-6.443222
2025-05-22,-0.7,-2.7,-0.1,1.5,49.0,50.4,-2.777778,-2.970297,1.676,1.465,1.64,8.0,1.5,-6.443222
2025-05-23,-0.7,-2.7,-0.1,1.5,49.0,50.4,-2.777778,-2.970297,1.682,1.565,1.642,8.0,1.5,-6.443222
2025-05-26,-0.7,-2.7,-0.1,1.5,49.0,50.4,-2.777778,-2.970297,1.685,1.506,1.643,8.0,1.5,-6.443222
2025-05-27,-0.7,-2.7,-0.1,1.5,49.0,50.4,-2.777778,-2.970297,1.692,1.452,1.644,8.0,1.5,-6.443222
2025-05-28,-0.7,-2.7,-0.1,1.5,49.0,50.4,-2.777778,-2.970297,1.694,1.411,1.647,8.0,1.5,-6.443222
2025-05-29,-0.7,-2.7,-0.1,1.5,49.0,50.4,-2.777778,-2.970297,1.695,1.411,1.652,8.0,1.5,-6.443222
2025-05-30,-0.7,-2.7,-0.1,1.5,49.0,50.4,-2.777778,-2.970297,1.698,1.471,1.652,8.0,1.5,-6.443222
2025-05-31,-0.7,-2.7,-0.1,1.5,49.5,50.3,0.0,1.020408,1.698,1.471,1.652,8.0,1.5,-6.443222
2025-06-03,-0.7,-2.7,-0.1,1.5,49.5,50.3,0.0,1.020408,1.7,1.41,1.652,8.0,1.5,-6.443222
2025-06-04,-0.7,-2.7,-0.1,1.5,49.5,50.3,0.0,1.020408,1.703,1.408,1.652,8.0,1.5,-6.443222
2025-06-05,-0.7,-2.7,-0.1,1.5,49.5,50.3,0.0,1.020408,1.702,1.408,1.652,8.0,1.5,-6.443222
2025-06-06,-0.7,-2.7,-0.1,1.5,49.5,50.3,0.0,1.020408,1.697,1.411,1.651,8.0,1.5,-6.443222
2025-06-09,-0.1,-2.7,0.6,3.2,49.5,50.3,0.0,1.020408,1.693,1.378,1.649,8.0,1.5,-6.443222
2025-06-10,-0.1,-2.7,0.6,3.2,49.5,50.3,0.0,1.020408,1.687,1.362,1.645,8.0,1.5,-6.443222
2025-06-11,-0.1,-2.7,0.6,3.2,49.5,50.3,0.0,1.020408,1.684,1.361,1.642,8.0,1.5,-6.443222
2025-06-12,-0.1,-2.7,0.6,3.2,49.5,50.3,0.0,1.020408,1.68,1.367,1.639,8.0,1.5,-6.443222
2025-06-13,-0.1,-2.7,0.6,3.2,49.5,50.3,0.0,1.020408,1.68,1.411,1.638,7.9,2.3,-5.602902
2025-06-16,-0.1,-2.7,0.6,3.2,49.5,50.3,0.0,1.020408,1.68,1.388,1.636,7.9,2.3,-5.602902
2025-06-17,-0.1,-2.7,0.6,3.2,49.5,50.3,0.0,1.020408,1.679,1.369,1.634,7.9,2.3,-5.602902
2025-06-18,-0.1,-2.7,0.6,3.2,49.5,50.3,0.0,1.020408,1.676,1.366,1.63,7.9,2.3,-5.602902
2025-06-19,-0.1,-2.7,0.6,3.2,49.5,50.3,0.0,1.020408,1.671,1.367,1.63,7.9,2.3,-5.602902
2025-06-20,-0.1,-2.7,0.6,3.2,49.5,50.3,0.0,1.020408,1.667,1.368,1.629,7.9,2.3,-5.602902
2025-06-23,-0.1,-2.7,0.6,3.2,49.5,50.3,0.0,1.020408,1.666,1.367,1.629,7.9,2.3,-5.602902
2025-06-24,-0.1,-2.7,0.6,3.2,49.5,50.3,0.0,1.020408,1.662,1.37,1.629,7.9,2.3,-5.602902
2025-06-25,-0.1,-2.7,0.6,3.2,49.5,50.3,0.0,1.020408,1.659,1.371,1.63,7.9,2.3,-5.602902
2025-06-26,-0.1,-2.7,0.6,3.2,49.5,50.3,0.0,1.020408,1.658,1.37,1.63,7.9,2.3,-5.602902
2025-06-27,-0.1,-2.7,0.6,3.2,49.5,50.3,0.0,1.020408,1.656,1.371,1.63,7.9,2.3,-5.602902
2025-06-30,-0.1,-2.7,0.6,3.2,49.7,50.5,0.40404,0.40404,1.657,1.422,1.63,7.9,2.3,-5.602902
2025-07-01,-0.1,-2.7,0.6,3.2,49.7,50.5,0.40404,0.40404,1.656,1.367,1.628,7.9,2.3,-5.602902
2025-07-02,-0.1,-2.7,0.6,3.2,49.7,50.5,0.40404,0.40404,1.6515,1.365,1.6195,7.9,2.3,-5.602902
2025-07-03,-0.1,-2.7,0.6,3.2,49.7,50.5,0.40404,0.40404,1.638,1.315,1.606,7.9,2.3,-5.602902
2025-07-04,-0.1,-2.7,0.6,3.2,49.7,50.5,0.40404,0.40404,1.629,1.313,1.597,7.9,2.3,-5.602902
2025-07-07,-0.1,-2.7,0.6,3.2,49.7,50.5,0.40404,0.40404,1.616,1.312,1.579,7.9,2.3,-5.602902
2025-07-08,-0.1,-2.7,0.6,3.2,49.7,50.5,0.40404,0.40404,1.612,1.312,1.57,7.9,2.3,-5.602902
2025-07-09,0.1,-2.7,0.7,3.7,49.7,50.5,0.40404,0.40404,1.613,1.313,1.562,7.9,2.3,-5.602902
2025-07-10,0.1,-2.7,0.7,3.7,49.7,50.5,0.40404,0.40404,1.613,1.316,1.559,7.9,2.3,-5.602902
2025-07-11,0.1,-2.7,0.7,3.7,49.7,50.5,0.40404,0.40404,1.616,1.333,1.557,7.9,2.3,-5.602902
2025-07-14,0.1,-2.7,0.7,3.7,49.7,50.5,0.40404,0.40404,1.623,1.415,1.561,8.3,4.6,-3.664618
2025-07-15,0.1,-2.7,0.7,3.7,49.7,50.5,0.40404,0.40404,1.623,1.535,1.559,8.3,4.6,-3.664618
2025-07-16,0.1,-2.7,0.7,3.7,49.7,50.5,0.40404,0.40404,1.621,1.466,1.559,8.3,4.6,-3.664618
2025-07-17,0.1,-2.7,0.7,3.7,49.7,50.5,0.40404,0.40404,1.621,1.463,1.557,8.3,4.6,-3.664618
2025-07-18,0.1,-2.7,0.7,3.7,49.7,50.5,0.40404,0.40404,1.621,1.462,1.555,8.3,4.6,-3.664618
2025-07-21,0.1,-2.7,0.7,3.7,49.7,50.5,0.40404,0.40404,1.622,1.366,1.553,8.3,4.6,-3.664618
2025-07-22,0.1,-2.7,0.7,3.7,49.7,50.5,0.40404,0.40404,1.621,1.317,1.549,8.3,4.6,-3.664618
2025-07-23,0.1,-2.7,0.7,3.7,49.7,50.5,0.40404,0.40404,1.625,1.367,1.551,8.3,4.6,-3.664618
2025-07-24,0.1,-2.7,0.7,3.7,49.7,50.5,0.40404,0.40404,1.631,1.635,1.553,8.3,4.6,-3.664618
2025-07-25,0.1,-2.7,0.7,3.7,49.7,50.5,0.40404,0.40404,1.639,1.52,1.559,8.3,4.6,-3.664618
2025-07-28,0.1,-2.7,0.7,3.7,49.7,50.5,0.40404,0.40404,1.642,1.467,1.56,8.3,4.6,-3.664618
2025-07-29,0.1,-2.7,0.7,3.7,49.7,50.5,0.40404,0.40404,1.644,1.366,1.56,8.3,4.6,-3.664618
2025-07-30,0.1,-2.7,0.7,3.7,49.7,50.5,0.40404,0.40404,1.647,1.317,1.564,8.3,4.6,-3.664618
2025-07-31,0.1,-2.7,0.7,3.7,49.3,50.1,-0.202429,-0.804829,1.648,1.392,1.566,8.3,4.6,-3.664618
2025-08-01,0.1,-2.7,0.7,3.7,49.3,50.1,-0.202429,-0.804829,1.645,1.315,1.563,8.3,4.6,-3.664618
2025-08-04,0.1,-2.7,0.7,3.7,49.3,50.1,-0.202429,-0.804829,1.641,1.314,1.559,8.3,4.6,-3.664618
2025-08-05,0.1,-2.7,0.7,3.7,49.3,50.1,-0.202429,-0.804829,1.638,1.315,1.558,8.3,4.6,-3.664618
2025-08-06,0.1,-2.7,0.7,3.7,49.3,50.1,-0.202429,-0.804829,1.638,1.316,1.559,8.3,4.6,-3.664618
2025-08-07,0.1,-2.7,0.7,3.7,49.3,50.1,-0.202429,-0.804829,1.639,1.315,1.56,8.3,4.6,-3.664618
2025-08-08,0.1,-2.7,0.7,3.7,49.3,50.1,-0.202429,-0.804829,1.6378,1.3144,1.5544,8.3,4.6,-3.664618
2025-08-09,0.1,-3.6,0.7,3.7,49.3,50.1,-0.202429,-0.804829,1.6378,1.3144,1.5544,8.3,4.6,-3.664618
2025-08-11,0.1,-3.6,0.7,3.7,49.3,50.1,-0.202429,-0.804829,1.638,1.315,1.549,8.3,4.6,-3.664618
2025-08-12,0.1,-3.6,0.7,3.7,49.3,50.1,-0.202429,-0.804829,1.638,1.315,1.548,8.3,4.6,-3.664618
2025-08-13,0.1,-3.6,0.7,3.7,49.3,50.1,-0.202429,-0.804829,1.64,1.315,1.548,8.8,5.6,-3.192988
2025-08-14,0.1,-3.6,0.7,3.7,49.3,50.1,-0.202429,-0.804829,1.64,1.315,1.549,8.8,5.6,-3.192988
2025-08-15,0.1,-3.6,0.7,3.7,49.3,50.1,-0.202429,-0.804829,1.64,1.398,1.547,8.8,5.6,-3.192988
2025-08-18,0.1,-3.6,0.7,3.7,49.3,50.1,-0.202429,-0.804829,1.643,1.436,1.549,8.8,5.6,-3.192988
2025-08-19,0.1,-3.6,0.7,3.7,49.3,50.1,-0.202429,-0.804829,1.647,1.464,1.55,8.8,5.6,-3.192988
2025-08-20,0.1,-3.6,0.7,3.7,49.3,50.1,-0.202429,-0.804829,1.649,1.473,1.55,8.8,5.6,-3.192988
2025-08-21,0.1,-3.6,0.7,3.7,49.3,50.1,-0.202429,-0.804829,1.653,1.466,1.55,8.8,5.6,-3.192988
2025-08-22,0.1,-3.6,0.7,3.7,49.3,50.1,-0.202429,-0.804829,1.653,1.418,1.55,8.8,5.6,-3.192988
2025-08-25,0.1,-3.6,0.7,3.7,49.3,50.1,-0.202429,-0.804829,1.652,1.356,1.55,8.8,5.6,-3.192988
2025-08-26,0.1,-3.6,0.7,3.7,49.3,50.1,-0.202429,-0.804829,1.652,1.317,1.55,8.8,5.6,-3.192988
2025-08-27,0.1,-3.6,0.7,3.7,49.3,50.1,-0.202429,-0.804829,1.653,1.315,1.55,8.8,5.6,-3.192988
2025-08-28,0.1,-3.6,0.7,3.7,49.3,50.1,-0.202429,-0.804829,1.653,1.316,1.55,8.8,5.6,-3.192988
2025-08-29,0.1,-3.6,0.7,3.7,49.3,50.1,-0.202429,-0.804829,1.652,1.331,1.55,8.8,5.6,-3.192988
2025-08-31,0.1,-3.6,0.7,3.7,49.4,50.3,0.610998,0.20284,1.652,1.331,1.55,8.8,5.6,-3.192988
2025-09-01,0.1,-3.6,0.7,3.7,49.4,50.3,0.610998,0.20284,1.654,1.315,1.549,8.8,5.6,-3.192988
2025-09-02,0.1,-3.6,0.7,3.7,49.4,50.3,0.610998,0.20284,1.655,1.314,1.549,8.8,5.6,-3.192988
2025-09-03,0.1,-3.6,0.7,3.7,49.4,50.3,0.610998,0.20284,1.656,1.316,1.55,8.8,5.6,-3.192988
2025-09-04,0.1,-3.6,0.7,3.7,49.4,50.3,0.610998,0.20284,1.658,1.316,1.55,8.8,5.6,-3.192988
2025-09-05,0.1,-3.6,0.7,3.7,49.4,50.3,0.610998,0.20284,1.66,1.316,1.55,8.8,5.6,-3.192988
2025-09-08,0.1,-3.6,0.7,3.7,49.4,50.3,0.610998,0.20284,1.66,1.353,1.55,8.8,5.6,-3.192988
2025-09-09,0.1,-3.6,0.7,3.7,49.4,50.3,0.610998,0.20284,1.661,1.419,1.551,8.8,5.6,-3.192988
2025-09-10,0.1,-2.9,0.7,3.7,49.4,50.3,0.610998,0.20284,1.663,1.425,1.553,8.8,5.6,-3.192988
2025-09-11,0.1,-2.9,0.7,3.7,49.4,50.3,0.610998,0.20284,1.665,1.369,1.553,8.8,5.6,-3.192988
2025-09-12,0.1,-2.9,0.7,3.7,49.4,50.3,0.610998,0.20284,1.667,1.367,1.553,8.8,6.0,-2.86947
2025-09-15,0.1,-2.9,0.7,3.7,49.4,50.3,0.610998,0.20284,1.671,1.408,1.553,8.8,6.0,-2.86947
2025-09-16,0.1,-2.9,0.7,3.7,49.4,50.3,0.610998,0.20284,1.671,1.437,1.553,8.8,6.0,-2.86947
2025-09-17,0.1,-2.9,0.7,3.7,49.4,50.3,0.610998,0.20284,1.671,1.483,1.554,8.8,6.0,-2.86947
2025-09-18,0.1,-2.9,0.7,3.7,49.4,50.3,0.610998,0.20284,1.673,1.514,1.556,8.8,6.0,-2.86947
2025-09-19,0.1,-2.9,0.7,3.7,49.4,50.3,0.610998,0.20284,1.673,1.461,1.562,8.8,6.0,-2.86947
2025-09-22,0.1,-2.9,0.7,3.7,49.4,50.3,0.610998,0.20284,1.673,1.427,1.562,8.8,6.0,-2.86947
2025-09-23,0.1,-2.9,0.7,3.7,49.4,50.3,0.610998,0.20284,1.672,1.413,1.562,8.8,6.0,-2.86947
2025-09-24,0.1,-2.9,0.7,3.7,49.4,50.3,0.610998,0.20284,1.674,1.434,1.566,8.8,6.0,-2.86947
2025-09-25,0.1,-2.9,0.7,3.7,49.4,50.3,0.610998,0.20284,1.679,1.472,1.574,8.8,6.0,-2.86947
2025-09-26,0.1,-2.9,0.7,3.7,49.4,50.3,0.610998,0.20284,1.681,1.321,1.576,8.8,6.0,-2.86947
2025-09-28,0.1,-2.9,0.7,3.7,49.4,50.3,0.610998,0.20284,1.68,1.314,1.58,8.8,6.0,-2.86947
2025-09-29,0.1,-2.9,0.7,3.7,49.4,50.3,0.610998,0.20284,1.68,1.315,1.58,8.8,6.0,-2.86947
2025-09-30,0.1,-2.9,0.7,3.7,49.8,50.0,0.0,0.809717,1.68,1.379,1.58,8.8,6.0,-2.86947
2025-10-09,0.1,-2.9,0.7,3.7,49.8,50.0,0.0,0.809717,1.677,1.322,1.579,8.8,6.0,-2.86947
2025-10-10,0.1,-2.9,0.7,3.7,49.8,50.0,0.0,0.809717,1.675,1.319,1.578,8.8,6.0,-2.86947
2025-10-11,0.1,-2.9,0.7,3.7,49.8,50.0,0.0,0.809717,1.674,1.314,1.581,8.8,6.0,-2.86947
2025-10-13,0.1,-2.9,0.7,3.7,49.8,50.0,0.0,0.809717,1.669,1.314,1.58,8.8,6.0,-2.86947
2025-10-14,0.1,-2.9,0.7,3.7,49.8,50.0,0.0,0.809717,1.669,1.315,1.581,8.8,6.0,-2.86947
2025-10-15,0.1,-2.3,0.7,3.7,49.8,50.0,0.0,0.809717,1.669,1.316,1.581,8.4,7.2,-1.162739
2025-10-16,0.1,-2.3,0.7,3.7,49.8,50.0,0.0,0.809717,1.669,1.316,1.581,8.4,7.2,-1.162739
2025-10-17,0.1,-2.3,0.7,3.7,49.8,50.0,0.0,0.809717,1.67,1.318,1.58,8.4,7.2,-1.162739
2025-10-20,0.1,-2.3,0.7,3.7,49.8,50.0,0.0,0.809717,1.67,1.317,1.582,8.4,7.2,-1.162739
2025-10-21,0.1,-2.3,0.7,3.7,49.8,50.0,0.0,0.809717,1.675,1.317,1.586,8.4,7.2,-1.162739
2025-10-22,0.1,-2.3,0.7,3.7,49.8,50.0,0.0,0.809717,1.679,1.318,1.592,8.4,7.2,-1.162739
2025-10-23,0.1,-2.3,0.7,3.7,49.8,50.0,0.0,0.809717,1.68,1.318,1.594,8.4,7.2,-1.162739
2025-10-24,0.1,-2.3,0.7,3.7,49.8,50.0,0.0,0.809717,1.68,1.32,1.594,8.4,7.2,-1.162739
2025-10-27,0.1,-2.3,0.7,3.7,49.8,50.0,0.0,0.809717,1.68,1.442,1.595,8.4,7.2,-1.162739
2025-10-28,0.1,-2.3,0.7,3.7,49.8,50.0,0.0,0.809717,1.678,1.469,1.599,8.4,7.2,-1.162739
2025-10-29,0.1,-2.3,0.7,3.7,49.8,50.0,0.0,0.809717,1.675,1.414,1.599,8.4,7.2,-1.162739
2025-10-30,0.1,-2.3,0.7,3.7,49.8,50.0,0.0,0.809717,1.673,1.317,1.597,8.4,7.2,-1.162739
2025-10-31,0.1,-2.3,0.7,3.7,49.0,50.1,-2.195609,-1.606426,1.667,1.321,1.596,8.4,7.2,-1.162739
2025-11-03,0.1,-2.3,0.7,3.7,49.0,50.1,-2.195609,-1.606426,1.664,1.316,1.595,8.4,7.2,-1.162739
2025-11-04,0.1,-2.3,0.7,3.7,49.0,50.1,-2.195609,-1.606426,1.658,1.315,1.594,8.4,7.2,-1.162739
2025-11-05,0.1,-2.3,0.7,3.7,49.0,50.1,-2.195609,-1.606426,1.655,1.315,1.589,8.4,7.2,-1.162739
2025-11-06,0.1,-2.3,0.7,3.7,49.0,50.1,-2.195609,-1.606426,1.6525,1.313,1.5875,8.4,7.2,-1.162739
2025-11-07,0.1,-2.3,0.7,3.7,49.0,50.1,-2.195609,-1.606426,1.65,1.327,1.584,8.4,7.2,-1.162739
2025-11-09,0.2,-2.3,1.2,2.3,49.0,50.1,-2.195609,-1.606426,1.65,1.327,1.584,8.4,7.2,-1.162739
2025-11-10,0.2,-2.3,1.2,2.3,49.0,50.1,-2.195609,-1.606426,1.65,1.479,1.58,8.4,7.2,-1.162739
2025-11-11,0.2,-2.3,1.2,2.3,49.0,50.1,-2.195609,-1.606426,1.65,1.508,1.58,8.4,7.2,-1.162739
2025-11-12,0.2,-2.3,1.2,2.3,49.0,50.1,-2.195609,-1.606426,1.649,1.415,1.58,8.4,7.2,-1.162739
2025-11-13,0.2,-2.3,1.2,2.3,49.0,50.1,-2.195609,-1.606426,1.65,1.315,1.58,8.2,6.2,-2.039076
2025-11-14,0.2,-2.3,1.2,2.3,49.0,50.1,-2.195609,-1.606426,1.65,1.363,1.58,8.2,6.2,-2.039076
2025-11-17,0.2,-2.3,1.2,2.3,49.0,50.1,-2.195609,-1.606426,1.65,1.508,1.58,8.2,6.2,-2.039076
2025-11-18,0.2,-2.3,1.2,2.3,49.0,50.1,-2.195609,-1.606426,1.65,1.525,1.58,8.2,6.2,-2.039076
2025-11-19,0.2,-2.3,1.2,2.3,49.0,50.1,-2.195609,-1.606426,1.65,1.42,1.58,8.2,6.2,-2.039076
2025-11-20,0.2,-2.3,1.2,2.3,49.0,50.1,-2.195609,-1.606426,1.65,1.364,1.579,8.2,6.2,-2.039076
2025-11-21,0.2,-2.3,1.2,2.3,49.0,50.1,-2.195609,-1.606426,1.65,1.32,1.578,8.2,6.2,-2.039076
2025-11-24,0.2,-2.3,1.2,2.3,49.0,50.1,-2.195609,-1.606426,1.65,1.316,1.58,8.2,6.2,-2.039076
2025-11-25,0.2,-2.3,1.2,2.3,49.0,50.1,-2.195609,-1.606426,1.65,1.316,1.58,8.2,6.2,-2.039076
2025-11-26,0.2,-2.3,1.2,2.3,49.0,50.1,-2.195609,-1.606426,1.65,1.316,1.579,8.2,6.2,-2.039076
2025-11-27,0.2,-2.3,1.2,2.3,49.0,50.1,-2.195609,-1.606426,1.65,1.314,1.58,8.2,6.2,-2.039076
2025-11-28,0.2,-2.3,1.2,2.3,49.0,50.1,-2.195609,-1.606426,1.65,1.301,1.58,8.2,6.2,-2.039076
2025-11-30,0.2,-2.3,1.2,2.3,49.2,49.5,-2.186879,0.408163,1.65,1.301,1.58,8.2,6.2,-2.039076
2025-12-01,0.2,-2.3,1.2,2.3,49.2,49.5,-2.186879,0.408163,1.65,1.307,1.58,8.2,6.2,-2.039076
2025-12-02,0.2,-2.3,1.2,2.3,49.2,49.5,-2.186879,0.408163,1.65,1.302,1.58,8.2,6.2,-2.039076
2025-12-03,0.2,-2.3,1.2,2.3,49.2,49.5,-2.186879,0.408163,1.65,1.301,1.58,8.2,6.2,-2.039076
2025-12-04,0.2,-2.3,1.2,2.3,49.2,49.5,-2.186879,0.408163,1.65,1.302,1.58,8.2,6.2,-2.039076
2025-12-05,0.2,-2.3,1.2,2.3,49.2,49.5,-2.186879,0.408163,1.65,1.301,1.58,8.2,6.2,-2.039076
2025-12-08,0.2,-2.3,1.2,2.3,49.2,49.5,-2.186879,0.408163,1.65,1.302,1.58,8.2,6.2,-2.039076
2025-12-09,0.2,-2.3,1.2,2.3,49.2,49.5,-2.186879,0.408163,1.65,1.303,1.581,8.2,6.2,-2.039076
2025-12-10,0.2,-2.2,1.2,2.3,49.2,49.5,-2.186879,0.408163,1.65,1.298,1.582,8.2,6.2,-2.039076
2025-12-11,0.2,-2.2,1.2,2.3,49.2,49.5,-2.186879,0.408163,1.651,1.283,1.584,8.2,6.2,-2.039076
2025-12-12,0.2,-2.2,1.2,2.3,49.2,49.5,-2.186879,0.408163,1.651,1.279,1.585,8.0,4.9,-3.147286
2025-12-15,0.2,-2.2,1.2,2.3,49.2,49.5,-2.186879,0.408163,1.652,1.274,1.591,8.0,4.9,-3.147286
2025-12-16,0.2,-2.2,1.2,2.3,49.2,49.5,-2.186879,0.408163,1.653,1.276,1.595,8.0,4.9,-3.147286
2025-12-17,0.2,-2.2,1.2,2.3,49.2,49.5,-2.186879,0.408163,1.653,1.275,1.601,8.0,4.9,-3.147286
2025-12-18,0.2,-2.2,1.2,2.3,49.2,49.5,-2.186879,0.408163,1.653,1.273,1.603,8.0,4.9,-3.147286
2025-12-19,0.2,-2.2,1.2,2.3,49.2,49.5,-2.186879,0.408163,1.6511,1.2733,1.6022,8.0,4.9,-3.147286
2025-12-22,0.2,-2.2,1.2,2.3,49.2,49.5,-2.186879,0.408163,1.65,1.272,1.601,8.0,4.9,-3.147286
2025-12-23,0.2,-2.2,1.2,2.3,49.2,49.5,-2.186879,0.408163,1.65,1.272,1.6,8.0,4.9,-3.147286
2025-12-24,0.2,-2.2,1.2,2.3,49.2,49.5,-2.186879,0.408163,1.65,1.267,1.6,8.0,4.9,-3.147286
2025-12-25,0.2,-2.2,1.2,2.3,49.2,49.5,-2.186879,0.408163,1.65,1.262,1.6,8.0,4.9,-3.147286
2025-12-26,0.2,-2.2,1.2,2.3,49.2,49.5,-2.186879,0.408163,1.65,1.258,1.6,8.0,4.9,-3.147286
2025-12-29,0.2,-2.2,1.2,2.3,49.2,49.5,-2.186879,0.408163,1.65,1.248,1.6,8.0,4.9,-3.147286
2025-12-30,0.2,-2.2,1.2,2.3,49.2,49.5,-2.186879,0.408163,1.65,1.247,1.6,8.0,4.9,-3.147286
2025-12-31,0.2,-2.2,1.2,2.3,50.1,50.2,0.0,1.829268,1.65,1.327,1.6,8.0,4.9,-3.147286
2026-01-04,0.2,-2.2,1.2,2.3,50.1,50.2,0.0,1.829268,1.649,1.258,1.598,8.0,4.9,-3.147286
2026-01-05,0.2,-2.2,1.2,2.3,50.1,50.2,0.0,1.829268,1.648,1.264,1.596,8.0,4.9,-3.147286
2026-01-06,0.2,-2.2,1.2,2.3,50.1,50.2,0.0,1.829268,1.648,1.263,1.596,8.0,4.9,-3.147286
2026-01-07,0.2,-2.2,1.2,2.3,50.1,50.2,0.0,1.829268,1.649,1.266,1.597,8.0,4.9,-3.147286
2026-01-08,0.2,-2.2,1.2,2.3,50.1,50.2,0.0,1.829268,1.648,1.27,1.595,8.0,4.9,-3.147286
2026-01-09,0.2,-1.9,1.2,2.3,50.1,50.2,0.0,1.829268,1.646,1.272,1.595,8.0,4.9,-3.147286
2026-01-12,0.2,-1.9,1.2,2.3,50.1,50.2,0.0,1.829268,1.648,1.316,1.598,8.0,4.9,-3.147286
2026-01-13,0.2,-1.9,1.2,2.3,50.1,50.2,0.0,1.829268,1.649,1.391,1.6,8.0,4.9,-3.147286
2026-01-14,0.2,-1.9,1.2,2.3,50.1,50.2,0.0,1.829268,1.65,1.39,1.6,8.0,4.9,-3.147286
2026-01-15,0.2,-1.9,1.2,2.3,50.1,50.2,0.0,1.829268,1.649,1.374,1.6,8.5,3.8,-4.755516
2026-01-16,0.2,-1.9,1.2,2.3,50.1,50.2,0.0,1.829268,1.65,1.325,1.6,8.5,3.8,-4.755516
2026-01-19,0.2,-1.9,1.2,2.3,50.1,50.2,0.0,1.829268,1.649,1.318,1.6,8.5,3.8,-4.755516
2026-01-20,0.2,-1.9,1.2,2.3,50.1,50.2,0.0,1.829268,1.649,1.374,1.6,8.5,3.8,-4.755516
2026-01-21,0.2,-1.9,1.2,2.3,50.1,50.2,0.0,1.829268,1.648,1.322,1.6,8.5,3.8,-4.755516
2026-01-22,0.2,-1.9,1.2,2.3,50.1,50.2,0.0,1.829268,1.6458,1.413,1.598,8.5,3.8,-4.755516
2026-01-23,0.2,-1.9,1.2,2.3,50.1,50.2,0.0,1.829268,1.6441,1.396,1.598,8.5,3.8,-4.755516
2026-01-26,0.2,-1.9,1.2,2.3,50.1,50.2,0.0,1.829268,1.639,1.42,1.5978,8.5,3.8,-4.755516
2026-01-27,0.2,-1.9,1.2,2.3,50.1,50.2,0.0,1.829268,1.637,1.371,1.5968,8.5,3.8,-4.755516
2026-01-28,0.2,-1.9,1.2,2.3,50.1,50.2,0.0,1.829268,1.6337,1.366,1.5947,8.5,3.8,-4.755516
2026-01-29,0.2,-1.9,1.2,2.3,50.1,50.2,0.0,1.829268,1.629,1.368,1.591,8.5,3.8,-4.755516
2026-01-30,0.2,-1.9,1.2,2.3,50.1,50.2,0.0,1.829268,1.628,1.328,1.589,8.5,3.8,-4.755516
2026-01-31,0.2,-1.9,1.2,2.3,49.3,49.4,0.407332,-1.596806,1.628,1.328,1.589,8.5,3.8,-4.755516
2026-02-02,0.2,-1.9,1.2,2.3,49.3,49.4,0.407332,-1.596806,1.6248,1.365,1.5889,8.5,3.8,-4.755516
2026-02-03,0.2,-1.9,1.2,2.3,49.3,49.4,0.407332,-1.596806,1.6215,1.317,1.5859,8.5,3.8,-4.755516
2026-02-04,0.2,-1.9,1.2,2.3,49.3,49.4,0.407332,-1.596806,1.619,1.318,1.5846,8.5,3.8,-4.755516
2026-02-05,0.2,-1.9,1.2,2.3,49.3,49.4,0.407332,-1.596806,1.6189,1.319,1.5805,8.5,3.8,-4.755516
2026-02-06,0.2,-1.9,1.2,2.3,49.3,49.4,0.407332,-1.596806,1.6169,1.277,1.58,8.5,3.8,-4.755516
2026-02-09,0.2,-1.9,1.2,2.3,49.3,49.4,0.407332,-1.596806,1.6147,1.27,1.58,8.5,3.8,-4.755516
2026-02-10,0.2,-1.9,1.2,2.3,49.3,49.4,0.407332,-1.596806,1.6115,1.362,1.58,8.5,3.8,-4.755516
2026-02-11,0.2,-1.4,1.2,2.3,49.3,49.4,0.407332,-1.596806,1.6092,1.366,1.58,8.5,3.8,-4.755516
2026-02-12,0.2,-1.4,1.2,2.3,49.3,49.4,0.407332,-1.596806,1.6089,1.368,1.58,8.5,3.8,-4.755516
2026-02-13,0.2,-1.4,1.2,2.3,49.3,49.4,0.407332,-1.596806,1.61,1.271,1.579,9.0,4.9,-4.087061
2026-02-14,0.2,-1.4,1.2,2.3,49.3,49.4,0.407332,-1.596806,1.61,1.3156,1.58,9.0,4.9,-4.087061
2026-02-24,0.2,-1.4,1.2,2.3,49.3,49.4,0.407332,-1.596806,1.61,1.362,1.578,9.0,4.9,-4.087061
2026-02-25,0.2,-1.4,1.2,2.3,49.3,49.4,0.407332,-1.596806,1.608,1.378,1.5778,9.0,4.9,-4.087061
2026-02-26,0.2,-1.4,1.2,2.3,49.3,49.4,0.407332,-1.596806,1.6068,1.368,1.5748,9.0,4.9,-4.087061
2026-02-27,0.2,-1.4,1.2,2.3,49.3,49.4,0.407332,-1.596806,1.605,1.358,1.569,9.0,4.9,-4.087061
2026-02-28,0.2,-1.4,1.2,2.3,49.3,49.4,0.407332,-1.596806,1.604,1.318,1.5679,9.0,4.9,-4.087061
2026-03-02,0.2,-1.4,1.2,2.3,49.3,49.4,0.407332,-1.596806,1.5994,1.315,1.5678,9.0,4.9,-4.087061
2026-03-03,0.2,-1.4,1.2,2.3,49.3,49.4,0.407332,-1.596806,1.595,1.267,1.565,9.0,4.9,-4.087061
2026-03-04,0.2,-1.4,1.2,2.3,49.0,49.5,-2.390438,-0.608519,1.5915,1.266,1.5605,9.0,4.9,-4.087061
2026-03-05,0.2,-1.4,1.2,2.3,49.0,49.5,-2.390438,-0.608519,1.588,1.267,1.558,9.0,4.9,-4.087061
2026-03-06,0.2,-1.4,1.2,2.3,49.0,49.5,-2.390438,-0.608519,1.5848,1.319,1.5548,9.0,4.9,-4.087061
2026-03-09,0.2,-0.9,1.2,2.3,49.0,49.5,-2.390438,-0.608519,1.5825,1.322,1.5515,9.0,4.9,-4.087061
2026-03-10,0.2,-0.9,1.2,2.3,49.0,49.5,-2.390438,-0.608519,1.5803,1.318,1.5492,9.0,4.9,-4.087061
2026-03-11,0.2,-0.9,1.2,2.3,49.0,49.5,-2.390438,-0.608519,1.58,1.367,1.547,9.0,4.9,-4.087061
2026-03-12,0.2,-0.9,1.2,2.3,49.0,49.5,-2.390438,-0.608519,1.579,1.337,1.546,9.0,4.9,-4.087061
2026-03-13,0.2,-0.9,1.2,2.3,49.0,49.5,-2.390438,-0.608519,1.576,1.321,1.542,9.0,5.9,-3.1
2026-03-16,0.2,-0.9,1.2,2.3,49.0,49.5,-2.390438,-0.608519,1.5716,1.32,1.538,9.0,5.9,-3.1
2026-03-17,0.2,-0.9,1.2,2.3,49.0,49.5,-2.390438,-0.608519,1.567,1.319,1.5358,9.0,5.9,-3.1
2026-03-18,0.2,-0.9,1.2,2.3,49.0,49.5,-2.390438,-0.608519,1.565,1.32,1.532,9.0,5.9,-3.1
2026-03-19,0.2,-0.9,1.2,2.3,49.0,49.5,-2.390438,-0.608519,1.5595,1.321,1.528,9.0,5.9,-3.1
2026-03-20,0.2,-0.9,1.2,2.3,49.0,49.5,-2.390438,-0.608519,1.555,1.319,1.522,9.0,5.9,-3.1
2026-03-23,0.2,-0.9,1.2,2.3,49.0,49.5,-2.390438,-0.608519,1.5485,1.317,1.5182,9.0,5.9,-3.1
2026-03-24,0.2,-0.9,1.2,2.3,49.0,49.5,-2.390438,-0.608519,1.547,1.318,1.516,9.0,5.9,-3.1
2026-03-25,0.2,-0.9,1.2,2.3,49.0,49.5,-2.390438,-0.608519,1.5455,1.319,1.5155,9.0,5.9,-3.1
2026-03-26,0.2,-0.9,1.2,2.3,49.0,49.5,-2.390438,-0.608519,1.5441,1.32,1.5135,9.0,5.9,-3.1
2026-03-27,0.2,-0.9,1.2,2.3,49.0,49.5,-2.390438,-0.608519,1.5405,1.317,1.509,9.0,5.9,-3.1
2026-03-30,0.2,-0.9,1.2,2.3,49.0,49.5,-2.390438,-0.608519,1.54,1.318,1.509,9.0,5.9,-3.1
2026-03-31,0.2,-0.9,1.2,2.3,50.4,50.1,-0.19802,2.857143,1.538,1.277,1.507,9.0,5.9,-3.1
2026-04-01,0.2,-0.9,1.2,2.3,50.4,50.1,-0.19802,2.857143,1.536,1.27,1.504,9.0,5.9,-3.1
2026-04-02,0.2,-0.9,1.2,2.3,50.4,50.1,-0.19802,2.857143,1.5345,1.271,1.4995,9.0,5.9,-3.1
2026-04-03,0.2,-0.9,1.2,2.3,50.4,50.1,-0.19802,2.857143,1.526,1.238,1.493,9.0,5.9,-3.1
2026-04-07,0.2,-0.9,1.2,2.3,50.4,50.1,-0.19802,2.857143,1.518,1.226,1.484,9.0,5.9,-3.1
2026-04-08,0.2,-0.9,1.2,2.3,50.4,50.1,-0.19802,2.857143,1.5165,1.222,1.4795,9.0,5.9,-3.1
2026-04-09,0.2,-0.9,1.2,2.3,50.4,50.1,-0.19802,2.857143,1.5105,1.223,1.476,9.0,5.9,-3.1
2026-04-10,1.0,-0.9,1.1,0.5,50.4,50.1,-0.19802,2.857143,1.505,1.222,1.4715,9.0,5.9,-3.1
2026-04-13,1.0,-0.9,1.1,0.5,50.4,50.1,-0.19802,2.857143,1.4985,1.224,1.466,8.5,5.1,-3.4
2026-04-14,1.0,-0.9,1.1,0.5,50.4,50.1,-0.19802,2.857143,1.497,1.223,1.4635,8.5,5.1,-3.4
2026-04-15,1.0,-0.9,1.1,0.5,50.4,50.1,-0.19802,2.857143,1.4975,1.221,1.4615,8.5,5.1,-3.4
2026-04-16,1.0,-0.9,1.1,0.5,50.4,50.1,-0.19802,2.857143,1.4975,1.221,1.455,8.5,5.1,-3.4
2026-04-17,1.0,-0.9,1.1,0.5,50.4,50.1,-0.19802,2.857143,1.4965,1.221,1.4525,8.5,5.1,-3.4
2026-04-20,1.0,-0.9,1.1,0.5,50.4,50.1,-0.19802,2.857143,1.4955,1.221,1.449,8.5,5.1,-3.4
2026-04-21,1.0,-0.9,1.1,0.5,50.4,50.1,-0.19802,2.857143,1.4935,1.22,1.442,8.5,5.1,-3.4
2026-04-22,1.0,-0.9,1.1,0.5,50.4,50.1,-0.19802,2.857143,1.4865,1.219,1.4375,8.5,5.1,-3.4
2026-04-23,1.0,-0.9,1.1,0.5,50.4,50.1,-0.19802,2.857143,1.4825,1.219,1.4345,8.5,5.1,-3.4
2026-04-24,1.0,-0.9,1.1,0.5,50.4,50.1,-0.19802,2.857143,1.478,1.219,1.4275,8.5,5.1,-3.4
2026-04-27,1.0,-0.9,1.1,0.5,50.4,50.1,-0.19802,2.857143,1.4765,1.24,1.429,8.5,5.1,-3.4
2026-04-28,1.0,-0.9,1.1,0.5,50.4,50.1,-0.19802,2.857143,1.4765,1.242,1.424,8.5,5.1,-3.4
2026-04-29,1.0,-0.9,1.1,0.5,50.4,50.1,-0.19802,2.857143,1.4745,1.243,1.4195,8.5,5.1,-3.4
2026-04-30,1.0,-0.9,1.1,0.5,50.3,49.4,2.653061,-0.198413,1.472,1.327,1.416,8.5,5.1,-3.4
2026-05-06,1.0,-0.9,1.1,0.5,50.3,49.4,2.653061,-0.198413,1.471,1.271,1.42,8.5,5.1,-3.4
2026-05-07,1.0,-0.9,1.1,0.5,50.3,49.4,2.653061,-0.198413,1.47,1.275,1.417,8.5,5.1,-3.4
2026-05-08,1.0,-0.9,1.1,0.5,50.3,49.4,2.653061,-0.198413,1.469,1.255,1.417,8.5,5.1,-3.4
2026-05-09,1.0,-0.9,1.1,0.5,50.3,49.4,2.653061,-0.198413,1.469,1.224,1.414,8.5,5.1,-3.4
2026-05-11,1.2,-0.9,1.2,-1.6,50.3,49.4,2.653061,-0.198413,1.469,1.221,1.414,8.5,5.1,-3.4
2026-05-12,1.2,-0.9,1.2,-1.6,50.3,49.4,2.653061,-0.198413,1.469,1.255,1.412,8.5,5.1,-3.4
2026-05-13,1.2,-0.9,1.2,-1.6,50.3,49.4,2.653061,-0.198413,1.468,1.267,1.409,8.5,5.1,-3.4
2026-05-14,1.2,-0.9,1.2,-1.6,50.3,49.4,2.653061,-0.198413,1.468,1.265,1.406,8.6,5.0,-3.6
2026-05-15,1.2,-0.9,1.2,-1.6,50.3,49.4,2.653061,-0.198413,1.468,1.267,1.408,8.6,5.0,-3.6
2026-05-18,1.2,-0.9,1.2,-1.6,50.3,49.4,2.653061,-0.198413,1.467,1.266,1.405,8.6,5.0,-3.6
2026-05-19,1.2,-0.9,1.2,-1.6,50.3,49.4,2.653061,-0.198413,1.466,1.265,1.404,8.6,5.0,-3.6
2026-05-20,1.2,-0.9,1.2,-1.6,50.3,49.4,2.653061,-0.198413,1.4655,1.286,1.4045,8.6,5.0,-3.6
2026-05-21,1.2,-0.9,1.2,-1.6,50.3,49.4,2.653061,-0.198413,1.4655,1.288,1.4065,8.6,5.0,-3.6
2026-05-22,1.2,-0.9,1.2,-1.6,50.3,49.4,2.653061,-0.198413,1.4685,1.324,1.405,8.6,5.0,-3.6
2026-05-25,1.2,-0.9,1.2,-1.6,50.3,49.4,2.653061,-0.198413,1.4675,1.327,1.4065,8.6,5.0,-3.6
2026-05-26,1.2,-0.9,1.2,-1.6,50.3,49.4,2.653061,-0.198413,1.4665,1.319,1.4065,8.6,5.0,-3.6
2026-05-27,1.2,-0.9,1.2,-1.6,50.3,49.4,2.653061,-0.198413,1.4655,1.317,1.4045,8.6,5.0,-3.6
2026-05-28,1.2,-0.9,1.2,-1.6,50.3,49.4,2.653061,-0.198413,1.4655,1.317,1.4055,8.6,5.0,-3.6
2026-05-29,1.2,-0.9,1.2,-1.6,50.3,49.4,2.653061,-0.198413,1.4655,1.324,1.4075,8.6,5.0,-3.6
2026-05-31,1.2,-0.9,1.2,-1.6,50.0,50.1,1.010101,-0.596421,1.4655,1.324,1.4075,8.6,5.0,-3.6
2026-06-01,1.2,-0.9,1.2,-1.6,50.0,50.1,1.010101,-0.596421,1.4645,1.317,1.4065,8.6,5.0,-3.6
2026-06-02,1.2,-0.9,1.2,-1.6,50.0,50.1,1.010101,-0.596421,1.4625,1.315,1.4035,8.6,5.0,-3.6
2026-06-03,1.2,-0.9,1.2,-1.6,50.0,50.1,1.010101,-0.596421,1.4605,1.316,1.4035,8.6,5.0,-3.6
2026-06-04,1.2,-0.9,1.2,-1.6,50.0,50.1,1.010101,-0.596421,1.459,1.316,1.4015,8.6,5.0,-3.6
2026-06-05,1.2,-0.9,1.2,-1.6,50.0,50.1,1.010101,-0.596421,1.459,1.324,1.402,8.6,5.0,-3.6
2026-06-08,1.2,-0.9,1.2,-1.6,50.0,50.1,1.010101,-0.596421,1.46,1.354,1.402,8.6,5.0,-3.6
2026-06-09,1.2,-0.9,1.2,-1.6,50.0,50.1,1.010101,-0.596421,1.46,1.384,1.402,8.6,5.0,-3.6
2026-06-10,1.2,-0.9,1.1,-2.7,50.0,50.1,1.010101,-0.596421,1.46,1.384,1.402,8.6,5.0,-3.6
2026-06-11,1.2,-0.9,1.1,-2.7,50.0,50.1,1.010101,-0.596421,1.463,1.397,1.408,8.6,5.0,-3.6
2026-06-12,1.2,-0.9,1.1,-2.7,50.0,50.1,1.010101,-0.596421,1.465,1.398,1.414,8.6,5.5,-3.1
2026-06-15,1.2,-0.9,1.1,-2.7,50.0,50.1,1.010101,-0.596421,1.472,1.419,1.4225,8.6,5.5,-3.1
2026-06-16,1.2,-0.9,1.1,-2.7,50.0,50.1,1.010101,-0.596421,1.478,1.423,1.428,8.6,5.5,-3.1
2026-06-17,1.2,-0.9,1.1,-2.7,50.0,50.1,1.010101,-0.596421,1.4785,1.415,1.429,8.6,5.5,-3.1
2026-06-18,1.2,-0.9,1.1,-2.7,50.0,50.1,1.010101,-0.596421,1.48,1.421,1.43,8.6,5.5,-3.1
2026-06-22,1.2,-0.9,1.1,-2.7,50.0,50.1,1.010101,-0.596421,1.48,1.423,1.43,8.6,5.5,-3.1
2026-06-23,1.2,-0.9,1.1,-2.7,50.0,50.1,1.010101,-0.596421,1.482,1.455,1.431,8.6,5.5,-3.1
2026-06-24,1.2,-0.9,1.1,-2.7,50.0,50.1,1.010101,-0.596421,1.484,1.408,1.436,8.6,5.5,-3.1
2026-06-25,1.2,-0.9,1.1,-2.7,50.0,50.1,1.010101,-0.596421,1.481,1.399,1.4395,8.6,5.5,-3.1
2026-06-26,1.2,-0.9,1.1,-2.7,50.0,50.1,1.010101,-0.596421,1.48,1.371,1.44,8.6,5.5,-3.1
2026-06-29,1.2,-0.9,1.1,-2.7,50.0,50.1,1.010101,-0.596421,1.48,1.356,1.437,8.6,5.5,-3.1
2026-06-30,1.2,-0.9,1.1,-2.7,50.3,50.2,1.207243,0.6,1.48,1.36,1.438,8.6,5.5,-3.1
2026-07-01,1.2,-0.9,1.1,-2.7,50.3,50.2,1.207243,0.6,1.48,1.403,1.438,8.6,5.5,-3.1
2026-07-02,1.2,-0.9,1.1,-2.7,50.3,50.2,1.207243,0.6,1.479,1.406,1.437,8.6,5.5,-3.1
2026-07-03,1.2,-0.9,1.1,-2.7,50.3,50.2,1.207243,0.6,1.478,1.369,1.435,8.6,5.5,-3.1
2026-07-06,1.2,-0.9,1.1,-2.7,50.3,50.2,1.207243,0.6,1.4775,1.369,1.4345,8.6,5.5,-3.1
2026-07-07,1.2,-0.9,1.1,-2.7,50.3,50.2,1.207243,0.6,1.4742,1.374,1.4319,8.6,5.5,-3.1
2026-07-08,1.2,-0.9,1.1,-2.7,50.3,50.2,1.207243,0.6,1.4739,1.3663,1.4312,8.6,5.5,-3.1
