date,open,close,high,low
2010-01-04,1.893,1.836,1.896,1.834
2010-01-05,1.849,1.868,1.886,1.813
2010-01-06,1.863,1.836,1.874,1.835
2010-01-07,1.837,1.786,1.85,1.773
2010-01-08,1.782,1.786,1.792,1.751
2010-01-11,1.924,1.797,1.924,1.786
2010-01-12,1.786,1.829,1.83,1.752
2010-01-13,1.776,1.718,1.781,1.714
2010-01-14,1.734,1.74,1.748,1.704
2010-01-15,1.74,1.746,1.764,1.723
2010-01-18,1.736,1.739,1.742,1.722
2010-01-19,1.745,1.755,1.772,1.742
2010-01-20,1.759,1.68,1.76,1.678
2010-01-21,1.685,1.7,1.713,1.671
2010-01-22,1.674,1.701,1.724,1.642
2010-01-25,1.676,1.679,1.716,1.674
2010-01-26,1.68,1.633,1.685,1.625
2010-01-27,1.637,1.586,1.643,1.585
2010-01-28,1.587,1.574,1.593,1.559
2010-01-29,1.562,1.568,1.603,1.555
2010-02-01,1.565,1.532,1.565,1.51
2010-02-02,1.549,1.54,1.589,1.534
2010-02-03,1.551,1.606,1.607,1.517
2010-02-04,1.585,1.589,1.603,1.571
2010-02-05,1.549,1.543,1.558,1.53
2010-02-08,1.544,1.536,1.558,1.526
2010-02-09,1.532,1.552,1.561,1.528
2010-02-10,1.57,1.587,1.588,1.566
2010-02-11,1.586,1.592,1.602,1.582
2010-02-12,1.599,1.611,1.615,1.595
2010-02-22,1.611,1.595,1.618,1.593
2010-02-23,1.585,1.554,1.592,1.531
2010-02-24,1.548,1.576,1.578,1.531
2010-02-25,1.579,1.611,1.614,1.575
2010-02-26,1.603,1.604,1.617,1.6
2010-03-01,1.603,1.642,1.647,1.603
2010-03-02,1.644,1.635,1.653,1.629
2010-03-03,1.635,1.645,1.646,1.617
2010-03-04,1.643,1.593,1.645,1.591
2010-03-05,1.596,1.597,1.612,1.594
2010-03-08,1.603,1.614,1.621,1.597
2010-03-09,1.614,1.63,1.646,1.598
2010-03-10,1.63,1.62,1.646,1.615
2010-03-11,1.624,1.628,1.642,1.606
2010-03-12,1.626,1.602,1.63,1.599
2010-03-15,1.598,1.563,1.603,1.556
2010-03-16,1.561,1.583,1.584,1.56
2010-03-17,1.589,1.63,1.632,1.584
2010-03-18,1.63,1.618,1.642,1.612
2010-03-19,1.617,1.638,1.64,1.606
2010-03-22,1.638,1.639,1.654,1.633
2010-03-23,1.641,1.613,1.643,1.612
2010-03-24,1.623,1.615,1.636,1.612
2010-03-25,1.608,1.581,1.608,1.579
2010-03-26,1.58,1.62,1.63,1.579
2010-03-29,1.634,1.69,1.694,1.63
2010-03-30,1.69,1.694,1.698,1.676
2010-03-31,1.692,1.674,1.696,1.667
2010-04-01,1.674,1.697,1.703,1.674
2010-04-02,1.702,1.699,1.709,1.691
2010-04-06,1.711,1.698,1.731,1.689
2010-04-07,1.696,1.683,1.699,1.672
2010-04-08,1.678,1.645,1.678,1.638
2010-04-09,1.649,1.666,1.669,1.647
2010-04-12,1.674,1.638,1.679,1.625
2010-04-13,1.638,1.686,1.69,1.637
2010-04-14,1.687,1.695,1.704,1.675
2010-04-15,1.697,1.689,1.697,1.668
2010-04-16,1.674,1.654,1.686,1.649
2010-04-19,1.629,1.534,1.629,1.528
2010-04-20,1.538,1.526,1.544,1.502
2010-04-21,1.525,1.557,1.561,1.51
2010-04-22,1.543,1.506,1.543,1.504
2010-04-23,1.51,1.492,1.521,1.481
2010-04-26,1.499,1.474,1.506,1.469
2010-04-27,1.467,1.435,1.468,1.404
2010-04-28,1.416,1.429,1.436,1.404
2010-04-29,1.44,1.422,1.458,1.42
2010-04-30,1.43,1.455,1.457,1.419
2010-05-04,1.428,1.426,1.445,1.42
2010-05-05,1.409,1.431,1.435,1.378
2010-05-06,1.415,1.333,1.418,1.33
2010-05-07,1.299,1.31,1.342,1.288
2010-05-10,1.321,1.337,1.349,1.301
2010-05-11,1.379,1.298,1.384,1.287
2010-05-12,1.294,1.333,1.334,1.277
2010-05-13,1.332,1.371,1.377,1.324
2010-05-14,1.352,1.35,1.367,1.342
2010-05-17,1.324,1.259,1.324,1.257
2010-05-18,1.265,1.301,1.313,1.252
2010-05-19,1.289,1.29,1.321,1.261
2010-05-20,1.276,1.256,1.306,1.255
2010-05-21,1.205,1.276,1.279,1.202
2010-05-24,1.29,1.34,1.351,1.289
2010-05-25,1.324,1.287,1.325,1.28
2010-05-26,1.293,1.288,1.31,1.279
2010-05-27,1.286,1.318,1.324,1.26
2010-05-28,1.339,1.307,1.341,1.3
2010-05-31,1.298,1.264,1.31,1.256
2010-06-01,1.253,1.245,1.272,1.226
2010-06-02,1.242,1.242,1.252,1.211
2010-06-03,1.25,1.231,1.265,1.23
2010-06-04,1.227,1.23,1.237,1.217
2010-06-07,1.197,1.191,1.212,1.185
2010-06-08,1.192,1.183,1.205,1.169
2010-06-09,1.194,1.245,1.252,1.167
2010-06-10,1.226,1.214,1.23,1.21
2010-06-11,1.223,1.221,1.242,1.218
2010-06-17,1.235,1.22,1.24,1.219
2010-06-18,1.217,1.204,1.239,1.2
2010-06-21,1.215,1.272,1.28,1.209
2010-06-22,1.264,1.269,1.277,1.261
2010-06-23,1.26,1.25,1.271,1.234
2010-06-24,1.25,1.261,1.278,1.243
2010-06-25,1.248,1.255,1.267,1.243
2010-06-28,1.252,1.256,1.277,1.249
2010-06-29,1.259,1.177,1.262,1.175
2010-06-30,1.168,1.159,1.173,1.154
2010-07-01,1.156,1.147,1.171,1.142
2010-07-02,1.148,1.161,1.166,1.119
2010-07-05,1.142,1.143,1.161,1.121
2010-07-06,1.139,1.173,1.174,1.137
2010-07-07,1.172,1.174,1.175,1.158
2010-07-08,1.184,1.179,1.196,1.171
2010-07-09,1.18,1.221,1.234,1.167
2010-07-12,1.218,1.232,1.244,1.208
2010-07-13,1.212,1.203,1.212,1.19
2010-07-14,1.209,1.215,1.238,1.206
2010-07-15,1.219,1.185,1.238,1.183
2010-07-16,1.178,1.182,1.188,1.162
2010-07-19,1.17,1.226,1.238,1.166
2010-07-20,1.229,1.26,1.264,1.227
2010-07-21,1.26,1.26,1.271,1.251
2010-07-22,1.254,1.283,1.285,1.251
2010-07-23,1.285,1.295,1.305,1.282
2010-07-26,1.296,1.298,1.304,1.28
2010-07-27,1.29,1.286,1.298,1.282
2010-07-28,1.285,1.342,1.344,1.282
2010-07-29,1.341,1.345,1.358,1.335
2010-07-30,1.34,1.34,1.345,1.329
2010-08-02,1.34,1.373,1.378,1.339
2010-08-03,1.373,1.329,1.377,1.328
2010-08-04,1.331,1.336,1.349,1.304
2010-08-05,1.332,1.307,1.335,1.295
2010-08-06,1.302,1.338,1.34,1.291
2010-08-09,1.329,1.34,1.349,1.323
2010-08-10,1.34,1.29,1.348,1.289
2010-08-11,1.291,1.292,1.308,1.281
2010-08-12,1.279,1.269,1.295,1.264
2010-08-13,1.268,1.285,1.289,1.257
2010-08-16,1.277,1.328,1.332,1.271
2010-08-17,1.33,1.338,1.343,1.321
2010-08-18,1.338,1.329,1.359,1.327
2010-08-19,1.33,1.35,1.367,1.327
2010-08-20,1.343,1.322,1.356,1.32
2010-08-23,1.317,1.317,1.34,1.308
2010-08-24,1.312,1.314,1.339,1.294
2010-08-25,1.3,1.273,1.313,1.268
2010-08-26,1.279,1.268,1.287,1.262
2010-08-27,1.266,1.272,1.275,1.26
2010-08-30,1.285,1.298,1.307,1.28
2010-08-31,1.288,1.279,1.291,1.273
2010-09-01,1.282,1.272,1.307,1.26
2010-09-02,1.295,1.291,1.299,1.284
2010-09-03,1.293,1.283,1.295,1.269
2010-09-06,1.295,1.334,1.335,1.293
2010-09-07,1.334,1.328,1.341,1.317
2010-09-08,1.317,1.312,1.322,1.3
2010-09-09,1.311,1.275,1.312,1.266
2010-09-10,1.274,1.271,1.282,1.254
2010-09-13,1.269,1.28,1.294,1.262
2010-09-14,1.288,1.28,1.295,1.275
2010-09-15,1.28,1.247,1.28,1.244
2010-09-16,1.246,1.217,1.251,1.201
2010-09-17,1.221,1.215,1.227,1.212
2010-09-20,1.216,1.221,1.231,1.204
2010-09-21,1.227,1.222,1.232,1.215
2010-09-27,1.229,1.238,1.244,1.224
2010-09-28,1.233,1.221,1.239,1.22
2010-09-29,1.218,1.227,1.249,1.216
2010-09-30,1.218,1.272,1.273,1.214
2010-10-08,1.293,1.35,1.361,1.288
2010-10-11,1.361,1.425,1.446,1.361
2010-10-12,1.422,1.45,1.452,1.408
2010-10-13,1.455,1.484,1.486,1.445
2010-10-14,1.509,1.513,1.557,1.506
2010-10-15,1.504,1.602,1.624,1.502
2010-10-18,1.623,1.588,1.674,1.586
2010-10-19,1.586,1.631,1.633,1.569
2010-10-20,1.611,1.63,1.668,1.586
2010-10-21,1.635,1.592,1.644,1.576
2010-10-22,1.586,1.58,1.606,1.56
2010-10-25,1.58,1.648,1.649,1.557
2010-10-26,1.654,1.618,1.66,1.604
2010-10-27,1.604,1.57,1.642,1.568
2010-10-28,1.567,1.571,1.589,1.554
2010-10-29,1.573,1.538,1.579,1.528
2010-11-01,1.545,1.592,1.594,1.545
2010-11-02,1.592,1.58,1.616,1.559
2010-11-03,1.58,1.575,1.609,1.555
2010-11-04,1.576,1.603,1.61,1.576
2010-11-05,1.65,1.627,1.674,1.609
2010-11-08,1.632,1.635,1.645,1.615
2010-11-09,1.633,1.602,1.634,1.591
2010-11-10,1.587,1.568,1.59,1.556
2010-11-11,1.574,1.597,1.626,1.566
2010-11-12,1.584,1.474,1.595,1.473
2010-11-15,1.484,1.465,1.492,1.431
2010-11-16,1.452,1.37,1.456,1.367
2010-11-17,1.352,1.351,1.384,1.336
2010-11-18,1.371,1.374,1.386,1.35
2010-11-19,1.384,1.377,1.386,1.315
2010-11-22,1.359,1.355,1.374,1.345
2010-11-23,1.342,1.314,1.345,1.288
2010-11-24,1.314,1.355,1.368,1.314
2010-11-25,1.365,1.385,1.387,1.344
2010-11-26,1.376,1.363,1.387,1.355
2010-11-29,1.36,1.357,1.368,1.341
2010-11-30,1.356,1.327,1.365,1.29
2010-12-01,1.319,1.328,1.338,1.313
2010-12-02,1.36,1.343,1.365,1.339
2010-12-03,1.348,1.351,1.359,1.339
2010-12-06,1.36,1.377,1.382,1.356
2010-12-07,1.371,1.388,1.403,1.344
2010-12-08,1.383,1.363,1.396,1.361
2010-12-09,1.354,1.342,1.369,1.338
2010-12-10,1.331,1.365,1.372,1.33
2010-12-13,1.372,1.42,1.422,1.369
2010-12-14,1.426,1.413,1.43,1.409
2010-12-15,1.414,1.4,1.42,1.398
2010-12-16,1.398,1.381,1.403,1.38
2010-12-17,1.381,1.377,1.385,1.37
2010-12-20,1.383,1.343,1.391,1.315
2010-12-21,1.347,1.394,1.404,1.342
2010-12-22,1.397,1.365,1.402,1.357
2010-12-23,1.368,1.362,1.393,1.356
2010-12-24,1.35,1.357,1.371,1.34
2010-12-27,1.372,1.322,1.391,1.318
2010-12-28,1.319,1.298,1.324,1.297
2010-12-29,1.3,1.298,1.303,1.283
2010-12-30,1.299,1.287,1.302,1.272
2010-12-31,1.291,1.318,1.319,1.29
2011-01-04,1.337,1.359,1.368,1.328
2011-01-05,1.347,1.343,1.356,1.339
2011-01-06,1.345,1.33,1.355,1.323
2011-01-07,1.33,1.35,1.381,1.316
2011-01-10,1.348,1.323,1.364,1.321
2011-01-11,1.319,1.344,1.348,1.315
2011-01-12,1.349,1.36,1.366,1.334
2011-01-13,1.367,1.358,1.37,1.353
2011-01-14,1.35,1.326,1.353,1.325
2011-01-17,1.316,1.262,1.325,1.257
2011-01-18,1.259,1.27,1.275,1.253
2011-01-19,1.271,1.298,1.299,1.26
2011-01-20,1.292,1.243,1.292,1.241
2011-01-21,1.24,1.268,1.304,1.24
2011-01-24,1.271,1.255,1.283,1.253
2011-01-25,1.255,1.257,1.268,1.247
2011-01-26,1.259,1.273,1.275,1.256
2011-01-27,1.258,1.293,1.3,1.247
2011-01-28,1.29,1.288,1.295,1.275
2011-01-31,1.287,1.306,1.309,1.286
2011-02-01,1.309,1.314,1.317,1.303
2011-02-09,1.3,1.286,1.32,1.285
2011-02-10,1.287,1.319,1.322,1.279
2011-02-11,1.314,1.318,1.326,1.31
2011-02-14,1.32,1.391,1.399,1.32
2011-02-15,1.395,1.388,1.415,1.384
2011-02-16,1.386,1.393,1.394,1.369
2011-02-17,1.397,1.39,1.409,1.376
2011-02-18,1.384,1.373,1.389,1.367
2011-02-21,1.362,1.391,1.392,1.362
2011-02-22,1.391,1.336,1.393,1.334
2011-02-23,1.33,1.336,1.34,1.326
2011-02-24,1.334,1.343,1.35,1.328
2011-02-25,1.344,1.347,1.359,1.328
2011-02-28,1.347,1.36,1.365,1.331
2011-03-01,1.36,1.374,1.389,1.358
2011-03-02,1.364,1.381,1.391,1.361
2011-03-03,1.384,1.392,1.425,1.382
2011-03-04,1.394,1.424,1.426,1.39
2011-03-07,1.428,1.464,1.472,1.428
2011-03-08,1.461,1.461,1.475,1.449
2011-03-09,1.467,1.459,1.479,1.454
2011-03-10,1.451,1.414,1.452,1.411
2011-03-11,1.408,1.388,1.417,1.382
2011-03-14,1.388,1.392,1.398,1.379
2011-03-15,1.381,1.358,1.391,1.33
2011-03-16,1.364,1.389,1.394,1.361
2011-03-17,1.37,1.363,1.387,1.353
2011-03-18,1.381,1.375,1.388,1.37
2011-03-21,1.384,1.376,1.391,1.368
2011-03-22,1.384,1.396,1.4,1.36
2011-03-23,1.392,1.422,1.423,1.387
2011-03-24,1.421,1.406,1.422,1.403
2011-03-25,1.413,1.439,1.449,1.408
2011-03-28,1.448,1.442,1.467,1.44
2011-03-29,1.441,1.436,1.468,1.434
2011-03-30,1.436,1.441,1.45,1.425
2011-03-31,1.442,1.424,1.447,1.417
2011-04-01,1.424,1.467,1.468,1.424
2011-04-06,1.466,1.513,1.519,1.465
2011-04-07,1.516,1.512,1.528,1.505
2011-04-08,1.513,1.525,1.527,1.506
2011-04-11,1.53,1.514,1.551,1.512
2011-04-12,1.507,1.501,1.518,1.492
2011-04-13,1.491,1.54,1.542,1.485
2011-04-14,1.541,1.526,1.547,1.523
2011-04-15,1.52,1.539,1.555,1.515
2011-04-18,1.525,1.538,1.551,1.523
2011-04-19,1.527,1.49,1.528,1.488
2011-04-20,1.493,1.483,1.502,1.475
2011-04-21,1.497,1.498,1.512,1.49
2011-04-22,1.498,1.492,1.509,1.484
2011-04-25,1.489,1.466,1.489,1.464
2011-04-26,1.462,1.459,1.475,1.453
2011-04-27,1.468,1.453,1.478,1.44
2011-04-28,1.465,1.458,1.49,1.451
2011-04-29,1.456,1.453,1.458,1.426
2011-05-03,1.45,1.452,1.455,1.431
2011-05-04,1.44,1.392,1.443,1.39
2011-05-05,1.389,1.387,1.394,1.374
2011-05-06,1.37,1.375,1.391,1.364
2011-05-09,1.38,1.373,1.389,1.366
2011-05-10,1.376,1.394,1.395,1.371
2011-05-11,1.393,1.387,1.4,1.38
2011-05-12,1.375,1.358,1.383,1.357
2011-05-13,1.365,1.381,1.382,1.35
2011-05-16,1.37,1.355,1.384,1.355
2011-05-17,1.356,1.372,1.385,1.349
2011-05-18,1.368,1.391,1.396,1.365
2011-05-19,1.394,1.383,1.402,1.382
2011-05-20,1.381,1.389,1.397,1.381
2011-05-23,1.385,1.331,1.386,1.328
2011-05-24,1.331,1.332,1.338,1.327
2011-05-25,1.33,1.311,1.335,1.309
2011-05-26,1.324,1.315,1.329,1.313
2011-05-27,1.318,1.318,1.334,1.314
2011-05-30,1.314,1.32,1.33,1.304
2011-05-31,1.32,1.348,1.35,1.317
2011-06-01,1.342,1.34,1.344,1.334
2011-06-02,1.329,1.301,1.33,1.285
2011-06-03,1.3,1.316,1.319,1.296
2011-06-07,1.31,1.323,1.325,1.307
2011-06-08,1.325,1.321,1.326,1.297
2011-06-09,1.316,1.292,1.319,1.29
2011-06-10,1.292,1.297,1.301,1.277
2011-06-13,1.285,1.291,1.298,1.274
2011-06-14,1.286,1.316,1.324,1.286
2011-06-15,1.315,1.303,1.32,1.302
2011-06-16,1.291,1.28,1.294,1.279
2011-06-17,1.279,1.267,1.288,1.266
2011-06-20,1.265,1.259,1.269,1.25
2011-06-21,1.264,1.275,1.276,1.261
2011-06-22,1.276,1.274,1.293,1.267
2011-06-23,1.27,1.306,1.315,1.268
2011-06-24,1.304,1.351,1.366,1.299
2011-06-27,1.347,1.347,1.362,1.34
2011-06-28,1.353,1.347,1.354,1.332
2011-06-29,1.347,1.314,1.348,1.313
2011-06-30,1.318,1.348,1.36,1.318
2011-07-01,1.351,1.345,1.361,1.338
2011-07-04,1.357,1.398,1.399,1.357
2011-07-05,1.396,1.389,1.4,1.381
2011-07-06,1.386,1.376,1.386,1.361
2011-07-07,1.39,1.368,1.4,1.366
2011-07-08,1.37,1.377,1.387,1.364
2011-07-11,1.369,1.371,1.377,1.36
2011-07-12,1.362,1.33,1.362,1.329
2011-07-13,1.334,1.359,1.365,1.334
2011-07-14,1.362,1.366,1.375,1.356
2011-07-15,1.364,1.371,1.376,1.351
2011-07-18,1.372,1.364,1.377,1.358
2011-07-19,1.356,1.35,1.358,1.346
2011-07-20,1.361,1.345,1.362,1.338
2011-07-21,1.347,1.323,1.354,1.322
2011-07-22,1.326,1.326,1.337,1.323
2011-07-25,1.316,1.273,1.318,1.268
2011-07-26,1.272,1.277,1.282,1.269
2011-07-27,1.269,1.281,1.283,1.263
2011-07-28,1.262,1.263,1.271,1.252
2011-07-29,1.267,1.275,1.292,1.25
2011-08-01,1.274,1.276,1.284,1.264
2011-08-02,1.261,1.259,1.263,1.241
2011-08-03,1.243,1.257,1.267,1.241
2011-08-04,1.262,1.258,1.277,1.257
2011-08-05,1.216,1.218,1.228,1.21
2011-08-08,1.206,1.159,1.215,1.136
2011-08-09,1.12,1.167,1.174,1.105
2011-08-10,1.192,1.179,1.2,1.172
2011-08-11,1.151,1.204,1.207,1.149
2011-08-12,1.208,1.198,1.213,1.196
2011-08-15,1.203,1.239,1.241,1.196
2011-08-16,1.23,1.225,1.25,1.221
2011-08-17,1.228,1.218,1.238,1.218
2011-08-18,1.222,1.185,1.223,1.182
2011-08-19,1.158,1.17,1.175,1.154
2011-08-22,1.171,1.153,1.183,1.148
2011-08-23,1.159,1.185,1.189,1.153
2011-08-24,1.187,1.171,1.196,1.168
2011-08-25,1.178,1.242,1.244,1.174
2011-08-26,1.236,1.238,1.243,1.22
2011-08-29,1.215,1.201,1.22,1.198
2011-08-30,1.211,1.196,1.238,1.194
2011-08-31,1.197,1.205,1.212,1.193
2011-09-01,1.21,1.203,1.225,1.2
2011-09-02,1.198,1.184,1.206,1.176
2011-09-05,1.173,1.154,1.173,1.152
2011-09-06,1.146,1.145,1.155,1.137
2011-09-07,1.151,1.177,1.181,1.149
2011-09-08,1.184,1.165,1.186,1.165
2011-09-09,1.168,1.164,1.194,1.158
2011-09-13,1.142,1.147,1.151,1.135
2011-09-14,1.153,1.15,1.158,1.12
2011-09-15,1.15,1.143,1.165,1.142
2011-09-16,1.155,1.147,1.162,1.145
2011-09-19,1.137,1.116,1.138,1.116
2011-09-20,1.116,1.123,1.131,1.108
2011-09-21,1.12,1.172,1.179,1.112
2011-09-22,1.156,1.119,1.161,1.115
2011-09-23,1.092,1.105,1.112,1.079
2011-09-26,1.089,1.054,1.108,1.052
2011-09-27,1.072,1.077,1.086,1.061
2011-09-28,1.085,1.06,1.089,1.055
2011-09-29,1.051,1.057,1.068,1.046
2011-09-30,1.059,1.053,1.069,1.044
2011-10-10,1.057,1.036,1.059,1.035
2011-10-11,1.085,1.039,1.087,1.028
2011-10-12,1.027,1.105,1.107,1.023
2011-10-13,1.095,1.11,1.117,1.09
2011-10-14,1.106,1.111,1.114,1.091
2011-10-17,1.113,1.125,1.136,1.11
2011-10-18,1.11,1.073,1.113,1.07
2011-10-19,1.08,1.074,1.094,1.072
2011-10-20,1.063,1.037,1.066,1.025
2011-10-21,1.041,1.042,1.056,1.034
2011-10-24,1.05,1.093,1.101,1.043
2011-10-25,1.092,1.118,1.125,1.08
2011-10-26,1.113,1.13,1.149,1.107
2011-10-27,1.132,1.137,1.144,1.128
2011-10-28,1.162,1.174,1.194,1.16
2011-10-31,1.17,1.155,1.17,1.148
2011-11-01,1.145,1.161,1.183,1.14
2011-11-02,1.139,1.193,1.196,1.132
2011-11-03,1.196,1.183,1.206,1.181
2011-11-04,1.2,1.198,1.209,1.186
2011-11-07,1.183,1.173,1.194,1.171
2011-11-08,1.175,1.176,1.189,1.172
2011-11-09,1.182,1.188,1.192,1.162
2011-11-10,1.174,1.148,1.174,1.146
2011-11-11,1.156,1.145,1.157,1.139
2011-11-14,1.159,1.179,1.185,1.155
2011-11-15,1.175,1.169,1.181,1.165
2011-11-16,1.17,1.119,1.171,1.112
2011-11-17,1.121,1.112,1.128,1.11
2011-11-18,1.103,1.085,1.108,1.081
2011-11-21,1.087,1.085,1.087,1.072
2011-11-22,1.075,1.085,1.088,1.07
2011-11-23,1.086,1.067,1.088,1.061
2011-11-24,1.057,1.068,1.08,1.05
2011-11-25,1.066,1.054,1.072,1.049
2011-11-28,1.059,1.06,1.07,1.051
2011-11-29,1.072,1.078,1.081,1.062
2011-11-30,1.074,1.026,1.075,1.022
2011-12-01,1.076,1.077,1.11,1.071
2011-12-02,1.079,1.067,1.079,1.058
2011-12-05,1.067,1.059,1.075,1.054
2011-12-06,1.055,1.054,1.062,1.046
2011-12-07,1.054,1.067,1.072,1.052
2011-12-08,1.065,1.066,1.083,1.051
2011-12-09,1.055,1.058,1.068,1.054
2011-12-12,1.053,1.046,1.058,1.044
2011-12-13,1.04,1.012,1.042,1.01
2011-12-14,1.009,1.003,1.017,1.0
2011-12-15,0.995,0.963,0.999,0.961
2011-12-16,0.964,0.991,0.993,0.959
2011-12-19,0.977,0.987,0.99,0.95
2011-12-20,0.98,0.988,1.011,0.979
2011-12-21,1.001,0.967,1.008,0.967
2011-12-22,0.96,0.97,0.98,0.949
2011-12-23,0.966,0.982,0.997,0.964
2011-12-26,0.971,0.966,0.988,0.963
2011-12-27,0.964,0.956,0.978,0.905
2011-12-28,0.95,0.957,0.959,0.936
2011-12-29,0.951,0.959,0.968,0.949
2011-12-30,0.965,0.979,0.984,0.964
2012-01-04,0.991,0.96,0.993,0.959
2012-01-05,0.955,0.961,0.985,0.953
2012-01-06,0.959,0.971,0.972,0.954
2012-01-09,0.975,1.027,1.028,0.961
2012-01-10,1.022,1.071,1.073,1.022
2012-01-11,1.068,1.061,1.076,1.051
2012-01-12,1.054,1.067,1.084,1.053
2012-01-13,1.066,1.05,1.074,1.034
2012-01-16,1.042,1.027,1.055,1.025
2012-01-17,1.03,1.107,1.108,1.014
2012-01-18,1.103,1.079,1.116,1.075
2012-01-19,1.082,1.118,1.123,1.08
2012-01-20,1.124,1.144,1.147,1.114
2012-01-30,1.145,1.112,1.147,1.11
2012-01-31,1.112,1.108,1.122,1.099
2012-02-01,1.105,1.078,1.117,1.073
2012-02-02,1.083,1.127,1.127,1.081
2012-02-03,1.12,1.135,1.146,1.114
2012-02-06,1.138,1.132,1.149,1.117
2012-02-07,1.122,1.096,1.122,1.09
2012-02-08,1.096,1.149,1.16,1.095
2012-02-09,1.146,1.142,1.153,1.135
2012-02-10,1.137,1.143,1.167,1.136
2012-02-13,1.125,1.132,1.152,1.116
2012-02-14,1.132,1.122,1.133,1.112
2012-02-15,1.119,1.137,1.15,1.116
2012-02-16,1.138,1.125,1.142,1.116
2012-02-17,1.134,1.13,1.145,1.12
2012-02-20,1.156,1.134,1.157,1.133
2012-02-21,1.135,1.143,1.144,1.121
2012-02-22,1.143,1.158,1.16,1.137
2012-02-23,1.158,1.162,1.169,1.153
2012-02-24,1.162,1.191,1.193,1.16
2012-02-27,1.197,1.194,1.214,1.192
2012-02-28,1.192,1.205,1.208,1.192
2012-02-29,1.201,1.186,1.207,1.185
2012-03-01,1.181,1.184,1.201,1.179
2012-03-02,1.186,1.206,1.207,1.182
2012-03-05,1.21,1.194,1.213,1.188
2012-03-06,1.191,1.159,1.191,1.158
2012-03-07,1.147,1.14,1.157,1.138
2012-03-08,1.145,1.16,1.168,1.145
2012-03-09,1.167,1.173,1.174,1.158
2012-03-12,1.173,1.158,1.174,1.151
2012-03-13,1.161,1.175,1.176,1.156
2012-03-14,1.185,1.142,1.195,1.135
2012-03-15,1.143,1.127,1.146,1.124
2012-03-16,1.13,1.14,1.141,1.116
2012-03-19,1.132,1.141,1.142,1.121
2012-03-20,1.138,1.116,1.138,1.115
2012-03-21,1.129,1.121,1.136,1.115
2012-03-22,1.121,1.124,1.135,1.112
2012-03-23,1.117,1.109,1.123,1.105
2012-03-26,1.109,1.113,1.116,1.106
2012-03-27,1.118,1.113,1.122,1.111
2012-03-28,1.109,1.075,1.11,1.07
2012-03-29,1.069,1.054,1.07,1.047
2012-03-30,1.056,1.069,1.07,1.055
2012-04-05,1.066,1.095,1.1,1.053
2012-04-06,1.092,1.099,1.101,1.087
2012-04-09,1.09,1.085,1.096,1.081
2012-04-10,1.082,1.097,1.098,1.066
2012-04-11,1.081,1.095,1.109,1.081
2012-04-12,1.097,1.133,1.134,1.093
2012-04-13,1.134,1.139,1.147,1.129
2012-04-16,1.13,1.13,1.139,1.124
2012-04-17,1.129,1.11,1.134,1.108
2012-04-18,1.113,1.15,1.151,1.113
2012-04-19,1.147,1.149,1.157,1.145
2012-04-20,1.147,1.176,1.177,1.145
2012-04-23,1.175,1.162,1.179,1.158
2012-04-24,1.158,1.169,1.194,1.141
2012-04-25,1.168,1.178,1.182,1.161
2012-04-26,1.184,1.183,1.191,1.173
2012-04-27,1.184,1.185,1.191,1.181
2012-05-02,1.207,1.227,1.235,1.197
2012-05-03,1.223,1.227,1.229,1.217
2012-05-04,1.227,1.236,1.236,1.213
2012-05-07,1.23,1.227,1.232,1.218
2012-05-08,1.226,1.222,1.229,1.207
2012-05-09,1.209,1.192,1.209,1.191
2012-05-10,1.191,1.191,1.197,1.187
2012-05-11,1.19,1.179,1.198,1.179
2012-05-14,1.188,1.164,1.192,1.16
2012-05-15,1.153,1.161,1.164,1.15
2012-05-16,1.163,1.136,1.163,1.135
2012-05-17,1.139,1.164,1.168,1.137
2012-05-18,1.152,1.139,1.155,1.136
2012-05-21,1.142,1.147,1.159,1.135
2012-05-22,1.154,1.174,1.175,1.153
2012-05-23,1.17,1.164,1.179,1.155
2012-05-24,1.163,1.154,1.175,1.146
2012-05-25,1.154,1.138,1.158,1.134
2012-05-28,1.131,1.164,1.165,1.128
2012-05-29,1.163,1.19,1.192,1.16
2012-05-30,1.187,1.178,1.188,1.175
2012-05-31,1.174,1.169,1.179,1.165
2012-06-01,1.17,1.173,1.186,1.168
2012-06-04,1.159,1.128,1.16,1.126
2012-06-05,1.131,1.128,1.137,1.123
2012-06-06,1.131,1.133,1.143,1.13
2012-06-07,1.152,1.127,1.153,1.123
2012-06-08,1.136,1.11,1.137,1.109
2012-06-11,1.115,1.129,1.137,1.114
2012-06-12,1.125,1.118,1.129,1.111
2012-06-13,1.123,1.144,1.148,1.121
2012-06-14,1.14,1.134,1.148,1.132
2012-06-15,1.139,1.151,1.154,1.132
2012-06-18,1.163,1.152,1.165,1.151
2012-06-19,1.15,1.144,1.154,1.141
2012-06-20,1.146,1.147,1.157,1.144
2012-06-21,1.144,1.118,1.144,1.112
2012-06-25,1.113,1.084,1.115,1.081
2012-06-26,1.077,1.09,1.097,1.077
2012-06-27,1.09,1.084,1.101,1.082
2012-06-28,1.089,1.074,1.091,1.073
2012-06-29,1.069,1.096,1.099,1.067
2012-07-02,1.104,1.093,1.106,1.086
2012-07-03,1.094,1.098,1.112,1.091
2012-07-04,1.102,1.099,1.11,1.095
2012-07-05,1.096,1.085,1.096,1.08
2012-07-06,1.086,1.102,1.108,1.074
2012-07-09,1.093,1.06,1.098,1.059
2012-07-10,1.061,1.058,1.07,1.054
2012-07-11,1.058,1.064,1.067,1.053
2012-07-12,1.061,1.073,1.083,1.046
2012-07-13,1.07,1.077,1.091,1.068
2012-07-16,1.079,1.054,1.081,1.053
2012-07-17,1.051,1.062,1.068,1.05
2012-07-18,1.058,1.057,1.065,1.036
2012-07-19,1.054,1.067,1.082,1.053
2012-07-20,1.067,1.054,1.067,1.051
2012-07-23,1.044,1.025,1.044,1.021
2012-07-24,1.021,1.027,1.038,1.019
2012-07-25,1.022,1.023,1.035,1.021
2012-07-26,1.025,1.021,1.036,1.019
2012-07-27,1.025,1.028,1.036,1.021
2012-07-30,1.029,1.025,1.04,1.023
2012-07-31,1.026,1.031,1.039,1.024
2012-08-01,1.032,1.04,1.045,1.031
2012-08-02,1.037,1.034,1.043,1.026
2012-08-03,1.034,1.039,1.04,1.027
2012-08-06,1.036,1.053,1.057,1.033
2012-08-07,1.054,1.053,1.059,1.05
2012-08-08,1.056,1.059,1.068,1.055
2012-08-09,1.06,1.069,1.069,1.051
2012-08-10,1.068,1.063,1.074,1.062
2012-08-13,1.061,1.032,1.061,1.03
2012-08-14,1.03,1.028,1.035,1.015
2012-08-15,1.027,1.007,1.027,1.004
2012-08-16,1.005,1.004,1.011,1.001
2012-08-17,1.002,1.004,1.007,0.993
2012-08-20,0.993,0.991,0.996,0.981
2012-08-21,0.993,0.995,1.008,0.99
2012-08-22,0.998,0.986,0.998,0.982
2012-08-23,0.988,0.993,0.999,0.985
2012-08-24,0.99,0.986,0.994,0.985
2012-08-27,0.983,0.954,0.983,0.951
2012-08-28,0.956,0.966,0.977,0.95
2012-08-29,0.96,0.951,0.966,0.95
2012-08-30,0.945,0.953,0.96,0.941
2012-08-31,0.949,0.953,0.961,0.948
2012-09-03,0.95,0.958,0.965,0.945
2012-09-04,0.962,0.945,0.964,0.942
2012-09-05,0.943,0.934,0.945,0.928
2012-09-06,0.935,0.948,0.95,0.935
2012-09-07,0.959,1.022,1.034,0.957
2012-09-10,1.023,1.021,1.028,1.015
2012-09-11,1.012,1.008,1.012,0.994
2012-09-12,1.016,1.009,1.023,0.997
2012-09-13,1.006,0.998,1.011,0.998
2012-09-14,1.015,1.013,1.025,1.003
2012-09-17,1.009,0.984,1.015,0.983
2012-09-18,0.976,0.966,0.977,0.96
2012-09-19,0.965,0.967,0.97,0.959
2012-09-20,0.964,0.941,0.964,0.937
2012-09-21,0.937,0.945,0.955,0.934
2012-09-24,0.934,0.951,0.96,0.928
2012-09-25,0.947,0.952,0.96,0.945
2012-09-26,0.951,0.94,0.96,0.936
2012-09-27,0.941,0.982,1.061,0.941
2012-09-28,0.976,1.013,1.016,0.973
2012-10-08,1.011,0.996,1.021,0.987
2012-10-09,1.004,1.027,1.035,1.004
2012-10-10,1.025,1.024,1.026,1.014
2012-10-11,1.021,1.016,1.024,1.01
2012-10-12,1.021,1.016,1.035,1.006
2012-10-15,1.021,1.011,1.021,1.005
2012-10-16,1.011,1.012,1.024,1.007
2012-10-17,1.02,1.017,1.024,1.004
2012-10-18,1.021,1.039,1.043,1.018
2012-10-19,1.037,1.038,1.043,1.035
2012-10-22,1.034,1.044,1.05,1.026
2012-10-23,1.043,1.027,1.045,1.025
2012-10-24,1.021,1.024,1.032,1.02
2012-10-25,1.025,1.012,1.031,1.01
2012-10-26,1.014,0.98,1.015,0.974
2012-10-29,0.978,0.968,0.981,0.963
2012-10-30,0.97,0.972,0.985,0.965
2012-10-31,0.975,0.986,0.987,0.97
2012-11-01,0.987,1.016,1.025,0.987
2012-11-02,1.016,1.025,1.027,1.007
2012-11-05,1.021,1.021,1.034,1.014
2012-11-06,1.022,1.016,1.025,0.994
2012-11-07,1.012,1.016,1.025,1.006
2012-11-08,1.004,0.99,1.007,0.989
2012-11-09,0.985,0.988,0.996,0.985
2012-11-12,0.992,0.997,0.998,0.985
2012-11-13,1.0,0.975,1.0,0.971
2012-11-14,0.974,0.981,0.986,0.968
2012-11-15,0.974,0.962,0.977,0.961
2012-11-16,0.96,0.948,0.96,0.942
2012-11-19,0.948,0.946,0.948,0.931
2012-11-20,0.951,0.938,0.953,0.937
2012-11-21,0.939,0.959,0.96,0.933
2012-11-22,0.95,0.954,0.955,0.943
2012-11-23,0.958,0.964,0.972,0.952
2012-11-26,0.963,0.96,0.966,0.954
2012-11-27,0.955,0.951,0.96,0.949
2012-11-28,0.946,0.94,0.947,0.937
2012-11-29,0.941,0.934,0.946,0.933
2012-11-30,0.933,0.942,0.944,0.928
2012-12-03,0.941,0.931,0.953,0.929
2012-12-04,0.928,0.945,0.946,0.926
2012-12-05,0.943,0.997,1.004,0.941
2012-12-06,0.998,0.997,1.004,0.989
2012-12-07,0.998,1.031,1.035,0.996
2012-12-10,1.035,1.048,1.055,1.035
2012-12-11,1.042,1.042,1.054,1.039
2012-12-12,1.044,1.055,1.055,1.039
2012-12-13,1.048,1.036,1.05,1.035
2012-12-14,1.036,1.123,1.126,1.036
2012-12-17,1.127,1.134,1.145,1.127
2012-12-18,1.13,1.139,1.163,1.124
2012-12-19,1.136,1.138,1.153,1.133
2012-12-20,1.133,1.146,1.153,1.123
2012-12-21,1.149,1.133,1.166,1.132
2012-12-24,1.131,1.145,1.156,1.13
2012-12-25,1.136,1.191,1.205,1.132
2012-12-26,1.191,1.197,1.202,1.189
2012-12-27,1.207,1.184,1.212,1.183
2012-12-28,1.183,1.212,1.215,1.182
2012-12-31,1.217,1.252,1.253,1.217
2013-01-04,1.278,1.265,1.294,1.245
2013-01-07,1.256,1.274,1.284,1.251
2013-01-08,1.273,1.251,1.276,1.241
2013-01-09,1.246,1.246,1.256,1.233
2013-01-10,1.246,1.247,1.269,1.237
2013-01-11,1.249,1.215,1.257,1.207
2013-01-14,1.208,1.284,1.292,1.205
2013-01-15,1.284,1.291,1.3,1.28
2013-01-16,1.291,1.269,1.291,1.243
2013-01-17,1.268,1.25,1.269,1.238
2013-01-18,1.259,1.28,1.291,1.248
2013-01-21,1.283,1.29,1.291,1.259
2013-01-22,1.288,1.291,1.309,1.272
2013-01-23,1.287,1.299,1.303,1.28
2013-01-24,1.301,1.293,1.354,1.28
2013-01-25,1.293,1.283,1.298,1.274
2013-01-28,1.284,1.347,1.347,1.284
2013-01-29,1.348,1.373,1.384,1.343
2013-01-30,1.378,1.379,1.383,1.361
2013-01-31,1.381,1.385,1.389,1.37
2013-02-01,1.376,1.446,1.449,1.373
2013-02-04,1.455,1.453,1.477,1.443
2013-02-05,1.443,1.457,1.468,1.428
2013-02-06,1.456,1.47,1.488,1.456
2013-02-07,1.468,1.444,1.47,1.406
2013-02-08,1.448,1.433,1.451,1.416
2013-02-18,1.443,1.409,1.446,1.408
2013-02-19,1.404,1.376,1.412,1.367
2013-02-20,1.374,1.371,1.378,1.341
2013-02-21,1.351,1.291,1.351,1.271
2013-02-22,1.29,1.278,1.297,1.273
2013-02-25,1.285,1.286,1.31,1.275
2013-02-26,1.278,1.26,1.314,1.259
2013-02-27,1.268,1.283,1.303,1.267
2013-02-28,1.303,1.35,1.353,1.282
2013-03-01,1.351,1.342,1.358,1.31
2013-03-04,1.308,1.239,1.318,1.228
2013-03-05,1.243,1.311,1.313,1.24
2013-03-06,1.323,1.33,1.34,1.302
2013-03-07,1.321,1.297,1.333,1.278
2013-03-08,1.305,1.298,1.314,1.288
2013-03-11,1.289,1.277,1.296,1.265
2013-03-12,1.274,1.251,1.294,1.234
2013-03-13,1.244,1.232,1.257,1.226
2013-03-14,1.229,1.237,1.248,1.219
2013-03-15,1.237,1.243,1.291,1.215
2013-03-18,1.233,1.21,1.24,1.21
2013-03-19,1.212,1.228,1.236,1.205
2013-03-20,1.229,1.301,1.302,1.229
2013-03-21,1.304,1.299,1.309,1.289
2013-03-22,1.301,1.301,1.31,1.291
2013-03-25,1.308,1.299,1.325,1.294
2013-03-26,1.292,1.258,1.292,1.251
2013-03-27,1.261,1.263,1.289,1.251
2013-03-28,1.232,1.186,1.232,1.168
2013-03-29,1.19,1.186,1.196,1.173
2013-04-01,1.182,1.181,1.195,1.175
2013-04-02,1.182,1.184,1.203,1.171
2013-04-03,1.188,1.186,1.205,1.178
2013-04-08,1.161,1.168,1.176,1.148
2013-04-09,1.173,1.185,1.199,1.173
2013-04-10,1.185,1.186,1.191,1.174
2013-04-11,1.202,1.185,1.207,1.183
2013-04-12,1.184,1.174,1.192,1.172
2013-04-15,1.171,1.16,1.176,1.154
2013-04-16,1.15,1.168,1.17,1.14
2013-04-17,1.166,1.159,1.171,1.146
2013-04-18,1.148,1.164,1.172,1.14
2013-04-19,1.171,1.224,1.233,1.17
2013-04-22,1.223,1.221,1.227,1.214
2013-04-23,1.224,1.161,1.224,1.159
2013-04-24,1.163,1.188,1.206,1.155
2013-04-25,1.183,1.175,1.198,1.16
2013-04-26,1.181,1.163,1.193,1.155
2013-05-02,1.158,1.163,1.164,1.144
2013-05-03,1.169,1.194,1.218,1.167
2013-05-06,1.199,1.211,1.224,1.199
2013-05-07,1.209,1.215,1.221,1.198
2013-05-08,1.224,1.22,1.243,1.214
2013-05-09,1.219,1.206,1.224,1.19
2013-05-10,1.198,1.217,1.221,1.197
2013-05-13,1.219,1.207,1.221,1.198
2013-05-14,1.203,1.183,1.206,1.169
2013-05-15,1.184,1.184,1.191,1.177
2013-05-16,1.178,1.217,1.218,1.169
2013-05-17,1.217,1.241,1.247,1.208
2013-05-20,1.242,1.259,1.275,1.241
2013-05-21,1.256,1.25,1.261,1.24
2013-05-22,1.249,1.254,1.259,1.244
2013-05-23,1.244,1.221,1.253,1.22
2013-05-24,1.229,1.227,1.244,1.211
2013-05-27,1.225,1.223,1.236,1.218
2013-05-28,1.225,1.269,1.27,1.216
2013-05-29,1.27,1.259,1.28,1.257
2013-05-30,1.254,1.253,1.264,1.248
2013-05-31,1.256,1.238,1.264,1.234
2013-06-03,1.241,1.242,1.26,1.239
2013-06-04,1.24,1.224,1.243,1.219
2013-06-05,1.225,1.211,1.226,1.207
2013-06-06,1.209,1.192,1.212,1.189
2013-06-07,1.194,1.168,1.201,1.161
2013-06-13,1.147,1.123,1.147,1.099
2013-06-14,1.123,1.124,1.127,1.11
2013-06-17,1.127,1.109,1.13,1.107
2013-06-18,1.118,1.12,1.128,1.103
2013-06-19,1.113,1.105,1.114,1.086
2013-06-20,1.098,1.051,1.098,1.048
2013-06-21,1.028,1.048,1.063,1.02
2013-06-24,1.043,0.943,1.043,0.939
2013-06-25,0.93,0.948,0.951,0.838
2013-06-26,0.949,0.927,0.95,0.908
2013-06-27,0.934,0.933,0.954,0.924
2013-06-28,0.933,0.978,0.99,0.916
2013-07-01,0.964,0.973,0.976,0.951
2013-07-02,0.981,0.966,0.982,0.948
2013-07-03,0.958,0.952,0.959,0.931
2013-07-04,0.943,0.964,0.981,0.935
2013-07-05,0.971,0.972,0.989,0.968
2013-07-08,0.957,0.943,0.964,0.933
2013-07-09,0.943,0.939,0.948,0.932
2013-07-10,0.939,0.982,0.983,0.936
2013-07-11,0.993,1.082,1.104,0.993
2013-07-12,1.076,1.03,1.078,1.023
2013-07-15,1.039,1.046,1.076,1.024
2013-07-16,1.04,1.046,1.047,1.019
2013-07-17,1.043,1.025,1.056,1.024
2013-07-18,1.018,0.991,1.025,0.989
2013-07-19,0.995,0.953,1.0,0.948
2013-07-22,0.933,0.955,0.958,0.931
2013-07-23,0.963,0.998,1.016,0.957
2013-07-24,0.988,0.978,0.995,0.955
2013-07-25,0.981,0.977,0.996,0.967
2013-07-26,0.963,0.968,0.976,0.958
2013-07-29,0.954,0.93,0.954,0.925
2013-07-30,0.934,0.947,0.973,0.931
2013-07-31,0.963,0.949,0.984,0.946
2013-08-01,0.959,0.986,0.993,0.956
2013-08-02,0.998,0.984,1.008,0.98
2013-08-05,0.987,1.001,1.002,0.979
2013-08-06,0.994,1.003,1.014,0.979
2013-08-07,1.001,0.996,1.023,0.994
2013-08-08,0.994,0.993,1.011,0.985
2013-08-09,1.004,1.002,1.011,0.979
2013-08-12,1.013,1.061,1.063,1.007
2013-08-13,1.061,1.068,1.072,1.053
2013-08-14,1.071,1.061,1.095,1.056
2013-08-15,1.071,1.044,1.074,1.041
2013-08-16,1.039,1.044,1.151,1.02
2013-08-19,1.027,1.055,1.067,1.02
2013-08-20,1.054,1.044,1.078,1.037
2013-08-21,1.046,1.037,1.055,1.023
2013-08-22,1.033,1.032,1.057,1.029
2013-08-23,1.041,1.016,1.048,0.99
2013-08-26,1.022,1.053,1.055,1.013
2013-08-27,1.05,1.051,1.059,1.038
2013-08-28,1.04,1.045,1.057,1.023
2013-08-29,1.056,1.039,1.059,1.031
2013-08-30,1.036,1.043,1.053,1.025
2013-09-02,1.048,1.046,1.053,1.032
2013-09-03,1.049,1.066,1.069,1.046
2013-09-04,1.063,1.068,1.072,1.061
2013-09-05,1.066,1.063,1.068,1.058
2013-09-06,1.059,1.081,1.082,1.059
2013-09-09,1.096,1.17,1.178,1.096
2013-09-10,1.176,1.197,1.198,1.166
2013-09-11,1.209,1.201,1.224,1.195
2013-09-12,1.201,1.231,1.261,1.187
2013-09-13,1.229,1.209,1.236,1.205
2013-09-16,1.217,1.195,1.225,1.179
2013-09-17,1.199,1.155,1.204,1.153
2013-09-18,1.154,1.157,1.163,1.134
2013-09-23,1.163,1.167,1.173,1.151
2013-09-24,1.167,1.129,1.167,1.116
2013-09-25,1.124,1.115,1.142,1.113
2013-09-26,1.113,1.087,1.113,1.081
2013-09-27,1.083,1.093,1.094,1.078
2013-09-30,1.1,1.095,1.111,1.088
2013-10-08,1.088,1.115,1.12,1.077
2013-10-09,1.107,1.121,1.127,1.102
2013-10-10,1.123,1.092,1.128,1.089
2013-10-11,1.103,1.123,1.126,1.097
2013-10-14,1.124,1.116,1.127,1.111
2013-10-15,1.117,1.108,1.121,1.098
2013-10-16,1.103,1.087,1.105,1.08
2013-10-17,1.095,1.079,1.098,1.077
2013-10-18,1.081,1.091,1.101,1.08
2013-10-21,1.093,1.112,1.114,1.08
2013-10-22,1.109,1.092,1.109,1.086
2013-10-23,1.102,1.091,1.121,1.086
2013-10-24,1.088,1.072,1.093,1.07
2013-10-25,1.073,1.061,1.087,1.052
2013-10-28,1.064,1.063,1.069,1.053
2013-10-29,1.066,1.084,1.108,1.061
2013-10-30,1.086,1.106,1.106,1.076
2013-10-31,1.098,1.083,1.1,1.081
2013-11-01,1.085,1.098,1.103,1.079
2013-11-04,1.105,1.091,1.114,1.086
2013-11-05,1.081,1.085,1.097,1.065
2013-11-06,1.077,1.067,1.082,1.064
2013-11-07,1.067,1.062,1.07,1.055
2013-11-08,1.057,1.037,1.066,1.035
2013-11-11,1.036,1.039,1.045,1.029
2013-11-12,1.044,1.061,1.061,1.044
2013-11-13,1.049,1.019,1.049,1.019
2013-11-14,1.019,1.02,1.026,1.009
2013-11-15,1.022,1.051,1.071,1.022
2013-11-18,1.066,1.126,1.127,1.059
2013-11-19,1.126,1.107,1.126,1.104
2013-11-20,1.119,1.111,1.126,1.1
2013-11-21,1.101,1.095,1.101,1.076
2013-11-22,1.098,1.09,1.102,1.087
2013-11-25,1.08,1.081,1.106,1.077
2013-11-26,1.08,1.078,1.089,1.074
2013-11-27,1.078,1.094,1.106,1.075
2013-11-28,1.099,1.11,1.127,1.096
2013-11-29,1.116,1.107,1.117,1.103
2013-12-02,1.111,1.126,1.141,1.102
2013-12-03,1.118,1.127,1.133,1.11
2013-12-04,1.127,1.147,1.159,1.123
2013-12-05,1.144,1.141,1.149,1.138
2013-12-06,1.135,1.123,1.137,1.118
2013-12-09,1.128,1.117,1.136,1.114
2013-12-10,1.121,1.119,1.127,1.113
2013-12-11,1.112,1.09,1.112,1.081
2013-12-12,1.085,1.08,1.09,1.079
2013-12-13,1.069,1.078,1.082,1.063
2013-12-16,1.085,1.054,1.087,1.052
2013-12-17,1.056,1.046,1.058,1.044
2013-12-18,1.048,1.05,1.058,1.045
2013-12-19,1.056,1.032,1.059,1.031
2013-12-20,1.033,0.994,1.035,0.99
2013-12-23,0.996,0.993,1.005,0.981
2013-12-24,0.999,0.991,1.009,0.981
2013-12-25,0.993,0.997,0.999,0.985
2013-12-26,0.995,0.978,0.996,0.972
2013-12-27,0.98,1.0,1.011,0.976
2013-12-30,1.008,0.999,1.009,0.994
2013-12-31,0.996,1.022,1.027,0.989
2014-01-02,1.017,1.009,1.018,1.003
2014-01-03,1.003,0.986,1.004,0.982
2014-01-06,0.984,0.964,0.984,0.951
2014-01-07,0.954,0.963,0.966,0.95
2014-01-08,0.963,0.964,0.977,0.954
2014-01-09,0.959,0.954,0.975,0.952
2014-01-10,0.953,0.948,0.958,0.944
2014-01-13,0.949,0.942,0.958,0.94
2014-01-14,0.943,0.946,0.953,0.932
2014-01-15,0.946,0.938,0.946,0.929
2014-01-16,0.938,0.941,0.952,0.932
2014-01-17,0.936,0.924,0.939,0.921
2014-01-20,0.924,0.916,0.925,0.909
2014-01-21,0.918,0.925,0.937,0.917
2014-01-22,0.93,0.964,0.966,0.927
2014-01-23,0.961,0.95,0.963,0.946
2014-01-24,0.942,0.95,0.965,0.941
2014-01-27,0.941,0.929,0.943,0.926
2014-01-28,0.931,0.937,0.942,0.928
2014-01-29,0.941,0.943,0.946,0.938
2014-01-30,0.941,0.926,0.941,0.926
2014-02-07,0.916,0.923,0.924,0.91
2014-02-10,0.928,0.952,0.954,0.928
2014-02-11,0.951,0.977,0.984,0.947
2014-02-12,0.979,0.973,0.986,0.97
2014-02-13,0.971,0.978,0.996,0.967
2014-02-14,0.975,0.981,0.983,0.974
2014-02-17,0.996,0.985,0.997,0.977
2014-02-18,0.983,0.957,0.983,0.952
2014-02-19,0.956,0.98,0.991,0.952
2014-02-20,0.985,0.969,1.005,0.967
2014-02-21,0.966,0.953,0.972,0.947
2014-02-24,0.939,0.918,0.939,0.909
2014-02-25,0.918,0.891,0.925,0.887
2014-02-26,0.883,0.891,0.897,0.88
2014-02-27,0.895,0.902,0.911,0.884
2014-02-28,0.9,0.912,0.916,0.883
2014-03-03,0.909,0.909,0.916,0.901
2014-03-04,0.904,0.91,0.916,0.898
2014-03-05,0.913,0.895,0.915,0.895
2014-03-06,0.894,0.907,0.914,0.885
2014-03-07,0.906,0.903,0.921,0.9
2014-03-10,0.894,0.859,0.895,0.857
2014-03-11,0.859,0.861,0.872,0.853
2014-03-12,0.858,0.865,0.879,0.853
2014-03-13,0.876,0.885,0.9,0.869
2014-03-14,0.88,0.873,0.887,0.867
2014-03-17,0.884,0.885,0.888,0.873
2014-03-18,0.885,0.876,0.888,0.875
2014-03-19,0.874,0.87,0.874,0.857
2014-03-20,0.863,0.859,0.885,0.858
2014-03-21,0.857,0.914,0.919,0.854
2014-03-24,0.917,0.927,0.936,0.911
2014-03-25,0.921,0.916,0.933,0.914
2014-03-26,0.923,0.914,0.928,0.911
2014-03-27,0.911,0.915,0.936,0.901
2014-03-28,0.915,0.922,0.932,0.913
2014-03-31,0.926,0.915,0.927,0.905
2014-04-01,0.915,0.92,0.93,0.91
2014-04-02,0.922,0.939,0.942,0.921
2014-04-03,0.946,0.926,0.953,0.926
2014-04-04,0.924,0.939,0.94,0.917
2014-04-08,0.936,0.983,0.991,0.936
2014-04-09,0.985,0.979,0.987,0.975
2014-04-10,0.98,1.018,1.036,0.97
2014-04-11,1.018,1.012,1.023,1.002
2014-04-14,1.011,1.003,1.016,0.996
2014-04-15,0.999,0.973,0.999,0.968
2014-04-16,0.967,0.973,0.985,0.963
2014-04-17,0.98,0.967,0.981,0.964
2014-04-18,0.961,0.966,0.972,0.95
2014-04-21,0.955,0.94,0.974,0.939
2014-04-22,0.939,0.956,0.959,0.936
2014-04-23,0.951,0.956,0.964,0.949
2014-04-24,0.955,0.96,0.972,0.951
2014-04-25,0.964,0.951,0.97,0.95
2014-04-28,0.949,0.934,0.952,0.931
2014-04-29,0.934,0.944,0.946,0.928
2014-04-30,0.943,0.943,0.946,0.938
2014-05-05,0.94,0.934,0.941,0.922
2014-05-06,0.93,0.932,0.946,0.929
2014-05-07,0.929,0.924,0.932,0.922
2014-05-08,0.922,0.927,0.947,0.92
2014-05-09,0.93,0.927,0.932,0.922
2014-05-12,0.938,0.954,0.958,0.929
2014-05-13,0.953,0.947,0.956,0.946
2014-05-14,0.948,0.949,0.957,0.946
2014-05-15,0.948,0.935,0.949,0.935
2014-05-16,0.935,0.932,0.94,0.929
2014-05-19,0.928,0.908,0.928,0.902
2014-05-20,0.913,0.906,0.916,0.904
2014-05-21,0.904,0.92,0.922,0.894
2014-05-22,0.919,0.917,0.941,0.916
2014-05-23,0.918,0.931,0.933,0.918
2014-05-26,0.937,0.933,0.946,0.928
2014-05-27,0.934,0.929,0.937,0.927
2014-05-28,0.929,0.939,0.941,0.921
2014-05-29,0.94,0.933,0.944,0.932
2014-05-30,0.932,0.928,0.936,0.925
2014-06-03,0.929,0.924,0.939,0.924
2014-06-04,0.924,0.915,0.925,0.909
2014-06-05,0.914,0.932,0.933,0.911
2014-06-06,0.932,0.92,0.932,0.912
2014-06-09,0.914,0.923,0.939,0.912
2014-06-10,0.928,0.941,0.941,0.922
2014-06-11,0.935,0.935,0.939,0.931
2014-06-12,0.934,0.932,0.938,0.931
2014-06-13,0.931,0.951,0.957,0.93
2014-06-16,0.951,0.967,0.971,0.949
2014-06-17,0.963,0.953,0.963,0.952
2014-06-18,0.953,0.947,0.956,0.946
2014-06-19,0.947,0.929,0.952,0.925
2014-06-20,0.93,0.936,0.938,0.929
2014-06-23,0.937,0.931,0.944,0.93
2014-06-24,0.931,0.94,0.941,0.93
2014-06-25,0.941,0.933,0.941,0.931
2014-06-26,0.935,0.941,0.943,0.934
2014-06-27,0.94,0.937,0.946,0.934
2014-06-30,0.938,0.948,0.951,0.938
2014-07-01,0.955,0.944,0.956,0.94
2014-07-02,0.946,0.952,0.953,0.942
2014-07-03,0.951,0.956,0.96,0.948
2014-07-04,0.955,0.961,0.963,0.955
2014-07-07,0.961,0.962,0.965,0.957
2014-07-08,0.961,0.959,0.962,0.952
2014-07-09,0.959,0.943,0.96,0.943
2014-07-10,0.943,0.942,0.947,0.938
2014-07-11,0.941,0.949,0.954,0.941
2014-07-14,0.95,0.962,0.963,0.947
2014-07-15,0.962,0.964,0.967,0.959
2014-07-16,0.964,0.963,0.971,0.962
2014-07-17,0.961,0.958,0.964,0.955
2014-07-18,0.957,0.967,0.973,0.955
2014-07-21,0.967,0.966,0.972,0.963
2014-07-22,0.963,0.984,0.988,0.962
2014-07-23,0.984,0.996,1.001,0.983
2014-07-24,0.996,1.031,1.035,0.996
2014-07-25,1.034,1.047,1.047,1.028
2014-07-28,1.053,1.098,1.107,1.053
2014-07-29,1.099,1.101,1.109,1.092
2014-07-30,1.098,1.093,1.112,1.092
2014-07-31,1.093,1.117,1.118,1.09
2014-08-01,1.111,1.1,1.133,1.099
2014-08-04,1.107,1.136,1.138,1.102
2014-08-05,1.137,1.123,1.138,1.114
2014-08-06,1.112,1.109,1.12,1.094
2014-08-07,1.11,1.084,1.114,1.082
2014-08-08,1.087,1.088,1.094,1.079
2014-08-11,1.095,1.11,1.115,1.091
2014-08-12,1.107,1.098,1.107,1.093
2014-08-13,1.1,1.102,1.112,1.088
2014-08-14,1.103,1.088,1.106,1.088
2014-08-15,1.089,1.104,1.109,1.086
2014-08-18,1.106,1.105,1.115,1.099
2014-08-19,1.107,1.1,1.11,1.092
2014-08-20,1.097,1.096,1.099,1.091
2014-08-21,1.091,1.08,1.095,1.071
2014-08-22,1.078,1.086,1.092,1.075
2014-08-25,1.088,1.071,1.09,1.069
2014-08-26,1.069,1.068,1.077,1.063
2014-08-27,1.068,1.066,1.072,1.064
2014-08-28,1.067,1.063,1.073,1.06
2014-08-29,1.063,1.074,1.075,1.061
2014-09-01,1.073,1.077,1.079,1.067
2014-09-02,1.08,1.1,1.103,1.072
2014-09-03,1.106,1.118,1.122,1.103
2014-09-04,1.12,1.13,1.132,1.114
2014-09-05,1.136,1.15,1.153,1.133
2014-09-09,1.15,1.136,1.153,1.135
2014-09-10,1.13,1.122,1.13,1.118
2014-09-11,1.122,1.117,1.143,1.111
2014-09-12,1.112,1.126,1.127,1.108
2014-09-15,1.114,1.12,1.123,1.107
2014-09-16,1.121,1.095,1.123,1.093
2014-09-17,1.102,1.099,1.105,1.091
2014-09-18,1.097,1.103,1.111,1.091
2014-09-19,1.103,1.116,1.118,1.099
2014-09-22,1.108,1.079,1.108,1.074
2014-09-23,1.079,1.091,1.092,1.078
2014-09-24,1.084,1.123,1.124,1.079
2014-09-25,1.131,1.112,1.133,1.111
2014-09-26,1.11,1.113,1.115,1.1
2014-09-29,1.116,1.118,1.121,1.107
2014-09-30,1.118,1.117,1.119,1.111
2014-10-08,1.119,1.127,1.127,1.111
2014-10-09,1.128,1.128,1.133,1.12
2014-10-10,1.118,1.115,1.125,1.112
2014-10-13,1.111,1.104,1.111,1.092
2014-10-14,1.099,1.094,1.111,1.09
2014-10-15,1.095,1.111,1.112,1.088
2014-10-16,1.102,1.106,1.124,1.097
2014-10-17,1.107,1.101,1.112,1.09
2014-10-20,1.107,1.106,1.11,1.1
2014-10-21,1.106,1.097,1.11,1.096
2014-10-22,1.097,1.095,1.109,1.093
2014-10-23,1.094,1.083,1.1,1.082
2014-10-24,1.084,1.08,1.088,1.078
2014-10-27,1.07,1.055,1.07,1.053
2014-10-28,1.058,1.08,1.082,1.057
2014-10-29,1.087,1.102,1.112,1.082
2014-10-30,1.102,1.114,1.121,1.097
2014-10-31,1.12,1.156,1.166,1.12
2014-11-03,1.157,1.146,1.161,1.144
2014-11-04,1.142,1.141,1.147,1.137
2014-11-05,1.142,1.136,1.144,1.13
2014-11-06,1.138,1.133,1.144,1.125
2014-11-07,1.133,1.138,1.167,1.13
2014-11-10,1.166,1.186,1.188,1.155
2014-11-11,1.198,1.208,1.239,1.192
2014-11-12,1.2,1.227,1.229,1.194
2014-11-13,1.231,1.226,1.249,1.219
2014-11-14,1.221,1.225,1.226,1.207
2014-11-17,1.257,1.203,1.262,1.202
2014-11-18,1.205,1.178,1.209,1.175
2014-11-19,1.177,1.169,1.18,1.164
2014-11-20,1.164,1.172,1.18,1.159
2014-11-21,1.174,1.214,1.217,1.167
2014-11-24,1.222,1.253,1.274,1.221
2014-11-25,1.251,1.268,1.274,1.248
2014-11-26,1.276,1.31,1.31,1.276
2014-11-27,1.322,1.345,1.346,1.319
2014-11-28,1.345,1.406,1.412,1.337
2014-12-01,1.427,1.412,1.457,1.409
2014-12-02,1.401,1.517,1.537,1.4
2014-12-03,1.53,1.527,1.602,1.494
2014-12-04,1.539,1.673,1.674,1.524
2014-12-05,1.7,1.69,1.751,1.61
2014-12-08,1.669,1.806,1.823,1.637
2014-12-09,1.774,1.663,1.894,1.629
2014-12-10,1.68,1.733,1.741,1.595
2014-12-11,1.711,1.676,1.744,1.669
2014-12-12,1.676,1.676,1.728,1.655
2014-12-15,1.671,1.678,1.689,1.618
2014-12-16,1.682,1.775,1.777,1.672
2014-12-17,1.794,1.85,1.863,1.774
2014-12-18,1.852,1.832,1.882,1.815
2014-12-19,1.835,1.862,1.875,1.777
2014-12-22,1.864,1.899,1.951,1.849
2014-12-23,1.872,1.847,1.934,1.824
2014-12-24,1.85,1.75,1.857,1.722
2014-12-25,1.774,1.838,1.839,1.746
2014-12-26,1.839,1.946,1.949,1.835
2014-12-29,2.004,1.953,2.028,1.914
2014-12-30,1.953,1.986,2.014,1.934
2014-12-31,1.993,2.046,2.056,1.975
2015-01-05,2.074,2.116,2.149,2.049
2015-01-06,2.094,2.086,2.145,2.055
2015-01-07,2.069,2.082,2.116,2.052
2015-01-08,2.093,2.012,2.104,2.004
2015-01-09,2.004,2.018,2.138,1.99
2015-01-12,2.047,1.994,2.049,1.952
2015-01-13,1.994,1.979,2.018,1.965
2015-01-14,1.989,1.988,2.024,1.96
2015-01-15,1.988,2.08,2.084,1.969
2015-01-16,2.092,2.098,2.128,2.075
2015-01-19,1.924,1.838,1.959,1.838
2015-01-20,1.835,1.855,1.894,1.81
2015-01-21,1.88,1.997,2.011,1.866
2015-01-22,2.004,1.993,2.009,1.956
2015-01-23,2.008,2.018,2.063,1.993
2015-01-26,2.025,2.013,2.025,1.979
2015-01-27,2.023,1.972,2.026,1.93
2015-01-28,1.946,1.936,1.987,1.929
2015-01-29,1.897,1.894,1.916,1.873
2015-01-30,1.909,1.861,1.927,1.852
2015-02-02,1.795,1.793,1.836,1.787
2015-02-03,1.823,1.861,1.872,1.794
2015-02-04,1.869,1.828,1.898,1.825
2015-02-05,1.914,1.81,1.92,1.807
2015-02-06,1.805,1.785,1.827,1.764
2015-02-09,1.785,1.825,1.853,1.774
2015-02-10,1.825,1.863,1.868,1.815
2015-02-11,1.865,1.874,1.882,1.853
2015-02-12,1.873,1.878,1.885,1.845
2015-02-13,1.884,1.884,1.923,1.876
2015-02-16,1.884,1.888,1.897,1.873
2015-02-17,1.895,1.905,1.923,1.895
2015-02-25,1.905,1.864,1.905,1.853
2015-02-26,1.862,1.944,1.946,1.842
2015-02-27,1.941,1.932,1.959,1.922
2015-03-02,1.95,1.935,1.954,1.918
2015-03-03,1.921,1.858,1.921,1.854
2015-03-04,1.862,1.856,1.875,1.836
2015-03-05,1.839,1.828,1.845,1.806
2015-03-06,1.829,1.833,1.855,1.827
2015-03-09,1.794,1.891,1.904,1.783
2015-03-10,1.875,1.853,1.883,1.849
2015-03-11,1.857,1.868,1.904,1.856
2015-03-12,1.898,1.942,1.966,1.882
2015-03-13,1.952,1.949,1.989,1.934
2015-03-16,1.966,2.004,2.007,1.945
2015-03-17,2.031,2.037,2.043,2.013
2015-03-18,2.044,2.105,2.108,2.044
2015-03-19,2.098,2.081,2.104,2.069
2015-03-20,2.093,2.129,2.162,2.07
2015-03-23,2.15,2.17,2.177,2.141
2015-03-24,2.17,2.132,2.172,2.102
2015-03-25,2.124,2.098,2.143,2.076
2015-03-26,2.084,2.137,2.167,2.071
2015-03-27,2.144,2.143,2.167,2.115
2015-03-30,2.168,2.234,2.246,2.155
2015-03-31,2.277,2.201,2.309,2.194
2015-04-01,2.207,2.247,2.261,2.204
2015-04-02,2.274,2.233,2.278,2.198
2015-04-03,2.22,2.267,2.27,2.218
2015-04-07,2.293,2.336,2.341,2.282
2015-04-08,2.349,2.392,2.405,2.324
2015-04-09,2.405,2.371,2.472,2.361
2015-04-10,2.372,2.43,2.442,2.361
2015-04-13,2.484,2.485,2.503,2.459
2015-04-14,2.485,2.493,2.518,2.46
2015-04-15,2.493,2.505,2.572,2.481
2015-04-16,2.517,2.639,2.641,2.476
2015-04-17,2.734,2.679,2.74,2.651
2015-04-20,2.697,2.597,2.726,2.584
2015-04-21,2.604,2.635,2.644,2.573
2015-04-22,2.665,2.735,2.742,2.641
2015-04-23,2.744,2.706,2.75,2.679
2015-04-24,2.666,2.665,2.686,2.597
2015-04-27,2.697,2.749,2.754,2.689
2015-04-28,2.744,2.722,2.801,2.693
2015-04-29,2.714,2.714,2.74,2.681
2015-04-30,2.729,2.692,2.743,2.69
2015-05-04,2.694,2.705,2.711,2.644
2015-05-05,2.703,2.59,2.705,2.577
2015-05-06,2.604,2.577,2.682,2.547
2015-05-07,2.574,2.539,2.584,2.534
2015-05-08,2.565,2.549,2.572,2.485
2015-05-11,2.549,2.604,2.61,2.514
2015-05-12,2.597,2.623,2.637,2.573
2015-05-13,2.623,2.578,2.629,2.561
2015-05-14,2.571,2.567,2.593,2.549
2015-05-15,2.567,2.5,2.567,2.489
2015-05-18,2.474,2.44,2.493,2.439
2015-05-19,2.44,2.56,2.567,2.434
2015-05-20,2.578,2.56,2.621,2.545
2015-05-21,2.583,2.598,2.608,2.559
2015-05-22,2.633,2.693,2.695,2.612
2015-05-25,2.731,2.797,2.8,2.71
2015-05-26,2.822,2.814,2.841,2.755
2015-05-27,2.828,2.779,2.845,2.76
2015-05-28,2.779,2.573,2.794,2.544
2015-05-29,2.575,2.56,2.608,2.49
2015-06-01,2.56,2.692,2.704,2.525
2015-06-02,2.688,2.703,2.713,2.643
2015-06-03,2.699,2.685,2.707,2.641
2015-06-04,2.685,2.753,2.771,2.544
2015-06-05,2.834,2.748,2.844,2.682
2015-06-08,2.774,2.921,2.942,2.75
2015-06-09,2.953,2.855,2.959,2.82
2015-06-10,2.81,2.814,2.869,2.785
2015-06-11,2.828,2.794,2.839,2.764
2015-06-12,2.817,2.807,2.832,2.764
2015-06-15,2.828,2.71,2.843,2.704
2015-06-16,2.693,2.642,2.733,2.605
2015-06-17,2.654,2.669,2.684,2.608
2015-06-18,2.651,2.536,2.651,2.524
2015-06-19,2.519,2.368,2.534,2.359
2015-06-23,2.387,2.47,2.483,2.294
2015-06-24,2.484,2.512,2.524,2.414
2015-06-25,2.542,2.413,2.554,2.4
2015-06-26,2.354,2.18,2.425,2.129
2015-06-29,2.266,2.154,2.293,1.975
2015-06-30,2.154,2.345,2.349,2.095
2015-07-01,2.304,2.222,2.344,2.183
2015-07-02,2.284,2.178,2.287,2.074
2015-07-03,2.151,2.073,2.222,1.994
2015-07-06,2.331,2.236,2.331,2.129
2015-07-07,2.176,2.284,2.314,2.101
2015-07-08,2.094,2.098,2.251,2.005
2015-07-09,2.023,2.286,2.35,1.971
2015-07-10,2.23,2.399,2.504,2.204
2015-07-13,2.334,2.356,2.443,2.289
2015-07-14,2.299,2.256,2.333,2.21
2015-07-15,2.225,2.243,2.271,2.159
2015-07-16,2.244,2.234,2.272,2.194
2015-07-17,2.25,2.297,2.329,2.216
2015-07-20,2.288,2.271,2.306,2.252
2015-07-21,2.225,2.262,2.294,2.225
2015-07-22,2.249,2.231,2.264,2.214
2015-07-23,2.231,2.288,2.29,2.231
2015-07-24,2.285,2.239,2.299,2.228
2015-07-27,2.215,1.988,2.216,1.984
2015-07-28,1.938,1.978,2.025,1.9
2015-07-29,1.994,2.028,2.034,1.956
2015-07-30,2.018,1.963,2.042,1.954
2015-07-31,1.954,1.956,1.99,1.93
2015-08-03,1.934,1.972,1.973,1.914
2015-08-04,1.982,2.034,2.036,1.961
2015-08-05,2.023,1.985,2.029,1.983
2015-08-06,1.96,1.965,2.002,1.945
2015-08-07,1.986,1.998,2.016,1.974
2015-08-10,2.016,2.11,2.124,2.009
2015-08-11,2.112,2.084,2.113,2.071
2015-08-12,2.062,2.058,2.094,2.05
2015-08-13,2.055,2.07,2.079,2.017
2015-08-14,2.079,2.069,2.085,2.058
2015-08-17,2.054,2.042,2.055,2.018
2015-08-18,2.044,1.904,2.065,1.884
2015-08-19,1.891,1.921,1.934,1.822
2015-08-20,1.895,1.855,1.914,1.854
2015-08-21,1.827,1.768,1.856,1.761
2015-08-24,1.71,1.541,1.71,1.541
2015-08-25,1.436,1.38,1.544,1.363
2015-08-26,1.433,1.44,1.528,1.373
2015-08-27,1.492,1.604,1.614,1.456
2015-08-28,1.634,1.662,1.668,1.591
2015-08-31,1.631,1.703,1.707,1.57
2015-09-01,1.646,1.722,1.738,1.597
2015-09-02,1.639,1.73,1.741,1.636
2015-09-07,1.71,1.634,1.749,1.627
2015-09-08,1.614,1.671,1.682,1.579
2015-09-09,1.691,1.703,1.722,1.672
2015-09-10,1.676,1.7,1.713,1.672
2015-09-11,1.699,1.687,1.714,1.678
2015-09-14,1.704,1.717,1.719,1.616
2015-09-15,1.674,1.661,1.683,1.64
2015-09-16,1.663,1.736,1.779,1.637
2015-09-17,1.716,1.692,1.753,1.69
2015-09-18,1.704,1.692,1.719,1.685
2015-09-21,1.684,1.706,1.715,1.672
2015-09-22,1.704,1.731,1.753,1.704
2015-09-23,1.688,1.674,1.714,1.671
2015-09-24,1.686,1.681,1.693,1.666
2015-09-25,1.678,1.665,1.681,1.639
2015-09-28,1.662,1.668,1.674,1.641
2015-09-29,1.646,1.621,1.648,1.613
2015-09-30,1.633,1.641,1.663,1.632
2015-10-08,1.735,1.69,1.737,1.687
2015-10-09,1.699,1.715,1.722,1.692
2015-10-12,1.729,1.782,1.811,1.72
2015-10-13,1.761,1.773,1.779,1.76
2015-10-14,1.757,1.752,1.782,1.75
2015-10-15,1.755,1.798,1.801,1.748
2015-10-16,1.804,1.816,1.827,1.8
2015-10-19,1.817,1.814,1.839,1.792
2015-10-20,1.807,1.835,1.837,1.794
2015-10-21,1.831,1.814,1.862,1.765
2015-10-22,1.819,1.827,1.832,1.794
2015-10-23,1.831,1.844,1.849,1.814
2015-10-26,1.874,1.844,1.879,1.825
2015-10-27,1.832,1.842,1.854,1.797
2015-10-28,1.832,1.802,1.835,1.799
2015-10-29,1.806,1.805,1.818,1.789
2015-10-30,1.799,1.804,1.83,1.792
2015-11-02,1.785,1.777,1.808,1.775
2015-11-03,1.782,1.766,1.791,1.758
2015-11-04,1.771,1.88,1.883,1.771
2015-11-05,1.869,1.939,2.009,1.863
2015-11-06,1.935,1.993,2.0,1.916
2015-11-09,1.994,2.026,2.083,1.991
2015-11-10,2.005,2.015,2.048,1.994
2015-11-11,2.011,1.998,2.015,1.962
2015-11-12,2.004,1.964,2.01,1.955
2015-11-13,1.944,1.938,1.971,1.932
2015-11-16,1.898,1.943,1.948,1.897
2015-11-17,1.954,1.944,2.006,1.939
2015-11-18,1.945,1.932,1.964,1.925
2015-11-19,1.935,1.965,1.969,1.928
2015-11-20,1.963,1.953,1.974,1.947
2015-11-23,1.952,1.944,1.975,1.914
2015-11-24,1.939,1.938,1.939,1.911
2015-11-25,1.929,1.948,1.953,1.917
2015-11-26,1.964,1.941,1.972,1.937
2015-11-27,1.929,1.812,1.933,1.79
2015-11-30,1.82,1.823,1.839,1.779
2015-12-01,1.824,1.833,1.861,1.803
2015-12-02,1.829,1.956,1.962,1.826
2015-12-03,1.946,1.954,1.97,1.915
2015-12-04,1.928,1.892,1.937,1.881
2015-12-07,1.891,1.884,1.905,1.87
2015-12-08,1.869,1.86,1.884,1.845
2015-12-09,1.855,1.863,1.88,1.847
2015-12-10,1.866,1.849,1.899,1.841
2015-12-11,1.836,1.838,1.852,1.815
2015-12-14,1.817,1.909,1.914,1.813
2015-12-15,1.897,1.876,1.903,1.863
2015-12-16,1.88,1.866,1.888,1.86
2015-12-17,1.878,1.895,1.919,1.877
2015-12-18,1.89,1.916,1.952,1.887
2015-12-21,1.901,1.993,2.005,1.899
2015-12-22,1.99,1.984,1.997,1.966
2015-12-23,1.984,1.993,2.039,1.979
2015-12-24,1.99,1.972,1.993,1.944
2015-12-25,1.974,1.98,1.987,1.964
2015-12-28,1.981,1.906,1.989,1.902
2015-12-29,1.905,1.926,1.928,1.9
2015-12-30,1.927,1.918,1.928,1.889
2015-12-31,1.912,1.91,1.928,1.899
2016-01-04,1.905,1.772,1.907,1.765
2016-01-05,1.754,1.78,1.805,1.724
2016-01-06,1.784,1.811,1.814,1.769
2016-01-07,1.78,1.671,1.78,1.659
2016-01-08,1.73,1.713,1.753,1.65
2016-01-11,1.674,1.619,1.698,1.617
2016-01-12,1.634,1.625,1.649,1.611
2016-01-13,1.647,1.606,1.659,1.604
2016-01-14,1.569,1.625,1.633,1.554
2016-01-15,1.614,1.564,1.625,1.554
2016-01-18,1.534,1.564,1.59,1.531
2016-01-19,1.564,1.624,1.636,1.555
2016-01-20,1.611,1.585,1.619,1.566
2016-01-21,1.569,1.537,1.611,1.534
2016-01-22,1.559,1.561,1.573,1.525
2016-01-25,1.564,1.559,1.572,1.548
2016-01-26,1.546,1.452,1.55,1.444
2016-01-27,1.459,1.451,1.469,1.412
2016-01-28,1.437,1.409,1.462,1.4
2016-01-29,1.412,1.469,1.489,1.412
2016-02-01,1.468,1.436,1.471,1.419
2016-02-02,1.436,1.469,1.477,1.433
2016-02-03,1.449,1.447,1.456,1.426
2016-02-04,1.458,1.472,1.479,1.454
2016-02-05,1.471,1.462,1.476,1.459
2016-02-15,1.419,1.443,1.453,1.413
2016-02-16,1.45,1.495,1.5,1.449
2016-02-17,1.493,1.507,1.515,1.489
2016-02-18,1.517,1.505,1.529,1.502
2016-02-19,1.502,1.5,1.51,1.488
2016-02-22,1.518,1.548,1.559,1.509
2016-02-23,1.546,1.524,1.547,1.51
2016-02-24,1.518,1.533,1.537,1.503
2016-02-25,1.527,1.43,1.53,1.408
2016-02-26,1.44,1.45,1.46,1.424
2016-02-29,1.441,1.431,1.449,1.384
2016-03-01,1.434,1.465,1.485,1.423
2016-03-02,1.468,1.543,1.55,1.468
2016-03-03,1.538,1.547,1.555,1.529
2016-03-04,1.54,1.616,1.624,1.534
2016-03-07,1.614,1.605,1.634,1.59
2016-03-08,1.598,1.609,1.611,1.529
2016-03-09,1.566,1.601,1.604,1.546
2016-03-10,1.578,1.553,1.6,1.549
2016-03-11,1.536,1.56,1.565,1.533
2016-03-14,1.575,1.57,1.614,1.566
2016-03-15,1.569,1.592,1.598,1.549
2016-03-16,1.579,1.629,1.635,1.576
2016-03-17,1.625,1.626,1.653,1.605
2016-03-18,1.629,1.634,1.661,1.625
2016-03-21,1.654,1.686,1.709,1.648
2016-03-22,1.679,1.663,1.687,1.659
2016-03-23,1.658,1.665,1.68,1.648
2016-03-24,1.655,1.634,1.655,1.63
2016-03-25,1.632,1.639,1.651,1.629
2016-03-28,1.646,1.615,1.662,1.611
2016-03-29,1.619,1.598,1.63,1.592
2016-03-30,1.615,1.652,1.656,1.615
2016-03-31,1.658,1.65,1.665,1.64
2016-04-01,1.646,1.659,1.66,1.61
2016-04-05,1.646,1.669,1.683,1.64
2016-04-06,1.662,1.659,1.669,1.651
2016-04-07,1.664,1.633,1.671,1.63
2016-04-08,1.622,1.618,1.628,1.606
2016-04-11,1.633,1.638,1.66,1.633
2016-04-12,1.638,1.636,1.643,1.627
2016-04-13,1.648,1.662,1.691,1.648
2016-04-14,1.673,1.668,1.684,1.658
2016-04-15,1.672,1.672,1.68,1.664
2016-04-18,1.657,1.648,1.665,1.644
2016-04-19,1.661,1.655,1.664,1.647
2016-04-20,1.658,1.642,1.663,1.587
2016-04-21,1.628,1.64,1.663,1.623
2016-04-22,1.627,1.65,1.653,1.615
2016-04-25,1.643,1.639,1.648,1.614
2016-04-26,1.637,1.646,1.657,1.631
2016-04-27,1.647,1.638,1.65,1.634
2016-04-28,1.639,1.636,1.648,1.625
2016-04-29,1.627,1.629,1.638,1.626
2016-05-03,1.631,1.653,1.662,1.621
2016-05-04,1.646,1.647,1.652,1.639
2016-05-05,1.639,1.645,1.646,1.637
2016-05-06,1.645,1.597,1.647,1.594
2016-05-09,1.591,1.565,1.595,1.558
2016-05-10,1.561,1.564,1.577,1.558
2016-05-11,1.57,1.571,1.584,1.561
2016-05-12,1.563,1.577,1.583,1.55
2016-05-13,1.564,1.573,1.583,1.564
2016-05-16,1.562,1.575,1.579,1.556
2016-05-17,1.576,1.571,1.581,1.563
2016-05-18,1.564,1.572,1.577,1.546
2016-05-19,1.565,1.566,1.579,1.563
2016-05-20,1.559,1.577,1.578,1.559
2016-05-23,1.578,1.578,1.593,1.573
2016-05-24,1.575,1.563,1.575,1.56
2016-05-25,1.57,1.568,1.579,1.565
2016-05-26,1.57,1.568,1.58,1.556
2016-05-27,1.569,1.572,1.578,1.564
2016-05-30,1.57,1.583,1.588,1.559
2016-05-31,1.585,1.654,1.655,1.585
2016-06-01,1.654,1.636,1.656,1.636
2016-06-02,1.634,1.634,1.643,1.625
2016-06-03,1.636,1.648,1.652,1.631
2016-06-06,1.648,1.635,1.652,1.631
2016-06-07,1.639,1.637,1.644,1.634
2016-06-08,1.637,1.633,1.64,1.624
2016-06-13,1.617,1.582,1.62,1.581
2016-06-14,1.581,1.595,1.598,1.58
2016-06-15,1.574,1.603,1.616,1.571
2016-06-16,1.594,1.596,1.604,1.591
2016-06-17,1.601,1.603,1.619,1.6
2016-06-20,1.609,1.608,1.612,1.596
2016-06-21,1.613,1.606,1.635,1.604
2016-06-22,1.604,1.618,1.62,1.6
2016-06-23,1.62,1.61,1.621,1.601
2016-06-24,1.607,1.584,1.621,1.562
2016-06-27,1.584,1.605,1.606,1.581
2016-06-28,1.6,1.611,1.613,1.592
2016-06-29,1.613,1.629,1.632,1.613
2016-06-30,1.634,1.63,1.64,1.63
2016-07-01,1.636,1.636,1.643,1.635
2016-07-04,1.635,1.671,1.68,1.631
2016-07-05,1.669,1.679,1.687,1.669
2016-07-06,1.671,1.678,1.68,1.661
2016-07-07,1.676,1.683,1.69,1.668
2016-07-08,1.678,1.671,1.681,1.67
2016-07-11,1.675,1.682,1.702,1.675
2016-07-12,1.682,1.727,1.729,1.682
2016-07-13,1.731,1.73,1.76,1.727
2016-07-14,1.731,1.727,1.733,1.714
2016-07-15,1.729,1.73,1.736,1.721
2016-07-18,1.729,1.722,1.741,1.721
2016-07-19,1.72,1.71,1.729,1.699
2016-07-20,1.71,1.703,1.716,1.701
2016-07-21,1.705,1.714,1.722,1.705
2016-07-22,1.712,1.694,1.716,1.693
2016-07-25,1.693,1.695,1.704,1.691
2016-07-26,1.695,1.721,1.723,1.691
2016-07-27,1.722,1.709,1.726,1.666
2016-07-28,1.697,1.705,1.712,1.687
2016-07-29,1.703,1.695,1.706,1.689
2016-08-01,1.693,1.684,1.694,1.676
2016-08-02,1.685,1.684,1.692,1.676
2016-08-03,1.682,1.682,1.687,1.675
2016-08-04,1.681,1.68,1.683,1.666
2016-08-05,1.68,1.689,1.699,1.675
2016-08-08,1.69,1.698,1.7,1.679
2016-08-09,1.695,1.715,1.717,1.695
2016-08-10,1.716,1.71,1.717,1.707
2016-08-11,1.71,1.717,1.75,1.706
2016-08-12,1.717,1.766,1.767,1.716
2016-08-15,1.77,1.83,1.862,1.767
2016-08-16,1.834,1.8,1.846,1.798
2016-08-17,1.802,1.794,1.815,1.785
2016-08-18,1.795,1.784,1.816,1.777
2016-08-19,1.783,1.795,1.799,1.775
2016-08-22,1.794,1.781,1.798,1.777
2016-08-23,1.782,1.784,1.801,1.776
2016-08-24,1.786,1.774,1.795,1.768
2016-08-25,1.769,1.763,1.769,1.748
2016-08-26,1.766,1.761,1.776,1.759
2016-08-29,1.761,1.759,1.763,1.748
2016-08-30,1.76,1.77,1.776,1.76
2016-08-31,1.769,1.778,1.783,1.764
2016-09-01,1.778,1.762,1.78,1.761
2016-09-02,1.762,1.773,1.774,1.759
2016-09-05,1.775,1.774,1.79,1.772
2016-09-06,1.774,1.78,1.789,1.761
2016-09-07,1.78,1.784,1.794,1.779
2016-09-08,1.781,1.784,1.786,1.778
2016-09-09,1.782,1.774,1.787,1.769
2016-09-12,1.741,1.744,1.749,1.724
2016-09-13,1.742,1.736,1.744,1.732
2016-09-14,1.728,1.723,1.732,1.719
2016-09-19,1.723,1.736,1.739,1.722
2016-09-20,1.735,1.733,1.737,1.728
2016-09-21,1.731,1.737,1.739,1.73
2016-09-22,1.743,1.749,1.76,1.742
2016-09-23,1.749,1.743,1.752,1.742
2016-09-26,1.739,1.716,1.74,1.714
2016-09-27,1.714,1.723,1.728,1.713
2016-09-28,1.725,1.713,1.726,1.712
2016-09-29,1.718,1.724,1.733,1.718
2016-09-30,1.719,1.729,1.732,1.719
2016-10-10,1.74,1.756,1.761,1.737
2016-10-11,1.756,1.759,1.762,1.752
2016-10-12,1.754,1.751,1.755,1.748
2016-10-13,1.748,1.751,1.757,1.748
2016-10-14,1.751,1.76,1.765,1.745
2016-10-17,1.763,1.744,1.763,1.74
2016-10-18,1.741,1.776,1.778,1.74
2016-10-19,1.776,1.773,1.782,1.77
2016-10-20,1.772,1.774,1.779,1.77
2016-10-21,1.774,1.789,1.796,1.769
2016-10-24,1.788,1.818,1.837,1.788
2016-10-25,1.819,1.813,1.822,1.809
2016-10-26,1.813,1.805,1.816,1.803
2016-10-27,1.804,1.799,1.805,1.794
2016-10-28,1.799,1.801,1.823,1.799
2016-10-31,1.8,1.799,1.801,1.783
2016-11-01,1.798,1.81,1.81,1.795
2016-11-02,1.805,1.794,1.806,1.792
2016-11-03,1.791,1.821,1.833,1.788
2016-11-04,1.819,1.818,1.833,1.815
2016-11-07,1.818,1.824,1.828,1.815
2016-11-08,1.83,1.832,1.845,1.824
2016-11-09,1.831,1.814,1.831,1.793
2016-11-10,1.826,1.838,1.845,1.826
2016-11-11,1.833,1.857,1.865,1.831
2016-11-14,1.852,1.868,1.889,1.85
2016-11-15,1.864,1.86,1.868,1.855
2016-11-16,1.861,1.855,1.864,1.852
2016-11-17,1.854,1.863,1.864,1.844
2016-11-18,1.864,1.857,1.872,1.852
2016-11-21,1.853,1.884,1.9,1.853
2016-11-22,1.882,1.902,1.906,1.881
2016-11-23,1.903,1.909,1.925,1.898
2016-11-24,1.905,1.919,1.93,1.903
2016-11-25,1.919,1.945,1.947,1.904
2016-11-28,1.954,1.954,1.979,1.949
2016-11-29,1.95,1.993,2.006,1.943
2016-11-30,1.986,1.966,1.996,1.958
2016-12-01,1.971,1.98,1.997,1.965
2016-12-02,1.979,1.963,1.98,1.95
2016-12-05,1.939,1.92,1.94,1.911
2016-12-06,1.919,1.915,1.93,1.914
2016-12-07,1.915,1.922,1.923,1.908
2016-12-08,1.926,1.927,1.935,1.922
2016-12-09,1.925,1.96,1.968,1.919
2016-12-12,1.959,1.933,1.973,1.913
2016-12-13,1.924,1.918,1.929,1.907
2016-12-14,1.919,1.907,1.932,1.906
2016-12-15,1.9,1.855,1.902,1.82
2016-12-16,1.854,1.848,1.864,1.847
2016-12-19,1.846,1.84,1.852,1.835
2016-12-20,1.84,1.828,1.843,1.81
2016-12-21,1.831,1.845,1.854,1.831
2016-12-22,1.844,1.839,1.846,1.829
2016-12-23,1.837,1.826,1.84,1.82
2016-12-26,1.813,1.845,1.848,1.803
2016-12-27,1.844,1.836,1.851,1.834
2016-12-28,1.834,1.825,1.84,1.819
2016-12-29,1.822,1.825,1.834,1.815
2016-12-30,1.824,1.834,1.837,1.823
2017-01-03,1.832,1.854,1.861,1.832
2017-01-04,1.851,1.872,1.872,1.851
2017-01-05,1.87,1.869,1.875,1.864
2017-01-06,1.869,1.861,1.873,1.859
2017-01-09,1.859,1.866,1.871,1.855
2017-01-10,1.862,1.86,1.869,1.857
2017-01-11,1.861,1.85,1.866,1.848
2017-01-12,1.848,1.843,1.857,1.842
2017-01-13,1.842,1.857,1.864,1.84
2017-01-16,1.855,1.886,1.891,1.833
2017-01-17,1.876,1.876,1.882,1.869
2017-01-18,1.875,1.891,1.899,1.875
2017-01-19,1.888,1.881,1.899,1.879
2017-01-20,1.882,1.896,1.9,1.881
2017-01-23,1.897,1.895,1.908,1.89
2017-01-24,1.896,1.901,1.903,1.892
2017-01-25,1.898,1.904,1.907,1.892
2017-01-26,1.908,1.913,1.919,1.906
2017-02-03,1.914,1.889,1.917,1.886
2017-02-06,1.892,1.89,1.898,1.883
2017-02-07,1.89,1.882,1.894,1.878
2017-02-08,1.882,1.895,1.896,1.871
2017-02-09,1.895,1.901,1.912,1.889
2017-02-10,1.903,1.913,1.919,1.902
2017-02-13,1.914,1.925,1.928,1.914
2017-02-14,1.924,1.917,1.926,1.914
2017-02-15,1.917,1.916,1.929,1.915
2017-02-16,1.916,1.919,1.923,1.913
2017-02-17,1.922,1.908,1.933,1.907
2017-02-20,1.909,1.942,1.943,1.909
2017-02-21,1.942,1.94,1.954,1.937
2017-02-22,1.94,1.943,1.945,1.935
2017-02-23,1.942,1.934,1.947,1.927
2017-02-24,1.933,1.932,1.933,1.921
2017-02-27,1.93,1.914,1.931,1.91
2017-02-28,1.913,1.915,1.924,1.909
2017-03-01,1.917,1.915,1.928,1.913
2017-03-02,1.92,1.9,1.926,1.898
2017-03-03,1.897,1.89,1.897,1.886
2017-03-06,1.891,1.896,1.901,1.888
2017-03-07,1.893,1.901,1.901,1.892
2017-03-08,1.9,1.902,1.907,1.896
2017-03-09,1.898,1.89,1.899,1.879
2017-03-10,1.888,1.882,1.891,1.882
2017-03-13,1.881,1.902,1.903,1.874
2017-03-14,1.902,1.898,1.904,1.894
2017-03-15,1.895,1.901,1.902,1.891
2017-03-16,1.908,1.916,1.923,1.907
2017-03-17,1.918,1.89,1.919,1.885
2017-03-20,1.895,1.894,1.9,1.885
2017-03-21,1.894,1.9,1.902,1.892
2017-03-22,1.892,1.883,1.896,1.876
2017-03-23,1.882,1.891,1.9,1.881
2017-03-24,1.893,1.911,1.918,1.888
2017-03-27,1.911,1.907,1.924,1.905
2017-03-28,1.91,1.901,1.913,1.899
2017-03-29,1.903,1.899,1.908,1.894
2017-03-30,1.898,1.89,1.903,1.882
2017-03-31,1.888,1.903,1.905,1.888
2017-04-05,1.913,1.929,1.93,1.91
2017-04-06,1.93,1.931,1.937,1.919
2017-04-07,1.932,1.931,1.937,1.922
2017-04-10,1.931,1.924,1.935,1.924
2017-04-11,1.921,1.925,1.93,1.901
2017-04-12,1.922,1.921,1.929,1.908
2017-04-13,1.917,1.914,1.922,1.912
2017-04-14,1.913,1.897,1.914,1.892
2017-04-17,1.895,1.9,1.903,1.884
2017-04-18,1.897,1.885,1.898,1.883
2017-04-19,1.88,1.869,1.882,1.86
2017-04-20,1.867,1.878,1.88,1.867
2017-04-21,1.879,1.888,1.893,1.877
2017-04-24,1.889,1.883,1.89,1.87
2017-04-25,1.881,1.889,1.891,1.881
2017-04-26,1.889,1.886,1.903,1.886
2017-04-27,1.883,1.891,1.894,1.873
2017-04-28,1.89,1.887,1.891,1.877
2017-05-02,1.885,1.879,1.892,1.879
2017-05-03,1.879,1.872,1.885,1.871
2017-05-04,1.871,1.867,1.877,1.861
2017-05-05,1.864,1.86,1.865,1.843
2017-05-08,1.854,1.865,1.867,1.845
2017-05-09,1.859,1.862,1.866,1.857
2017-05-10,1.863,1.868,1.879,1.863
2017-05-11,1.863,1.881,1.884,1.862
2017-05-12,1.878,1.917,1.917,1.878
2017-05-15,1.921,1.921,1.936,1.919
2017-05-16,1.915,1.926,1.926,1.907
2017-05-17,1.922,1.905,1.925,1.904
2017-05-18,1.894,1.897,1.904,1.891
2017-05-19,1.896,1.902,1.904,1.894
2017-05-22,1.903,1.92,1.924,1.901
2017-05-23,1.917,1.95,1.951,1.917
2017-05-24,1.948,1.946,1.953,1.926
2017-05-25,1.941,2.017,2.024,1.94
2017-05-26,2.011,2.013,2.028,2.001
2017-05-31,2.018,2.022,2.047,2.002
2017-06-01,2.019,2.037,2.04,2.005
2017-06-02,2.037,2.017,2.041,2.013
2017-06-05,2.007,1.989,2.016,1.986
2017-06-06,1.986,2.004,2.009,1.986
2017-06-07,2.007,2.027,2.037,2.004
2017-06-08,2.025,2.048,2.053,2.018
2017-06-09,2.047,2.064,2.08,2.047
2017-06-12,2.058,2.061,2.088,2.054
2017-06-13,2.057,2.059,2.061,2.04
2017-06-14,2.057,2.029,2.057,2.026
2017-06-15,2.026,2.012,2.036,2.006
2017-06-16,2.012,2.007,2.024,2.002
2017-06-19,2.008,2.044,2.046,2.008
2017-06-20,2.047,2.03,2.053,2.025
2017-06-21,2.045,2.056,2.057,2.023
2017-06-22,2.051,2.071,2.102,2.04
2017-06-23,2.066,2.09,2.091,2.055
2017-06-26,2.091,2.101,2.117,2.089
2017-06-27,2.097,2.111,2.115,2.088
2017-06-28,2.105,2.095,2.117,2.094
2017-06-29,2.098,2.112,2.113,2.091
2017-06-30,2.099,2.105,2.111,2.094
2017-07-03,2.109,2.09,2.11,2.08
2017-07-04,2.088,2.067,2.093,2.065
2017-07-05,2.066,2.11,2.113,2.065
2017-07-06,2.104,2.114,2.125,2.096
2017-07-07,2.11,2.108,2.116,2.098
2017-07-10,2.106,2.122,2.129,2.101
2017-07-11,2.12,2.151,2.172,2.119
2017-07-12,2.148,2.144,2.183,2.135
2017-07-13,2.148,2.185,2.186,2.144
2017-07-14,2.187,2.212,2.213,2.178
2017-07-17,2.215,2.216,2.252,2.184
2017-07-18,2.208,2.206,2.227,2.182
2017-07-19,2.207,2.249,2.25,2.206
2017-07-20,2.245,2.257,2.258,2.234
2017-07-21,2.247,2.227,2.251,2.223
2017-07-24,2.221,2.247,2.257,2.221
2017-07-25,2.247,2.23,2.257,2.228
2017-07-26,2.229,2.224,2.252,2.207
2017-07-27,2.22,2.224,2.232,2.203
2017-07-28,2.22,2.227,2.233,2.212
2017-07-31,2.225,2.229,2.239,2.218
2017-08-01,2.231,2.271,2.272,2.228
2017-08-02,2.272,2.275,2.289,2.267
2017-08-03,2.271,2.236,2.284,2.236
2017-08-04,2.234,2.218,2.246,2.217
2017-08-07,2.214,2.226,2.236,2.206
2017-08-08,2.226,2.229,2.233,2.213
2017-08-09,2.225,2.211,2.227,2.209
2017-08-10,2.21,2.202,2.229,2.183
2017-08-11,2.186,2.16,2.194,2.157
2017-08-14,2.165,2.182,2.191,2.16
2017-08-15,2.185,2.198,2.215,2.182
2017-08-16,2.193,2.187,2.196,2.178
2017-08-17,2.19,2.199,2.202,2.184
2017-08-18,2.191,2.211,2.217,2.188
2017-08-21,2.213,2.21,2.226,2.203
2017-08-22,2.215,2.236,2.237,2.21
2017-08-23,2.236,2.255,2.268,2.233
2017-08-24,2.256,2.245,2.271,2.237
2017-08-25,2.244,2.304,2.306,2.242
2017-08-28,2.312,2.335,2.365,2.312
2017-08-29,2.333,2.336,2.344,2.324
2017-08-30,2.335,2.321,2.36,2.318
2017-08-31,2.325,2.313,2.334,2.3
2017-09-01,2.312,2.307,2.332,2.299
2017-09-04,2.305,2.311,2.313,2.292
2017-09-05,2.31,2.329,2.34,2.31
2017-09-06,2.322,2.311,2.325,2.304
2017-09-07,2.314,2.29,2.319,2.287
2017-09-08,2.291,2.285,2.3,2.277
2017-09-11,2.291,2.277,2.309,2.273
2017-09-12,2.282,2.293,2.296,2.273
2017-09-13,2.291,2.286,2.293,2.277
2017-09-14,2.287,2.269,2.293,2.262
2017-09-15,2.268,2.269,2.276,2.258
2017-09-18,2.271,2.276,2.294,2.271
2017-09-19,2.278,2.267,2.285,2.257
2017-09-20,2.265,2.264,2.274,2.259
2017-09-21,2.263,2.275,2.29,2.259
2017-09-22,2.27,2.276,2.284,2.261
2017-09-25,2.269,2.276,2.28,2.264
2017-09-26,2.274,2.278,2.282,2.271
2017-09-27,2.277,2.258,2.277,2.257
2017-09-28,2.258,2.262,2.263,2.251
2017-09-29,2.264,2.273,2.282,2.263
2017-10-09,2.335,2.297,2.346,2.29
2017-10-10,2.296,2.293,2.311,2.275
2017-10-11,2.294,2.309,2.315,2.293
2017-10-12,2.307,2.32,2.324,2.301
2017-10-13,2.319,2.318,2.322,2.313
2017-10-16,2.317,2.328,2.34,2.317
2017-10-17,2.327,2.326,2.333,2.319
2017-10-18,2.326,2.349,2.352,2.324
2017-10-19,2.348,2.353,2.354,2.344
2017-10-20,2.347,2.337,2.347,2.335
2017-10-23,2.342,2.338,2.345,2.33
2017-10-24,2.332,2.353,2.36,2.332
2017-10-25,2.352,2.349,2.356,2.345
2017-10-26,2.355,2.374,2.39,2.351
2017-10-27,2.374,2.42,2.421,2.37
2017-10-30,2.418,2.408,2.423,2.382
2017-10-31,2.399,2.398,2.399,2.387
2017-11-01,2.398,2.389,2.417,2.383
2017-11-02,2.385,2.394,2.395,2.374
2017-11-03,2.391,2.398,2.402,2.373
2017-11-06,2.393,2.39,2.395,2.377
2017-11-07,2.39,2.422,2.43,2.39
2017-11-08,2.421,2.421,2.446,2.414
2017-11-09,2.418,2.432,2.433,2.412
2017-11-10,2.43,2.465,2.469,2.427
2017-11-13,2.468,2.475,2.486,2.465
2017-11-14,2.476,2.46,2.482,2.457
2017-11-15,2.453,2.448,2.464,2.443
2017-11-16,2.442,2.479,2.482,2.44
2017-11-17,2.472,2.537,2.54,2.47
2017-11-20,2.524,2.543,2.543,2.5
2017-11-21,2.532,2.593,2.618,2.528
2017-11-22,2.602,2.614,2.641,2.593
2017-11-23,2.609,2.538,2.623,2.515
2017-11-24,2.534,2.537,2.551,2.51
2017-11-27,2.53,2.513,2.536,2.486
2017-11-28,2.51,2.497,2.511,2.477
2017-11-29,2.504,2.491,2.516,2.459
2017-11-30,2.481,2.459,2.499,2.451
2017-12-01,2.461,2.439,2.468,2.433
2017-12-04,2.429,2.459,2.469,2.421
2017-12-05,2.451,2.509,2.521,2.448
2017-12-06,2.5,2.472,2.5,2.444
2017-12-07,2.471,2.445,2.478,2.427
2017-12-08,2.44,2.466,2.475,2.433
2017-12-11,2.466,2.499,2.5,2.457
2017-12-12,2.497,2.447,2.503,2.446
2017-12-13,2.451,2.471,2.479,2.437
2017-12-14,2.471,2.451,2.479,2.443
2017-12-15,2.444,2.417,2.449,2.415
2017-12-18,2.416,2.429,2.444,2.416
2017-12-19,2.43,2.471,2.472,2.429
2017-12-20,2.471,2.477,2.486,2.462
2017-12-21,2.471,2.494,2.509,2.461
2017-12-22,2.488,2.479,2.499,2.475
2017-12-25,2.478,2.477,2.515,2.467
2017-12-26,2.478,2.494,2.498,2.467
2017-12-27,2.489,2.435,2.494,2.428
2017-12-28,2.439,2.456,2.471,2.43
2017-12-29,2.459,2.459,2.475,2.449
2018-01-02,2.465,2.508,2.51,2.463
2018-01-03,2.51,2.513,2.546,2.507
2018-01-04,2.514,2.52,2.533,2.51
2018-01-05,2.522,2.534,2.539,2.517
2018-01-08,2.528,2.545,2.552,2.526
2018-01-09,2.543,2.571,2.571,2.542
2018-01-10,2.568,2.595,2.597,2.561
2018-01-11,2.589,2.592,2.606,2.58
2018-01-12,2.592,2.619,2.621,2.592
2018-01-15,2.622,2.644,2.666,2.619
2018-01-16,2.637,2.665,2.666,2.635
2018-01-17,2.665,2.672,2.728,2.656
2018-01-18,2.691,2.707,2.723,2.683
2018-01-19,2.717,2.714,2.741,2.697
2018-01-22,2.704,2.73,2.74,2.693
2018-01-23,2.738,2.774,2.776,2.738
2018-01-24,2.785,2.773,2.796,2.747
2018-01-25,2.766,2.751,2.772,2.722
2018-01-26,2.746,2.772,2.796,2.742
2018-01-29,2.782,2.715,2.794,2.704
2018-01-30,2.707,2.676,2.725,2.673
2018-01-31,2.665,2.714,2.718,2.663
2018-02-01,2.716,2.735,2.737,2.697
2018-02-02,2.711,2.746,2.749,2.677
2018-02-05,2.707,2.781,2.782,2.7
2018-02-06,2.732,2.711,2.747,2.69
2018-02-07,2.743,2.624,2.763,2.614
2018-02-08,2.601,2.54,2.617,2.508
2018-02-09,2.452,2.404,2.479,2.314
2018-02-12,2.402,2.401,2.423,2.371
2018-02-13,2.43,2.449,2.485,2.429
2018-02-14,2.457,2.467,2.474,2.438
2018-02-22,2.508,2.526,2.54,2.495
2018-02-23,2.535,2.556,2.563,2.525
2018-02-26,2.571,2.566,2.59,2.528
2018-02-27,2.574,2.521,2.577,2.513
2018-02-28,2.499,2.472,2.503,2.459
2018-03-01,2.453,2.485,2.505,2.45
2018-03-02,2.463,2.457,2.485,2.447
2018-03-05,2.459,2.456,2.49,2.438
2018-03-06,2.476,2.489,2.49,2.431
2018-03-07,2.489,2.472,2.518,2.46
2018-03-08,2.474,2.494,2.499,2.461
2018-03-09,2.501,2.504,2.514,2.486
2018-03-12,2.517,2.506,2.524,2.495
2018-03-13,2.507,2.474,2.517,2.47
2018-03-14,2.465,2.464,2.475,2.454
2018-03-15,2.457,2.491,2.492,2.453
2018-03-16,2.492,2.463,2.506,2.462
2018-03-19,2.464,2.493,2.494,2.451
2018-03-20,2.477,2.496,2.502,2.472
2018-03-21,2.521,2.485,2.525,2.472
2018-03-22,2.486,2.458,2.499,2.443
2018-03-23,2.381,2.382,2.395,2.344
2018-03-26,2.365,2.335,2.369,2.303
2018-03-27,2.366,2.34,2.375,2.318
2018-03-28,2.311,2.289,2.341,2.279
2018-03-29,2.293,2.335,2.354,2.252
2018-03-30,2.334,2.314,2.336,2.309
2018-04-02,2.311,2.303,2.352,2.296
2018-04-03,2.283,2.294,2.309,2.277
2018-04-04,2.303,2.295,2.326,2.289
2018-04-09,2.299,2.312,2.317,2.284
2018-04-10,2.314,2.376,2.377,2.306
2018-04-11,2.376,2.376,2.396,2.362
2018-04-12,2.376,2.343,2.379,2.341
2018-04-13,2.356,2.318,2.365,2.315
2018-04-16,2.309,2.256,2.319,2.251
2018-04-17,2.262,2.227,2.279,2.223
2018-04-18,2.259,2.244,2.263,2.219
2018-04-19,2.253,2.277,2.289,2.247
2018-04-20,2.266,2.238,2.274,2.225
2018-04-23,2.226,2.259,2.266,2.226
2018-04-24,2.264,2.319,2.333,2.264
2018-04-25,2.304,2.294,2.313,2.291
2018-04-26,2.305,2.256,2.312,2.245
2018-04-27,2.266,2.243,2.269,2.204
2018-05-02,2.253,2.247,2.263,2.23
2018-05-03,2.24,2.255,2.267,2.218
2018-05-04,2.249,2.235,2.262,2.233
2018-05-07,2.243,2.275,2.28,2.229
2018-05-08,2.276,2.315,2.328,2.274
2018-05-09,2.313,2.312,2.318,2.298
2018-05-10,2.317,2.324,2.335,2.303
2018-05-11,2.33,2.317,2.334,2.314
2018-05-14,2.326,2.346,2.355,2.326
2018-05-15,2.353,2.341,2.355,2.323
2018-05-16,2.333,2.306,2.336,2.303
2018-05-17,2.312,2.29,2.316,2.289
2018-05-18,2.291,2.334,2.335,2.283
2018-05-21,2.352,2.337,2.359,2.329
2018-05-22,2.337,2.318,2.338,2.301
2018-05-23,2.312,2.273,2.312,2.271
2018-05-24,2.274,2.256,2.284,2.255
2018-05-25,2.259,2.255,2.276,2.245
2018-05-28,2.259,2.269,2.281,2.249
2018-05-29,2.267,2.256,2.272,2.236
2018-05-30,2.232,2.202,2.233,2.201
2018-05-31,2.221,2.252,2.258,2.218
2018-06-01,2.245,2.244,2.259,2.233
2018-06-04,2.258,2.287,2.29,2.249
2018-06-05,2.286,2.297,2.304,2.274
2018-06-06,2.293,2.287,2.296,2.283
2018-06-07,2.297,2.295,2.318,2.292
2018-06-08,2.293,2.253,2.293,2.242
2018-06-11,2.247,2.264,2.27,2.239
2018-06-12,2.264,2.289,2.297,2.254
2018-06-13,2.284,2.273,2.288,2.268
2018-06-14,2.262,2.276,2.298,2.262
2018-06-15,2.277,2.279,2.291,2.269
2018-06-19,2.256,2.213,2.263,2.184
2018-06-20,2.203,2.211,2.222,2.185
2018-06-21,2.212,2.193,2.242,2.192
2018-06-22,2.186,2.199,2.206,2.172
2018-06-25,2.208,2.149,2.215,2.147
2018-06-26,2.137,2.121,2.137,2.084
2018-06-27,2.116,2.066,2.131,2.052
2018-06-28,2.052,2.042,2.081,2.034
2018-06-29,2.052,2.096,2.101,2.049
2018-07-02,2.091,2.003,2.091,1.988
2018-07-03,2.013,2.011,2.018,1.952
2018-07-04,2.005,1.991,2.024,1.985
2018-07-05,1.991,1.992,2.02,1.972
2018-07-06,2.0,2.026,2.046,1.971
2018-07-09,2.037,2.097,2.098,2.036
2018-07-10,2.096,2.094,2.102,2.073
2018-07-11,2.046,2.055,2.066,2.03
2018-07-12,2.053,2.106,2.124,2.053
2018-07-13,2.114,2.11,2.118,2.099
2018-07-16,2.109,2.091,2.125,2.079
2018-07-17,2.09,2.076,2.093,2.06
2018-07-18,2.082,2.064,2.106,2.062
2018-07-19,2.075,2.075,2.101,2.064
2018-07-20,2.075,2.141,2.154,2.053
2018-07-23,2.128,2.17,2.18,2.126
2018-07-24,2.177,2.211,2.227,2.177
2018-07-25,2.22,2.21,2.222,2.199
2018-07-26,2.215,2.176,2.226,2.174
2018-07-27,2.176,2.176,2.192,2.164
2018-07-30,2.169,2.188,2.211,2.166
2018-07-31,2.185,2.196,2.207,2.174
2018-08-01,2.208,2.138,2.222,2.134
2018-08-02,2.129,2.085,2.136,2.061
2018-08-03,2.085,2.058,2.1,2.057
2018-08-06,2.059,2.056,2.095,2.039
2018-08-07,2.063,2.131,2.132,2.056
2018-08-08,2.126,2.095,2.131,2.089
2018-08-09,2.087,2.152,2.16,2.084
2018-08-10,2.152,2.152,2.168,2.134
2018-08-13,2.13,2.127,2.139,2.091
2018-08-14,2.124,2.119,2.133,2.103
2018-08-15,2.117,2.055,2.117,2.05
2018-08-16,2.032,2.054,2.082,2.01
2018-08-17,2.076,2.021,2.079,2.015
2018-08-20,2.028,2.059,2.061,2.019
2018-08-21,2.061,2.097,2.111,2.057
2018-08-22,2.11,2.1,2.11,2.084
2018-08-23,2.101,2.11,2.124,2.083
2018-08-24,2.101,2.124,2.147,2.086
2018-08-27,2.135,2.172,2.173,2.131
2018-08-28,2.176,2.161,2.184,2.154
2018-08-29,2.158,2.154,2.165,2.15
2018-08-30,2.157,2.134,2.171,2.129
2018-08-31,2.111,2.122,2.141,2.104
2018-09-03,2.109,2.113,2.121,2.093
2018-09-04,2.115,2.151,2.159,2.1
2018-09-05,2.138,2.088,2.144,2.086
2018-09-06,2.085,2.067,2.103,2.059
2018-09-07,2.075,2.092,2.111,2.067
2018-09-10,2.086,2.067,2.096,2.065
2018-09-11,2.065,2.05,2.077,2.041
2018-09-12,2.045,2.033,2.052,2.027
2018-09-13,2.063,2.067,2.072,2.035
2018-09-14,2.07,2.076,2.087,2.061
2018-09-17,2.061,2.053,2.07,2.05
2018-09-18,2.045,2.114,2.116,2.042
2018-09-19,2.108,2.139,2.158,2.103
2018-09-20,2.142,2.142,2.156,2.136
2018-09-21,2.147,2.233,2.238,2.141
2018-09-25,2.202,2.201,2.213,2.191
2018-09-26,2.209,2.239,2.266,2.208
2018-09-27,2.231,2.229,2.24,2.217
2018-09-28,2.235,2.26,2.275,2.235
2018-10-08,2.201,2.134,2.211,2.131
2018-10-09,2.137,2.146,2.16,2.128
2018-10-10,2.149,2.146,2.17,2.123
2018-10-11,2.066,2.04,2.098,2.016
2018-10-12,2.047,2.095,2.106,2.043
2018-10-15,2.099,2.064,2.1,2.06
2018-10-16,2.067,2.068,2.111,2.054
2018-10-17,2.1,2.078,2.107,2.032
2018-10-18,2.061,2.02,2.065,2.018
2018-10-19,1.999,2.092,2.101,1.995
2018-10-22,2.131,2.2,2.222,2.112
2018-10-23,2.193,2.112,2.2,2.099
2018-10-24,2.107,2.126,2.18,2.107
2018-10-25,2.071,2.132,2.138,2.062
2018-10-26,2.138,2.117,2.151,2.093
2018-10-29,2.111,2.032,2.126,2.022
2018-10-30,2.025,2.064,2.097,2.023
2018-10-31,2.073,2.097,2.109,2.059
2018-11-01,2.121,2.108,2.149,2.103
2018-11-02,2.171,2.195,2.197,2.137
2018-11-05,2.174,2.159,2.174,2.14
2018-11-06,2.154,2.147,2.159,2.128
2018-11-07,2.151,2.129,2.172,2.125
2018-11-08,2.152,2.138,2.162,2.131
2018-11-09,2.121,2.081,2.121,2.081
2018-11-12,2.078,2.091,2.096,2.068
2018-11-13,2.062,2.11,2.125,2.059
2018-11-14,2.108,2.076,2.109,2.072
2018-11-15,2.076,2.106,2.107,2.075
2018-11-16,2.107,2.108,2.131,2.09
2018-11-19,2.112,2.141,2.141,2.112
2018-11-20,2.124,2.099,2.133,2.092
2018-11-21,2.081,2.098,2.104,2.077
2018-11-22,2.102,2.084,2.105,2.071
2018-11-23,2.083,2.043,2.09,2.039
2018-11-26,2.054,2.051,2.071,2.038
2018-11-27,2.054,2.04,2.063,2.033
2018-11-28,2.041,2.067,2.073,2.04
2018-11-29,2.08,2.054,2.087,2.052
2018-11-30,2.051,2.075,2.08,2.049
2018-12-03,2.14,2.132,2.144,2.113
2018-12-04,2.132,2.14,2.146,2.125
2018-12-05,2.116,2.129,2.139,2.114
2018-12-06,2.105,2.083,2.11,2.081
2018-12-07,2.09,2.075,2.093,2.075
2018-12-10,2.062,2.058,2.074,2.048
2018-12-11,2.058,2.063,2.067,2.054
2018-12-12,2.078,2.069,2.081,2.062
2018-12-13,2.071,2.103,2.114,2.071
2018-12-14,2.095,2.073,2.095,2.072
2018-12-17,2.068,2.07,2.078,2.057
2018-12-18,2.058,2.041,2.073,2.036
2018-12-19,2.044,2.015,2.048,2.009
2018-12-20,2.01,1.981,2.019,1.962
2018-12-21,1.972,1.952,1.975,1.933
2018-12-24,1.939,1.954,1.96,1.931
2018-12-25,1.933,1.942,1.956,1.901
2018-12-26,1.939,1.925,1.947,1.921
2018-12-27,1.954,1.925,1.959,1.918
2018-12-28,1.927,1.936,1.953,1.924
2019-01-02,1.941,1.905,1.944,1.896
2019-01-03,1.905,1.911,1.934,1.9
2019-01-04,1.898,1.96,1.962,1.896
2019-01-07,1.97,1.957,1.975,1.949
2019-01-08,1.957,1.95,1.957,1.944
2019-01-09,1.963,1.975,2.003,1.961
2019-01-10,1.975,1.978,1.99,1.964
2019-01-11,1.981,1.997,2.005,1.978
2019-01-14,1.992,1.975,1.996,1.974
2019-01-15,1.98,2.02,2.022,1.978
2019-01-16,2.018,2.024,2.027,2.007
2019-01-17,2.028,2.015,2.041,2.012
2019-01-18,2.025,2.059,2.064,2.023
2019-01-21,2.057,2.074,2.087,2.056
2019-01-22,2.073,2.046,2.073,2.04
2019-01-23,2.039,2.042,2.058,2.034
2019-01-24,2.045,2.053,2.057,2.027
2019-01-25,2.062,2.083,2.095,2.057
2019-01-28,2.097,2.08,2.115,2.071
2019-01-29,2.076,2.098,2.104,2.067
2019-01-30,2.085,2.087,2.105,2.081
2019-01-31,2.097,2.124,2.128,2.093
2019-02-01,2.14,2.142,2.144,2.119
2019-02-11,2.132,2.166,2.168,2.125
2019-02-12,2.167,2.174,2.179,2.156
2019-02-13,2.175,2.221,2.231,2.169
2019-02-14,2.215,2.217,2.228,2.207
2019-02-15,2.21,2.161,2.212,2.155
2019-02-18,2.179,2.221,2.223,2.179
2019-02-19,2.225,2.217,2.254,2.207
2019-02-20,2.231,2.227,2.238,2.21
2019-02-21,2.225,2.216,2.254,2.208
2019-02-22,2.212,2.268,2.27,2.196
2019-02-25,2.295,2.466,2.479,2.29
2019-02-26,2.45,2.378,2.45,2.367
2019-02-27,2.379,2.386,2.432,2.357
2019-02-28,2.386,2.386,2.408,2.374
2019-03-01,2.4,2.452,2.456,2.383
2019-03-04,2.471,2.465,2.547,2.448
2019-03-05,2.462,2.463,2.472,2.441
2019-03-06,2.462,2.47,2.482,2.427
2019-03-07,2.461,2.423,2.463,2.406
2019-03-08,2.376,2.325,2.39,2.321
2019-03-11,2.323,2.34,2.351,2.305
2019-03-12,2.365,2.351,2.394,2.337
2019-03-13,2.363,2.356,2.383,2.332
2019-03-14,2.351,2.36,2.386,2.349
2019-03-15,2.367,2.39,2.417,2.367
2019-03-18,2.393,2.462,2.464,2.384
2019-03-19,2.465,2.44,2.478,2.433
2019-03-20,2.434,2.444,2.467,2.42
2019-03-21,2.449,2.434,2.457,2.431
2019-03-22,2.434,2.427,2.448,2.403
2019-03-25,2.388,2.352,2.4,2.348
2019-03-26,2.37,2.342,2.374,2.33
2019-03-27,2.352,2.373,2.383,2.35
2019-03-28,2.363,2.368,2.376,2.341
2019-03-29,2.377,2.469,2.481,2.377
2019-04-01,2.49,2.524,2.545,2.49
2019-04-02,2.53,2.522,2.539,2.511
2019-04-03,2.507,2.551,2.561,2.5
2019-04-04,2.562,2.589,2.595,2.55
2019-04-08,2.61,2.593,2.644,2.569
2019-04-09,2.597,2.599,2.616,2.579
2019-04-10,2.59,2.614,2.632,2.571
2019-04-11,2.612,2.562,2.636,2.551
2019-04-12,2.552,2.556,2.569,2.54
2019-04-15,2.605,2.556,2.632,2.554
2019-04-16,2.548,2.658,2.659,2.542
2019-04-17,2.656,2.647,2.672,2.627
2019-04-18,2.645,2.637,2.652,2.627
2019-04-19,2.647,2.674,2.681,2.62
2019-04-22,2.678,2.608,2.684,2.592
2019-04-23,2.6,2.613,2.641,2.6
2019-04-24,2.621,2.608,2.632,2.564
2019-04-25,2.595,2.563,2.608,2.561
2019-04-26,2.55,2.53,2.568,2.526
2019-04-29,2.538,2.571,2.602,2.537
2019-04-30,2.57,2.578,2.588,2.553
2019-05-06,2.49,2.437,2.507,2.402
2019-05-07,2.45,2.44,2.467,2.412
2019-05-08,2.395,2.395,2.432,2.386
2019-05-09,2.383,2.336,2.387,2.319
2019-05-10,2.368,2.427,2.433,2.329
2019-05-13,2.395,2.375,2.4,2.369
2019-05-14,2.354,2.358,2.396,2.35
2019-05-15,2.378,2.415,2.43,2.376
2019-05-16,2.409,2.424,2.427,2.401
2019-05-17,2.423,2.373,2.428,2.365
2019-05-20,2.365,2.349,2.385,2.332
2019-05-21,2.351,2.372,2.399,2.349
2019-05-22,2.373,2.359,2.378,2.347
2019-05-23,2.349,2.327,2.356,2.318
2019-05-24,2.336,2.341,2.365,2.331
2019-05-27,2.337,2.364,2.375,2.309
2019-05-28,2.362,2.383,2.401,2.358
2019-05-29,2.371,2.398,2.425,2.366
2019-05-30,2.392,2.387,2.396,2.367
2019-05-31,2.382,2.378,2.41,2.374
2019-06-03,2.387,2.39,2.412,2.372
2019-06-04,2.389,2.372,2.397,2.363
2019-06-05,2.39,2.368,2.397,2.364
2019-06-06,2.37,2.354,2.378,2.352
2019-06-10,2.368,2.389,2.398,2.36
2019-06-11,2.4,2.464,2.467,2.398
2019-06-12,2.457,2.452,2.459,2.445
2019-06-13,2.449,2.446,2.46,2.427
2019-06-14,2.45,2.44,2.469,2.435
2019-06-17,2.438,2.449,2.465,2.438
2019-06-18,2.451,2.46,2.462,2.439
2019-06-19,2.529,2.506,2.543,2.503
2019-06-20,2.504,2.604,2.622,2.504
2019-06-21,2.604,2.603,2.62,2.593
2019-06-24,2.603,2.609,2.62,2.594
2019-06-25,2.608,2.569,2.609,2.538
2019-06-26,2.558,2.566,2.577,2.551
2019-06-27,2.575,2.605,2.615,2.575
2019-06-28,2.602,2.602,2.603,2.581
2019-07-01,2.65,2.67,2.68,2.645
2019-07-02,2.665,2.666,2.671,2.655
2019-07-03,2.657,2.637,2.66,2.627
2019-07-04,2.635,2.626,2.648,2.611
2019-07-05,2.623,2.637,2.643,2.615
2019-07-08,2.624,2.574,2.624,2.553
2019-07-09,2.571,2.564,2.584,2.554
2019-07-10,2.576,2.562,2.58,2.551
2019-07-11,2.576,2.572,2.603,2.561
2019-07-12,2.569,2.593,2.604,2.567
2019-07-15,2.58,2.592,2.615,2.538
2019-07-16,2.589,2.575,2.599,2.573
2019-07-17,2.564,2.566,2.583,2.555
2019-07-18,2.558,2.555,2.565,2.548
2019-07-19,2.566,2.59,2.598,2.566
2019-07-22,2.586,2.572,2.599,2.561
2019-07-23,2.574,2.573,2.582,2.565
2019-07-24,2.587,2.602,2.618,2.587
2019-07-25,2.602,2.627,2.628,2.598
2019-07-26,2.614,2.632,2.639,2.612
2019-07-29,2.629,2.628,2.633,2.617
2019-07-30,2.63,2.638,2.652,2.63
2019-07-31,2.628,2.61,2.629,2.604
2019-08-01,2.595,2.585,2.606,2.574
2019-08-02,2.527,2.54,2.547,2.524
2019-08-05,2.523,2.485,2.526,2.481
2019-08-06,2.437,2.455,2.464,2.416
2019-08-07,2.462,2.441,2.466,2.44
2019-08-08,2.463,2.481,2.485,2.461
2019-08-09,2.495,2.47,2.498,2.464
2019-08-12,2.479,2.519,2.521,2.478
2019-08-13,2.5,2.49,2.508,2.484
2019-08-14,2.525,2.499,2.529,2.498
2019-08-15,2.455,2.508,2.514,2.451
2019-08-16,2.514,2.52,2.542,2.501
2019-08-19,2.539,2.577,2.578,2.523
2019-08-20,2.57,2.571,2.58,2.564
2019-08-21,2.569,2.569,2.574,2.563
2019-08-22,2.573,2.573,2.578,2.557
2019-08-23,2.573,2.613,2.62,2.57
2019-08-26,2.578,2.564,2.583,2.555
2019-08-27,2.579,2.584,2.612,2.576
2019-08-28,2.574,2.562,2.586,2.558
2019-08-29,2.562,2.551,2.566,2.536
2019-08-30,2.573,2.566,2.583,2.55
2019-09-02,2.564,2.59,2.599,2.559
2019-09-03,2.59,2.589,2.595,2.576
2019-09-04,2.588,2.623,2.626,2.587
2019-09-05,2.637,2.654,2.694,2.637
2019-09-06,2.673,2.687,2.689,2.659
2019-09-09,2.71,2.682,2.715,2.677
2019-09-10,2.682,2.671,2.692,2.661
2019-09-11,2.681,2.657,2.683,2.648
2019-09-12,2.664,2.697,2.703,2.664
2019-09-16,2.7,2.684,2.704,2.669
2019-09-17,2.676,2.637,2.678,2.626
2019-09-18,2.644,2.653,2.666,2.643
2019-09-19,2.661,2.657,2.665,2.639
2019-09-20,2.666,2.663,2.67,2.657
2019-09-23,2.651,2.631,2.653,2.619
2019-09-24,2.633,2.637,2.653,2.629
2019-09-25,2.629,2.627,2.641,2.62
2019-09-26,2.637,2.628,2.65,2.624
2019-09-27,2.627,2.628,2.633,2.616
2019-09-30,2.625,2.595,2.632,2.594
2019-10-08,2.595,2.618,2.636,2.594
2019-10-09,2.608,2.621,2.629,2.593
2019-10-10,2.621,2.637,2.642,2.609
2019-10-11,2.649,2.682,2.69,2.643
2019-10-14,2.702,2.711,2.739,2.695
2019-10-15,2.708,2.712,2.718,2.705
2019-10-16,2.714,2.701,2.744,2.695
2019-10-17,2.704,2.709,2.719,2.698
2019-10-18,2.715,2.664,2.726,2.659
2019-10-21,2.659,2.666,2.672,2.65
2019-10-22,2.674,2.669,2.679,2.656
2019-10-23,2.667,2.65,2.676,2.641
2019-10-24,2.654,2.658,2.673,2.643
2019-10-25,2.654,2.664,2.67,2.632
2019-10-28,2.668,2.678,2.686,2.66
2019-10-29,2.68,2.666,2.68,2.665
2019-10-30,2.662,2.649,2.672,2.644
2019-10-31,2.657,2.653,2.662,2.646
2019-11-01,2.65,2.702,2.703,2.644
2019-11-04,2.707,2.719,2.722,2.706
2019-11-05,2.719,2.736,2.767,2.711
2019-11-06,2.73,2.729,2.742,2.721
2019-11-07,2.725,2.729,2.746,2.719
2019-11-08,2.749,2.71,2.751,2.709
2019-11-11,2.696,2.663,2.696,2.659
2019-11-12,2.67,2.667,2.675,2.651
2019-11-13,2.66,2.665,2.671,2.651
2019-11-14,2.668,2.663,2.676,2.661
2019-11-15,2.67,2.653,2.675,2.651
2019-11-18,2.653,2.677,2.685,2.648
2019-11-19,2.674,2.696,2.697,2.669
2019-11-20,2.694,2.663,2.694,2.656
2019-11-21,2.653,2.645,2.656,2.638
2019-11-22,2.649,2.617,2.665,2.607
2019-11-25,2.62,2.644,2.647,2.62
2019-11-26,2.652,2.643,2.66,2.638
2019-11-27,2.641,2.638,2.648,2.627
2019-11-28,2.639,2.628,2.647,2.621
2019-11-29,2.62,2.588,2.625,2.577
2019-12-02,2.592,2.594,2.606,2.59
2019-12-03,2.588,2.604,2.605,2.572
2019-12-04,2.594,2.598,2.6,2.582
2019-12-05,2.605,2.616,2.623,2.605
2019-12-06,2.623,2.633,2.634,2.617
2019-12-09,2.637,2.628,2.639,2.62
2019-12-10,2.621,2.63,2.632,2.618
2019-12-11,2.64,2.644,2.647,2.626
2019-12-12,2.644,2.634,2.649,2.631
2019-12-13,2.66,2.697,2.702,2.66
2019-12-16,2.696,2.69,2.697,2.677
2019-12-17,2.691,2.722,2.747,2.685
2019-12-18,2.718,2.714,2.735,2.713
2019-12-19,2.718,2.707,2.72,2.703
2019-12-20,2.709,2.702,2.723,2.699
2019-12-23,2.7,2.676,2.716,2.672
2019-12-24,2.677,2.685,2.689,2.672
2019-12-25,2.681,2.677,2.682,2.664
2019-12-26,2.677,2.699,2.702,2.676
2019-12-27,2.702,2.706,2.737,2.699
2019-12-30,2.702,2.748,2.755,2.696
2019-12-31,2.743,2.755,2.757,2.735
2020-01-02,2.768,2.778,2.797,2.767
2020-01-03,2.785,2.765,2.787,2.761
2020-01-06,2.75,2.747,2.779,2.726
2020-01-07,2.753,2.759,2.771,2.748
2020-01-08,2.747,2.73,2.75,2.721
2020-01-09,2.748,2.754,2.76,2.743
2020-01-10,2.764,2.758,2.768,2.749
2020-01-13,2.76,2.777,2.778,2.742
2020-01-14,2.782,2.773,2.797,2.766
2020-01-15,2.77,2.743,2.776,2.742
2020-01-16,2.752,2.733,2.755,2.724
2020-01-17,2.738,2.739,2.76,2.73
2020-01-20,2.753,2.755,2.757,2.742
2020-01-21,2.737,2.704,2.74,2.701
2020-01-22,2.697,2.703,2.71,2.653
2020-01-23,2.679,2.622,2.685,2.601
2020-02-03,2.392,2.404,2.451,2.364
2020-02-04,2.412,2.482,2.484,2.407
2020-02-05,2.487,2.498,2.52,2.467
2020-02-06,2.51,2.539,2.557,2.497
2020-02-07,2.523,2.538,2.539,2.508
2020-02-10,2.514,2.536,2.541,2.507
2020-02-11,2.545,2.567,2.58,2.54
2020-02-12,2.564,2.58,2.584,2.549
2020-02-13,2.58,2.566,2.595,2.559
2020-02-14,2.558,2.582,2.587,2.558
2020-02-17,2.585,2.636,2.638,2.583
2020-02-18,2.628,2.61,2.63,2.6
2020-02-19,2.606,2.61,2.628,2.602
2020-02-20,2.615,2.664,2.667,2.603
2020-02-21,2.652,2.655,2.68,2.646
2020-02-24,2.638,2.621,2.643,2.606
2020-02-25,2.592,2.596,2.602,2.559
2020-02-26,2.565,2.591,2.616,2.558
2020-02-27,2.591,2.595,2.611,2.589
2020-02-28,2.547,2.511,2.573,2.503
2020-03-02,2.526,2.596,2.612,2.526
2020-03-03,2.627,2.604,2.638,2.597
2020-03-04,2.602,2.636,2.637,2.6
2020-03-05,2.652,2.701,2.711,2.643
2020-03-06,2.675,2.648,2.686,2.647
2020-03-09,2.601,2.558,2.604,2.553
2020-03-10,2.557,2.608,2.623,2.538
2020-03-11,2.608,2.571,2.613,2.57
2020-03-12,2.542,2.533,2.553,2.513
2020-03-13,2.421,2.493,2.515,2.398
2020-03-16,2.482,2.384,2.482,2.378
2020-03-17,2.397,2.372,2.426,2.32
2020-03-18,2.384,2.315,2.41,2.312
2020-03-19,2.306,2.261,2.335,2.202
2020-03-20,2.281,2.321,2.326,2.269
2020-03-23,2.238,2.25,2.277,2.233
2020-03-24,2.297,2.324,2.328,2.279
2020-03-25,2.384,2.384,2.395,2.365
2020-03-26,2.364,2.374,2.403,2.359
2020-03-27,2.406,2.389,2.422,2.387
2020-03-30,2.356,2.377,2.382,2.349
2020-03-31,2.397,2.372,2.404,2.367
2020-04-01,2.368,2.368,2.407,2.363
2020-04-02,2.353,2.403,2.405,2.349
2020-04-03,2.395,2.391,2.405,2.382
2020-04-07,2.437,2.44,2.447,2.428
2020-04-08,2.427,2.427,2.438,2.42
2020-04-09,2.437,2.436,2.443,2.432
2020-04-10,2.436,2.435,2.47,2.428
2020-04-13,2.428,2.423,2.432,2.416
2020-04-14,2.44,2.468,2.468,2.431
2020-04-15,2.463,2.448,2.472,2.447
2020-04-16,2.439,2.45,2.454,2.437
2020-04-17,2.472,2.49,2.508,2.464
2020-04-20,2.494,2.5,2.504,2.481
2020-04-21,2.494,2.468,2.495,2.453
2020-04-22,2.46,2.487,2.488,2.452
2020-04-23,2.492,2.484,2.504,2.479
2020-04-24,2.472,2.462,2.473,2.456
2020-04-27,2.465,2.487,2.501,2.465
2020-04-28,2.494,2.507,2.514,2.465
2020-04-29,2.501,2.526,2.534,2.498
2020-04-30,2.535,2.549,2.567,2.53
2020-05-06,2.517,2.545,2.55,2.508
2020-05-07,2.542,2.54,2.547,2.53
2020-05-08,2.555,2.56,2.573,2.548
2020-05-11,2.562,2.56,2.587,2.553
2020-05-12,2.557,2.557,2.569,2.547
2020-05-13,2.549,2.557,2.56,2.536
2020-05-14,2.547,2.528,2.547,2.525
2020-05-15,2.532,2.509,2.541,2.507
2020-05-18,2.507,2.53,2.539,2.507
2020-05-19,2.552,2.549,2.562,2.544
2020-05-20,2.549,2.546,2.556,2.54
2020-05-21,2.551,2.535,2.557,2.533
2020-05-22,2.527,2.465,2.529,2.463
2020-05-25,2.467,2.477,2.479,2.453
2020-05-26,2.49,2.499,2.5,2.484
2020-05-27,2.5,2.489,2.505,2.481
2020-05-28,2.487,2.498,2.523,2.474
2020-05-29,2.477,2.499,2.506,2.477
2020-06-01,2.527,2.561,2.566,2.525
2020-06-02,2.556,2.576,2.585,2.554
2020-06-03,2.592,2.581,2.616,2.58
2020-06-04,2.594,2.575,2.595,2.57
2020-06-05,2.577,2.589,2.592,2.564
2020-06-08,2.594,2.602,2.617,2.594
2020-06-09,2.605,2.62,2.623,2.599
2020-06-10,2.62,2.605,2.62,2.601
2020-06-11,2.597,2.575,2.607,2.567
2020-06-12,2.544,2.588,2.59,2.538
2020-06-15,2.565,2.544,2.573,2.538
2020-06-16,2.564,2.574,2.576,2.559
2020-06-17,2.573,2.578,2.579,2.56
2020-06-18,2.569,2.592,2.593,2.557
2020-06-19,2.589,2.624,2.635,2.587
2020-06-22,2.624,2.621,2.647,2.611
2020-06-23,2.613,2.627,2.629,2.6
2020-06-24,2.635,2.655,2.659,2.628
2020-06-29,2.646,2.634,2.653,2.617
2020-06-30,2.642,2.653,2.665,2.641
2020-07-01,2.66,2.724,2.725,2.653
2020-07-02,2.716,2.8,2.811,2.716
2020-07-03,2.813,2.884,2.887,2.813
2020-07-06,2.927,3.166,3.178,2.927
2020-07-07,3.223,3.099,3.236,3.097
2020-07-08,3.094,3.144,3.186,3.088
2020-07-09,3.143,3.156,3.169,3.117
2020-07-10,3.122,3.07,3.137,3.057
2020-07-13,3.062,3.113,3.155,3.051
2020-07-14,3.105,3.077,3.126,3.038
2020-07-15,3.1,3.047,3.114,3.039
2020-07-16,3.053,2.903,3.067,2.897
2020-07-17,2.917,2.926,2.963,2.892
2020-07-20,2.957,3.028,3.037,2.931
2020-07-21,3.038,3.026,3.043,3.009
2020-07-22,3.024,3.031,3.104,3.012
2020-07-23,3.004,3.028,3.05,2.965
2020-07-24,3.015,2.897,3.016,2.878
2020-07-27,2.915,2.908,2.942,2.883
2020-07-28,2.935,2.928,2.949,2.911
2020-07-29,2.925,2.988,2.995,2.913
2020-07-30,2.994,2.974,3.009,2.973
2020-07-31,2.975,2.992,3.034,2.941
2020-08-03,3.01,3.025,3.036,2.996
2020-08-04,3.034,3.056,3.077,3.025
2020-08-05,3.046,3.033,3.046,2.997
2020-08-06,3.042,3.035,3.06,2.984
2020-08-07,3.017,3.005,3.035,2.962
2020-08-10,2.993,3.03,3.055,2.972
2020-08-11,3.028,3.004,3.08,2.998
2020-08-12,3.0,2.994,3.014,2.942
2020-08-13,3.001,2.983,3.006,2.973
2020-08-14,2.982,3.04,3.043,2.974
2020-08-17,3.049,3.115,3.148,3.045
2020-08-18,3.118,3.11,3.124,3.091
2020-08-19,3.109,3.048,3.113,3.046
2020-08-20,3.027,3.009,3.031,2.992
2020-08-21,3.031,3.034,3.05,3.006
2020-08-24,3.047,3.044,3.071,3.036
2020-08-25,3.055,3.057,3.083,3.044
2020-08-26,3.053,3.021,3.073,3.011
2020-08-27,3.025,3.04,3.041,3.002
2020-08-28,3.034,3.121,3.125,3.028
2020-08-31,3.132,3.092,3.159,3.086
2020-09-01,3.082,3.101,3.102,3.076
2020-09-02,3.111,3.092,3.119,3.06
2020-09-03,3.091,3.084,3.123,3.068
2020-09-04,3.044,3.053,3.062,3.03
2020-09-07,3.046,2.998,3.072,2.99
2020-09-08,3.013,3.033,3.041,2.997
2020-09-09,3.0,2.982,3.014,2.955
2020-09-10,3.003,2.993,3.017,2.986
2020-09-11,2.981,3.01,3.017,2.977
2020-09-14,3.024,3.038,3.042,3.02
2020-09-15,3.039,3.064,3.068,3.023
2020-09-16,3.06,3.043,3.069,3.034
2020-09-17,3.038,3.011,3.038,3.004
2020-09-18,3.013,3.103,3.106,3.011
2020-09-21,3.108,3.059,3.116,3.057
2020-09-22,3.039,3.019,3.067,3.006
2020-09-23,3.019,3.022,3.031,3.002
2020-09-24,3.002,2.968,3.011,2.965
2020-09-25,2.978,2.979,2.993,2.964
2020-09-28,2.988,2.999,3.016,2.986
2020-09-29,3.017,2.992,3.02,2.991
2020-09-30,3.007,2.978,3.018,2.962
2020-10-09,3.024,3.034,3.047,3.022
2020-10-12,3.047,3.139,3.141,3.047
2020-10-13,3.125,3.134,3.142,3.113
2020-10-14,3.128,3.121,3.128,3.109
2020-10-15,3.116,3.122,3.146,3.111
2020-10-16,3.122,3.129,3.152,3.105
2020-10-19,3.15,3.106,3.183,3.094
2020-10-20,3.095,3.109,3.111,3.091
2020-10-21,3.116,3.13,3.131,3.1
2020-10-22,3.12,3.117,3.13,3.077
2020-10-23,3.117,3.105,3.146,3.099
2020-10-26,3.077,3.051,3.082,3.037
2020-10-27,3.046,3.043,3.051,3.028
2020-10-28,3.043,3.061,3.069,3.033
2020-10-29,3.032,3.08,3.1,3.026
2020-10-30,3.072,3.026,3.08,3.018
2020-11-02,3.03,3.014,3.048,2.999
2020-11-03,3.028,3.052,3.072,3.027
2020-11-04,3.057,3.077,3.092,3.046
2020-11-05,3.115,3.115,3.137,3.092
2020-11-06,3.125,3.105,3.126,3.084
2020-11-09,3.132,3.165,3.179,3.132
2020-11-10,3.188,3.163,3.189,3.148
2020-11-11,3.159,3.161,3.182,3.157
2020-11-12,3.162,3.144,3.17,3.133
2020-11-13,3.128,3.085,3.128,3.068
2020-11-16,3.107,3.126,3.128,3.092
2020-11-17,3.122,3.127,3.133,3.11
2020-11-18,3.127,3.132,3.155,3.117
2020-11-19,3.121,3.157,3.165,3.117
2020-11-20,3.159,3.162,3.165,3.142
2020-11-23,3.169,3.218,3.237,3.168
2020-11-24,3.218,3.19,3.226,3.188
2020-11-25,3.202,3.165,3.222,3.164
2020-11-26,3.165,3.194,3.196,3.162
2020-11-27,3.195,3.254,3.258,3.192
2020-11-30,3.264,3.221,3.323,3.22
2020-12-01,3.224,3.305,3.311,3.224
2020-12-02,3.306,3.293,3.321,3.273
2020-12-03,3.292,3.286,3.3,3.269
2020-12-04,3.283,3.291,3.297,3.249
2020-12-07,3.292,3.259,3.297,3.24
2020-12-08,3.328,3.247,3.328,3.236
2020-12-09,3.255,3.218,3.268,3.213
2020-12-10,3.209,3.204,3.225,3.187
2020-12-11,3.217,3.177,3.226,3.151
2020-12-14,3.183,3.209,3.214,3.178
2020-12-15,3.206,3.212,3.219,3.185
2020-12-16,3.217,3.23,3.235,3.211
2020-12-17,3.235,3.285,3.288,3.23
2020-12-18,3.275,3.253,3.284,3.235
2020-12-21,3.254,3.261,3.276,3.22
2020-12-22,3.256,3.212,3.265,3.206
2020-12-23,3.216,3.239,3.258,3.216
2020-12-24,3.243,3.233,3.26,3.218
2020-12-25,3.22,3.257,3.26,3.209
2020-12-28,3.255,3.267,3.287,3.243
2020-12-29,3.275,3.26,3.285,3.254
2020-12-30,3.257,3.311,3.314,3.252
2020-12-31,3.319,3.382,3.391,3.319
2021-01-04,3.384,3.38,3.403,3.346
2021-01-05,3.373,3.419,3.423,3.356
2021-01-06,3.421,3.474,3.476,3.409
2021-01-07,3.485,3.551,3.555,3.47
2021-01-08,3.558,3.53,3.577,3.493
2021-01-11,3.528,3.513,3.589,3.498
2021-01-12,3.507,3.647,3.652,3.503
2021-01-13,3.658,3.61,3.672,3.583
2021-01-14,3.604,3.55,3.605,3.539
2021-01-15,3.563,3.553,3.605,3.523
2021-01-18,3.541,3.585,3.614,3.536
2021-01-19,3.594,3.545,3.599,3.528
2021-01-20,3.545,3.548,3.575,3.522
2021-01-21,3.565,3.588,3.616,3.549
2021-01-22,3.584,3.581,3.599,3.558
2021-01-25,3.578,3.638,3.642,3.561
2021-01-26,3.62,3.548,3.622,3.545
2021-01-27,3.548,3.554,3.569,3.529
2021-01-28,3.51,3.479,3.516,3.46
2021-01-29,3.495,3.452,3.503,3.409
2021-02-01,3.455,3.479,3.481,3.44
2021-02-02,3.489,3.5,3.504,3.471
2021-02-03,3.5,3.512,3.53,3.479
2021-02-04,3.494,3.535,3.556,3.494
2021-02-05,3.552,3.582,3.612,3.547
2021-02-08,3.596,3.623,3.632,3.568
2021-02-09,3.635,3.687,3.688,3.605
2021-02-10,3.698,3.76,3.778,3.693
2021-02-18,3.838,3.755,3.847,3.729
2021-02-19,3.74,3.746,3.756,3.695
2021-02-22,3.75,3.621,3.753,3.614
2021-02-23,3.597,3.634,3.675,3.593
2021-02-24,3.635,3.536,3.644,3.5
2021-02-25,3.572,3.591,3.61,3.552
2021-02-26,3.525,3.491,3.556,3.489
2021-03-01,3.525,3.521,3.528,3.485
2021-03-02,3.543,3.455,3.544,3.42
2021-03-03,3.448,3.552,3.554,3.446
2021-03-04,3.513,3.446,3.52,3.425
2021-03-05,3.398,3.426,3.46,3.364
2021-03-08,3.446,3.309,3.465,3.304
2021-03-09,3.309,3.253,3.333,3.231
2021-03-10,3.295,3.271,3.31,3.262
2021-03-11,3.287,3.362,3.365,3.286
2021-03-12,3.379,3.365,3.38,3.331
2021-03-15,3.349,3.306,3.364,3.274
2021-03-16,3.314,3.33,3.344,3.291
2021-03-17,3.324,3.324,3.352,3.282
2021-03-18,3.328,3.339,3.351,3.323
2021-03-19,3.299,3.244,3.308,3.23
2021-03-22,3.239,3.271,3.298,3.239
2021-03-23,3.272,3.252,3.283,3.215
2021-03-24,3.236,3.202,3.266,3.189
2021-03-25,3.189,3.2,3.216,3.177
2021-03-26,3.213,3.262,3.273,3.213
2021-03-29,3.273,3.269,3.294,3.247
2021-03-30,3.27,3.309,3.314,3.268
2021-03-31,3.307,3.275,3.307,3.25
2021-04-01,3.286,3.315,3.323,3.28
2021-04-02,3.33,3.349,3.351,3.314
2021-04-06,3.352,3.326,3.355,3.314
2021-04-07,3.328,3.29,3.33,3.274
2021-04-08,3.282,3.306,3.318,3.263
2021-04-09,3.296,3.254,3.296,3.241
2021-04-12,3.243,3.216,3.257,3.202
2021-04-13,3.21,3.198,3.238,3.184
2021-04-14,3.2,3.204,3.221,3.177
2021-04-15,3.196,3.167,3.196,3.134
2021-04-16,3.171,3.182,3.193,3.144
2021-04-19,3.178,3.248,3.252,3.161
2021-04-20,3.23,3.24,3.264,3.221
2021-04-21,3.221,3.246,3.256,3.221
2021-04-22,3.256,3.229,3.268,3.216
2021-04-23,3.221,3.262,3.27,3.221
2021-04-26,3.272,3.206,3.291,3.199
2021-04-27,3.204,3.214,3.223,3.192
2021-04-28,3.198,3.215,3.218,3.181
2021-04-29,3.224,3.261,3.263,3.211
2021-04-30,3.258,3.23,3.265,3.208
2021-05-06,3.21,3.192,3.256,3.18
2021-05-07,3.203,3.147,3.208,3.138
2021-05-10,3.165,3.147,3.165,3.11
2021-05-11,3.119,3.177,3.186,3.115
2021-05-12,3.168,3.19,3.198,3.16
2021-05-13,3.164,3.155,3.178,3.134
2021-05-14,3.165,3.246,3.248,3.15
2021-05-17,3.248,3.278,3.3,3.243
2021-05-18,3.286,3.276,3.291,3.26
2021-05-19,3.266,3.252,3.268,3.242
2021-05-20,3.251,3.264,3.274,3.233
2021-05-21,3.271,3.223,3.288,3.212
2021-05-24,3.222,3.237,3.238,3.196
2021-05-25,3.241,3.383,3.388,3.241
2021-05-26,3.396,3.396,3.421,3.383
2021-05-27,3.392,3.406,3.455,3.367
2021-05-28,3.405,3.399,3.433,3.366
2021-05-31,3.394,3.387,3.394,3.352
2021-06-01,3.381,3.388,3.392,3.344
2021-06-02,3.395,3.361,3.403,3.342
2021-06-03,3.356,3.332,3.379,3.326
2021-06-04,3.319,3.349,3.398,3.313
2021-06-07,3.352,3.341,3.354,3.318
2021-06-08,3.339,3.32,3.378,3.298
2021-06-09,3.318,3.33,3.338,3.31
2021-06-10,3.33,3.349,3.378,3.325
2021-06-11,3.357,3.319,3.361,3.314
2021-06-15,3.322,3.27,3.325,3.254
2021-06-16,3.269,3.234,3.274,3.222
2021-06-17,3.231,3.227,3.249,3.214
2021-06-18,3.228,3.203,3.24,3.179
2021-06-21,3.192,3.183,3.207,3.16
2021-06-22,3.192,3.212,3.217,3.184
2021-06-23,3.218,3.217,3.244,3.206
2021-06-24,3.221,3.236,3.237,3.206
2021-06-25,3.237,3.289,3.304,3.237
2021-06-28,3.295,3.275,3.298,3.258
2021-06-29,3.274,3.245,3.274,3.233
2021-06-30,3.246,3.263,3.268,3.244
2021-07-01,3.274,3.296,3.297,3.239
2021-07-02,3.265,3.171,3.278,3.165
2021-07-05,3.167,3.168,3.183,3.141
2021-07-06,3.168,3.179,3.18,3.138
2021-07-07,3.163,3.19,3.204,3.155
2021-07-08,3.193,3.143,3.201,3.131
2021-07-09,3.132,3.13,3.145,3.097
2021-07-12,3.15,3.158,3.185,3.13
2021-07-13,3.162,3.169,3.192,3.155
2021-07-14,3.168,3.116,3.168,3.104
2021-07-15,3.116,3.188,3.192,3.112
2021-07-16,3.186,3.151,3.193,3.145
2021-07-19,3.138,3.164,3.172,3.1
2021-07-20,3.14,3.156,3.163,3.138
2021-07-21,3.163,3.169,3.196,3.154
2021-07-22,3.173,3.173,3.195,3.165
2021-07-23,3.173,3.136,3.175,3.133
2021-07-26,3.119,3.007,3.122,2.973
2021-07-27,3.007,2.904,3.021,2.893
2021-07-28,2.9,2.931,2.948,2.874
2021-07-29,2.977,2.96,2.98,2.937
2021-07-30,2.938,2.911,2.938,2.894
2021-08-02,2.898,2.99,2.998,2.868
2021-08-03,2.976,3.002,3.016,2.961
2021-08-04,2.995,3.012,3.022,2.989
2021-08-05,2.995,3.006,3.047,2.982
2021-08-06,2.998,2.98,2.999,2.966
2021-08-09,2.958,3.016,3.038,2.951
2021-08-10,3.009,3.07,3.075,2.977
2021-08-11,3.061,3.043,3.081,3.043
2021-08-12,3.037,3.009,3.045,3.006
2021-08-13,2.998,3.002,3.028,2.983
2021-08-16,3.003,3.01,3.033,2.988
2021-08-17,3.008,2.93,3.028,2.925
2021-08-18,2.93,2.972,2.992,2.922
2021-08-19,2.968,2.926,2.968,2.912
2021-08-20,2.907,2.856,2.912,2.829
2021-08-23,2.87,2.884,2.897,2.857
2021-08-24,2.894,2.933,2.949,2.892
2021-08-25,2.939,2.945,2.959,2.922
2021-08-26,2.945,2.876,2.947,2.874
2021-08-27,2.873,2.907,2.935,2.873
2021-08-30,2.923,2.897,2.928,2.874
2021-08-31,2.884,2.886,2.912,2.84
2021-09-01,2.877,2.955,2.974,2.852
2021-09-02,2.959,2.952,2.979,2.935
2021-09-03,2.957,2.96,2.993,2.925
2021-09-06,2.961,2.995,3.018,2.954
2021-09-07,2.997,3.032,3.048,2.975
2021-09-08,3.031,2.997,3.043,2.989
2021-09-09,2.983,2.988,2.996,2.97
2021-09-10,2.984,3.04,3.054,2.982
2021-09-13,3.029,3.029,3.059,3.007
2021-09-14,3.026,2.976,3.046,2.965
2021-09-15,2.973,2.934,2.974,2.914
2021-09-16,2.932,2.915,2.945,2.896
2021-09-17,2.915,2.947,2.948,2.892
2021-09-22,2.896,2.906,2.916,2.884
2021-09-23,2.926,2.912,2.948,2.9
2021-09-24,2.908,2.934,2.956,2.907
2021-09-27,2.948,2.995,3.001,2.946
2021-09-28,2.991,2.995,3.013,2.963
2021-09-29,2.973,2.996,3.008,2.943
2021-09-30,2.996,2.979,2.998,2.97
2021-10-08,3.01,3.043,3.048,3.006
2021-10-11,3.057,3.06,3.101,3.054
2021-10-12,3.048,3.043,3.07,3.019
2021-10-13,3.04,3.075,3.091,3.028
2021-10-14,3.07,3.054,3.09,3.047
2021-10-15,3.05,3.08,3.088,3.038
2021-10-18,3.082,3.016,3.082,2.998
2021-10-19,3.011,3.039,3.048,3.011
2021-10-20,3.048,3.041,3.068,3.026
2021-10-21,3.048,3.062,3.081,3.038
2021-10-22,3.071,3.1,3.122,3.07
2021-10-25,3.085,3.098,3.105,3.077
2021-10-26,3.104,3.077,3.119,3.068
2021-10-27,3.065,3.035,3.065,3.025
2021-10-28,3.028,3.034,3.042,3.013
2021-10-29,3.037,3.052,3.053,3.029
2021-11-01,3.032,3.037,3.052,3.016
2021-11-02,3.037,2.998,3.056,2.976
2021-11-03,2.998,2.967,3.007,2.96
2021-11-04,2.98,2.993,3.0,2.975
2021-11-05,2.986,2.991,3.015,2.976
2021-11-08,2.988,2.979,3.005,2.97
2021-11-09,2.994,2.972,3.003,2.959
2021-11-10,2.971,2.954,2.971,2.909
2021-11-11,2.948,3.023,3.025,2.948
2021-11-12,3.028,3.01,3.032,3.004
2021-11-15,3.016,3.012,3.033,2.998
2021-11-16,3.014,3.012,3.031,2.995
2021-11-17,3.004,2.992,3.015,2.986
2021-11-18,2.985,2.959,2.986,2.951
2021-11-19,2.955,2.998,3.008,2.953
2021-11-22,3.004,2.996,3.013,2.993
2021-11-23,2.991,3.009,3.021,2.988
2021-11-24,3.009,3.021,3.037,2.999
2021-11-25,3.025,3.002,3.027,2.998
2021-11-26,2.995,2.971,2.997,2.966
2021-11-29,2.964,2.971,2.976,2.949
2021-11-30,2.974,2.953,2.984,2.938
2021-12-01,2.953,2.965,2.971,2.952
2021-12-02,2.961,2.977,2.987,2.95
2021-12-03,2.981,3.004,3.005,2.975
2021-12-06,3.009,3.014,3.04,3.009
2021-12-07,3.033,3.04,3.05,3.023
2021-12-08,3.048,3.09,3.095,3.031
2021-12-09,3.097,3.141,3.182,3.094
2021-12-10,3.129,3.138,3.142,3.122
2021-12-13,3.164,3.143,3.208,3.141
2021-12-14,3.13,3.126,3.149,3.117
2021-12-15,3.121,3.093,3.135,3.092
2021-12-16,3.093,3.104,3.106,3.081
2021-12-17,3.101,3.054,3.106,3.052
2021-12-20,3.043,3.032,3.069,3.022
2021-12-21,3.028,3.047,3.052,3.028
2021-12-22,3.051,3.033,3.061,3.03
2021-12-23,3.04,3.064,3.066,3.023
2021-12-24,3.064,3.062,3.078,3.05
2021-12-27,3.061,3.057,3.071,3.04
2021-12-28,3.06,3.075,3.083,3.055
2021-12-29,3.076,3.014,3.081,3.012
2021-12-30,3.014,3.036,3.051,3.01
2021-12-31,3.044,3.045,3.058,3.037
2022-01-04,3.059,3.036,3.059,2.994
2022-01-05,3.031,3.03,3.066,3.015
2022-01-06,3.018,2.982,3.027,2.969
2022-01-07,2.988,2.996,3.012,2.988
2022-01-10,2.997,3.005,3.012,2.974
2022-01-11,3.005,2.985,3.022,2.981
2022-01-12,2.995,3.009,3.019,2.987
2022-01-13,3.015,2.955,3.023,2.953
2022-01-14,2.949,2.909,2.951,2.908
2022-01-17,2.907,2.92,2.932,2.906
2022-01-18,2.92,2.958,2.971,2.909
2022-01-19,2.965,2.958,2.975,2.945
2022-01-20,2.957,3.003,3.026,2.957
2022-01-21,3.0,2.995,3.009,2.978
2022-01-24,2.981,2.984,2.992,2.954
2022-01-25,2.968,2.918,2.97,2.914
2022-01-26,2.925,2.933,2.941,2.902
2022-01-27,2.934,2.896,2.934,2.887
2022-01-28,2.906,2.825,2.914,2.818
2022-02-07,2.871,2.884,2.9,2.863
2022-02-08,2.886,2.887,2.892,2.829
2022-02-09,2.889,2.909,2.918,2.879
2022-02-10,2.911,2.917,2.918,2.895
2022-02-11,2.908,2.912,2.944,2.901
2022-02-14,2.904,2.877,2.907,2.866
2022-02-15,2.874,2.889,2.899,2.869
2022-02-16,2.903,2.905,2.919,2.898
2022-02-17,2.901,2.908,2.929,2.901
2022-02-18,2.899,2.933,2.936,2.891
2022-02-21,2.928,2.919,2.929,2.898
2022-02-22,2.889,2.87,2.891,2.852
2022-02-23,2.878,2.889,2.89,2.861
2022-02-24,2.873,2.832,2.873,2.811
2022-02-25,2.844,2.845,2.877,2.836
2022-02-28,2.842,2.85,2.853,2.82
2022-03-01,2.862,2.894,2.901,2.862
2022-03-02,2.881,2.877,2.884,2.869
2022-03-03,2.89,2.867,2.898,2.858
2022-03-04,2.839,2.835,2.849,2.82
2022-03-07,2.815,2.744,2.817,2.735
2022-03-08,2.754,2.704,2.774,2.688
2022-03-09,2.718,2.676,2.734,2.579
2022-03-10,2.731,2.702,2.737,2.698
2022-03-11,2.67,2.711,2.718,2.621
2022-03-14,2.669,2.621,2.69,2.619
2022-03-15,2.589,2.476,2.602,2.472
2022-03-16,2.509,2.599,2.611,2.462
2022-03-17,2.655,2.646,2.688,2.63
2022-03-18,2.635,2.68,2.699,2.625
2022-03-21,2.687,2.663,2.688,2.638
2022-03-22,2.654,2.671,2.695,2.652
2022-03-23,2.681,2.688,2.698,2.662
2022-03-24,2.669,2.673,2.691,2.658
2022-03-25,2.669,2.627,2.685,2.625
2022-03-28,2.603,2.625,2.64,2.57
2022-03-29,2.631,2.612,2.645,2.609
2022-03-30,2.631,2.687,2.688,2.631
2022-03-31,2.679,2.67,2.685,2.666
2022-04-01,2.652,2.712,2.728,2.647
2022-04-06,2.693,2.7,2.71,2.678
2022-04-07,2.688,2.673,2.719,2.668
2022-04-08,2.674,2.698,2.704,2.662
2022-04-11,2.686,2.621,2.686,2.612
2022-04-12,2.621,2.665,2.667,2.601
2022-04-13,2.65,2.655,2.684,2.645
2022-04-14,2.679,2.7,2.717,2.67
2022-04-15,2.684,2.703,2.717,2.679
2022-04-18,2.678,2.66,2.679,2.645
2022-04-19,2.657,2.633,2.671,2.612
2022-04-20,2.635,2.605,2.638,2.599
2022-04-21,2.593,2.569,2.618,2.552
2022-04-22,2.547,2.584,2.597,2.54
2022-04-25,2.529,2.451,2.547,2.449
2022-04-26,2.449,2.453,2.502,2.439
2022-04-27,2.451,2.503,2.507,2.447
2022-04-28,2.495,2.538,2.543,2.492
2022-04-29,2.55,2.582,2.596,2.514
2022-05-05,2.582,2.57,2.601,2.57
2022-05-06,2.532,2.492,2.537,2.486
2022-05-09,2.476,2.466,2.488,2.45
2022-05-10,2.438,2.49,2.509,2.417
2022-05-11,2.484,2.511,2.54,2.484
2022-05-12,2.499,2.491,2.511,2.485
2022-05-13,2.509,2.518,2.532,2.5
2022-05-16,2.534,2.491,2.536,2.48
2022-05-17,2.5,2.526,2.527,2.497
2022-05-18,2.536,2.517,2.536,2.491
2022-05-19,2.488,2.515,2.523,2.485
2022-05-20,2.531,2.582,2.584,2.529
2022-05-23,2.587,2.552,2.587,2.54
2022-05-24,2.553,2.509,2.558,2.505
2022-05-25,2.51,2.514,2.523,2.5
2022-05-26,2.519,2.514,2.542,2.487
2022-05-27,2.536,2.533,2.562,2.524
2022-05-30,2.554,2.547,2.562,2.539
2022-05-31,2.547,2.581,2.59,2.541
2022-06-01,2.584,2.571,2.584,2.555
2022-06-02,2.556,2.566,2.568,2.548
2022-06-06,2.567,2.599,2.599,2.535
2022-06-07,2.597,2.618,2.64,2.589
2022-06-08,2.626,2.652,2.664,2.623
2022-06-09,2.649,2.642,2.669,2.634
2022-06-10,2.624,2.675,2.684,2.618
2022-06-13,2.643,2.624,2.649,2.605
2022-06-14,2.598,2.663,2.665,2.588
2022-06-15,2.661,2.702,2.752,2.66
2022-06-16,2.711,2.675,2.718,2.669
2022-06-17,2.662,2.718,2.725,2.66
2022-06-20,2.722,2.712,2.743,2.691
2022-06-21,2.713,2.718,2.74,2.695
2022-06-22,2.721,2.687,2.724,2.685
2022-06-23,2.69,2.728,2.734,2.689
2022-06-24,2.741,2.767,2.779,2.735
2022-06-27,2.78,2.805,2.829,2.78
2022-06-28,2.806,2.832,2.89,2.787
2022-06-29,2.818,2.807,2.844,2.797
2022-06-30,2.806,2.858,2.889,2.806
2022-07-01,2.867,2.847,2.873,2.834
2022-07-04,2.834,2.852,2.854,2.81
2022-07-05,2.865,2.852,2.885,2.816
2022-07-06,2.844,2.8,2.846,2.783
2022-07-07,2.791,2.791,2.809,2.772
2022-07-08,2.811,2.795,2.828,2.793
2022-07-11,2.779,2.75,2.78,2.739
2022-07-12,2.745,2.733,2.764,2.723
2022-07-13,2.733,2.724,2.742,2.713
2022-07-14,2.72,2.704,2.727,2.691
2022-07-15,2.7,2.661,2.738,2.66
2022-07-18,2.667,2.7,2.708,2.653
2022-07-19,2.695,2.688,2.699,2.66
2022-07-20,2.704,2.697,2.711,2.689
2022-07-21,2.688,2.663,2.695,2.661
2022-07-22,2.67,2.676,2.701,2.654
2022-07-25,2.672,2.667,2.676,2.657
2022-07-26,2.671,2.68,2.693,2.671
2022-07-27,2.673,2.656,2.676,2.651
2022-07-28,2.668,2.655,2.694,2.653
2022-07-29,2.66,2.617,2.682,2.611
2022-08-01,2.61,2.607,2.621,2.591
2022-08-02,2.585,2.559,2.585,2.534
2022-08-03,2.565,2.539,2.582,2.533
2022-08-04,2.553,2.566,2.574,2.545
2022-08-05,2.577,2.604,2.609,2.564
2022-08-08,2.594,2.589,2.603,2.578
2022-08-09,2.588,2.59,2.596,2.58
2022-08-10,2.586,2.557,2.596,2.547
2022-08-11,2.57,2.615,2.618,2.563
2022-08-12,2.611,2.625,2.632,2.605
2022-08-15,2.613,2.609,2.642,2.607
2022-08-16,2.613,2.596,2.624,2.591
2022-08-17,2.596,2.612,2.621,2.577
2022-08-18,2.609,2.586,2.612,2.578
2022-08-19,2.581,2.581,2.601,2.577
2022-08-22,2.573,2.582,2.597,2.567
2022-08-23,2.583,2.563,2.589,2.555
2022-08-24,2.568,2.535,2.581,2.532
2022-08-25,2.542,2.582,2.588,2.536
2022-08-26,2.584,2.583,2.595,2.577
2022-08-29,2.558,2.561,2.57,2.549
2022-08-30,2.564,2.557,2.57,2.534
2022-08-31,2.545,2.59,2.612,2.543
2022-09-01,2.583,2.564,2.591,2.559
2022-09-02,2.568,2.541,2.572,2.526
2022-09-05,2.532,2.53,2.536,2.505
2022-09-06,2.534,2.553,2.556,2.532
2022-09-07,2.541,2.543,2.55,2.534
2022-09-08,2.546,2.537,2.556,2.536
2022-09-09,2.544,2.589,2.595,2.543
2022-09-13,2.598,2.597,2.613,2.582
2022-09-14,2.572,2.577,2.593,2.569
2022-09-15,2.583,2.573,2.599,2.56
2022-09-16,2.563,2.513,2.57,2.511
2022-09-19,2.506,2.508,2.524,2.499
2022-09-20,2.519,2.503,2.522,2.495
2022-09-21,2.494,2.48,2.502,2.47
2022-09-22,2.468,2.459,2.478,2.453
2022-09-23,2.455,2.461,2.48,2.448
2022-09-26,2.448,2.443,2.479,2.44
2022-09-27,2.446,2.47,2.474,2.437
2022-09-28,2.458,2.44,2.465,2.437
2022-09-29,2.457,2.44,2.472,2.425
2022-09-30,2.443,2.439,2.463,2.436
2022-10-10,2.439,2.375,2.442,2.369
2022-10-11,2.377,2.367,2.382,2.361
2022-10-12,2.369,2.383,2.387,2.307
2022-10-13,2.365,2.353,2.371,2.344
2022-10-14,2.375,2.414,2.426,2.371
2022-10-17,2.404,2.412,2.415,2.391
2022-10-18,2.425,2.397,2.43,2.393
2022-10-19,2.395,2.346,2.403,2.345
2022-10-20,2.331,2.333,2.367,2.323
2022-10-21,2.339,2.316,2.345,2.302
2022-10-24,2.309,2.228,2.326,2.213
2022-10-25,2.216,2.22,2.26,2.206
2022-10-26,2.22,2.228,2.268,2.219
2022-10-27,2.24,2.208,2.263,2.207
2022-10-28,2.192,2.154,2.208,2.149
2022-10-31,2.133,2.122,2.154,2.11
2022-11-01,2.131,2.225,2.227,2.131
2022-11-02,2.211,2.245,2.265,2.204
2022-11-03,2.227,2.214,2.236,2.201
2022-11-04,2.211,2.295,2.308,2.211
2022-11-07,2.278,2.304,2.32,2.275
2022-11-08,2.305,2.286,2.313,2.271
2022-11-09,2.286,2.267,2.3,2.261
2022-11-10,2.253,2.271,2.282,2.242
2022-11-11,2.339,2.344,2.378,2.31
2022-11-14,2.389,2.365,2.407,2.359
2022-11-15,2.356,2.414,2.424,2.353
2022-11-16,2.409,2.404,2.426,2.397
2022-11-17,2.393,2.389,2.399,2.36
2022-11-18,2.394,2.379,2.403,2.371
2022-11-21,2.357,2.346,2.359,2.315
2022-11-22,2.344,2.359,2.388,2.335
2022-11-23,2.355,2.364,2.384,2.349
2022-11-24,2.377,2.347,2.392,2.342
2022-11-25,2.344,2.374,2.384,2.341
2022-11-28,2.326,2.329,2.337,2.287
2022-11-29,2.355,2.437,2.439,2.355
2022-11-30,2.427,2.434,2.452,2.423
2022-12-01,2.486,2.458,2.511,2.457
2022-12-02,2.456,2.443,2.462,2.439
2022-12-05,2.474,2.506,2.507,2.461
2022-12-06,2.499,2.514,2.533,2.488
2022-12-07,2.506,2.497,2.536,2.488
2022-12-08,2.494,2.503,2.511,2.49
2022-12-09,2.505,2.534,2.542,2.49
2022-12-12,2.515,2.502,2.527,2.497
2022-12-13,2.503,2.505,2.518,2.498
2022-12-14,2.505,2.522,2.531,2.494
2022-12-15,2.52,2.508,2.533,2.494
2022-12-16,2.499,2.519,2.524,2.496
2022-12-19,2.523,2.479,2.531,2.469
2022-12-20,2.47,2.433,2.474,2.411
2022-12-21,2.434,2.438,2.448,2.433
2022-12-22,2.458,2.455,2.477,2.44
2022-12-23,2.44,2.448,2.463,2.431
2022-12-26,2.449,2.438,2.459,2.434
2022-12-27,2.465,2.468,2.476,2.452
2022-12-28,2.464,2.475,2.482,2.455
2022-12-29,2.46,2.461,2.465,2.439
2022-12-30,2.472,2.475,2.486,2.469
2023-01-03,2.466,2.477,2.485,2.441
2023-01-04,2.478,2.486,2.494,2.472
2023-01-05,2.506,2.536,2.541,2.502
2023-01-06,2.538,2.551,2.557,2.535
2023-01-09,2.56,2.576,2.584,2.557
2023-01-10,2.576,2.568,2.584,2.566
2023-01-11,2.572,2.574,2.596,2.568
2023-01-12,2.583,2.58,2.587,2.568
2023-01-13,2.588,2.625,2.626,2.584
2023-01-16,2.627,2.673,2.707,2.626
2023-01-17,2.671,2.664,2.676,2.65
2023-01-18,2.665,2.645,2.676,2.642
2023-01-19,2.637,2.655,2.657,2.62
2023-01-20,2.664,2.674,2.684,2.657
2023-01-30,2.726,2.675,2.731,2.669
2023-01-31,2.676,2.645,2.691,2.64
2023-02-01,2.652,2.656,2.657,2.613
2023-02-02,2.665,2.65,2.666,2.631
2023-02-03,2.632,2.609,2.641,2.586
2023-02-06,2.582,2.565,2.583,2.55
2023-02-07,2.574,2.573,2.585,2.563
2023-02-08,2.576,2.566,2.595,2.562
2023-02-09,2.562,2.595,2.602,2.56
2023-02-10,2.588,2.583,2.591,2.572
2023-02-13,2.572,2.601,2.605,2.564
2023-02-14,2.602,2.612,2.613,2.593
2023-02-15,2.611,2.586,2.617,2.581
2023-02-16,2.59,2.576,2.623,2.557
2023-02-17,2.571,2.547,2.593,2.544
2023-02-20,2.555,2.624,2.627,2.548
2023-02-21,2.623,2.638,2.642,2.614
2023-02-22,2.624,2.601,2.631,2.598
2023-02-23,2.604,2.6,2.623,2.588
2023-02-24,2.599,2.562,2.599,2.553
2023-02-27,2.549,2.559,2.571,2.545
2023-02-28,2.565,2.572,2.575,2.534
2023-03-01,2.57,2.603,2.618,2.563
2023-03-02,2.598,2.602,2.616,2.593
2023-03-03,2.611,2.605,2.618,2.589
2023-03-06,2.605,2.575,2.606,2.566
2023-03-07,2.57,2.544,2.593,2.541
2023-03-08,2.534,2.523,2.536,2.511
2023-03-09,2.524,2.504,2.527,2.49
2023-03-10,2.487,2.468,2.5,2.466
2023-03-13,2.466,2.495,2.505,2.466
2023-03-14,2.492,2.477,2.492,2.459
2023-03-15,2.496,2.478,2.505,2.477
2023-03-16,2.463,2.453,2.481,2.451
2023-03-17,2.472,2.463,2.506,2.449
2023-03-20,2.466,2.446,2.477,2.444
2023-03-21,2.456,2.473,2.478,2.454
2023-03-22,2.48,2.482,2.497,2.473
2023-03-23,2.473,2.499,2.5,2.473
2023-03-24,2.495,2.486,2.497,2.479
2023-03-27,2.481,2.469,2.488,2.459
2023-03-28,2.475,2.47,2.483,2.463
2023-03-29,2.486,2.466,2.49,2.462
2023-03-30,2.466,2.498,2.499,2.459
2023-03-31,2.501,2.495,2.514,2.489
2023-04-03,2.495,2.498,2.506,2.484
2023-04-04,2.501,2.508,2.509,2.489
2023-04-06,2.497,2.496,2.505,2.488
2023-04-07,2.496,2.515,2.525,2.495
2023-04-10,2.52,2.516,2.523,2.503
2023-04-11,2.518,2.51,2.525,2.5
2023-04-12,2.512,2.495,2.514,2.493
2023-04-13,2.489,2.499,2.506,2.482
2023-04-14,2.506,2.51,2.522,2.5
2023-04-17,2.51,2.564,2.565,2.506
2023-04-18,2.561,2.574,2.582,2.557
2023-04-19,2.575,2.55,2.579,2.547
2023-04-20,2.55,2.532,2.552,2.525
2023-04-21,2.534,2.485,2.535,2.481
2023-04-24,2.484,2.449,2.488,2.439
2023-04-25,2.452,2.448,2.458,2.427
2023-04-26,2.448,2.445,2.456,2.437
2023-04-27,2.445,2.482,2.49,2.443
2023-04-28,2.482,2.506,2.513,2.482
2023-05-04,2.496,2.521,2.524,2.483
2023-05-05,2.525,2.513,2.533,2.501
2023-05-08,2.516,2.55,2.556,2.513
2023-05-09,2.554,2.532,2.578,2.531
2023-05-10,2.528,2.5,2.538,2.499
2023-05-11,2.509,2.494,2.516,2.49
2023-05-12,2.491,2.457,2.499,2.456
2023-05-15,2.456,2.506,2.507,2.449
2023-05-16,2.508,2.5,2.514,2.49
2023-05-17,2.497,2.475,2.503,2.469
2023-05-18,2.481,2.471,2.494,2.461
2023-05-19,2.463,2.46,2.48,2.44
2023-05-22,2.458,2.485,2.499,2.456
2023-05-23,2.489,2.443,2.491,2.442
2023-05-24,2.439,2.403,2.442,2.402
2023-05-25,2.399,2.391,2.402,2.37
2023-05-26,2.389,2.389,2.4,2.363
2023-05-29,2.396,2.378,2.401,2.367
2023-05-30,2.377,2.367,2.386,2.337
2023-05-31,2.354,2.326,2.356,2.32
2023-06-01,2.321,2.331,2.357,2.321
2023-06-02,2.346,2.374,2.381,2.344
2023-06-05,2.368,2.362,2.375,2.353
2023-06-06,2.361,2.349,2.395,2.347
2023-06-07,2.359,2.348,2.371,2.337
2023-06-08,2.344,2.373,2.384,2.337
2023-06-09,2.376,2.381,2.387,2.371
2023-06-12,2.38,2.381,2.394,2.362
2023-06-13,2.377,2.39,2.393,2.367
2023-06-14,2.391,2.389,2.412,2.388
2023-06-15,2.396,2.428,2.429,2.395
2023-06-16,2.43,2.451,2.457,2.429
2023-06-19,2.448,2.419,2.448,2.415
2023-06-20,2.415,2.407,2.424,2.402
2023-06-21,2.401,2.38,2.41,2.378
2023-06-26,2.366,2.352,2.367,2.345
2023-06-27,2.352,2.367,2.374,2.343
2023-06-28,2.361,2.376,2.377,2.353
2023-06-29,2.372,2.361,2.378,2.355
2023-06-30,2.36,2.368,2.383,2.355
2023-07-03,2.374,2.406,2.41,2.371
2023-07-04,2.406,2.41,2.411,2.399
2023-07-05,2.406,2.395,2.412,2.39
2023-07-06,2.388,2.376,2.401,2.371
2023-07-07,2.37,2.365,2.375,2.358
2023-07-10,2.377,2.378,2.397,2.37
2023-07-11,2.389,2.395,2.399,2.381
2023-07-12,2.398,2.394,2.408,2.388
2023-07-13,2.408,2.435,2.435,2.406
2023-07-14,2.44,2.435,2.444,2.43
2023-07-17,2.429,2.41,2.429,2.401
2023-07-18,2.413,2.407,2.417,2.398
2023-07-19,2.401,2.416,2.417,2.4
2023-07-20,2.419,2.402,2.435,2.399
2023-07-21,2.404,2.412,2.427,2.396
2023-07-24,2.394,2.399,2.41,2.389
2023-07-25,2.435,2.481,2.481,2.435
2023-07-26,2.476,2.478,2.482,2.468
2023-07-27,2.482,2.479,2.497,2.468
2023-07-28,2.463,2.553,2.562,2.463
2023-07-31,2.572,2.557,2.609,2.549
2023-08-01,2.553,2.549,2.576,2.542
2023-08-02,2.544,2.524,2.557,2.516
2023-08-03,2.522,2.549,2.551,2.516
2023-08-04,2.574,2.551,2.59,2.549
2023-08-07,2.537,2.54,2.543,2.527
2023-08-08,2.531,2.535,2.552,2.516
2023-08-09,2.526,2.535,2.544,2.524
2023-08-10,2.53,2.532,2.538,2.512
2023-08-11,2.532,2.468,2.534,2.466
2023-08-14,2.441,2.448,2.454,2.427
2023-08-15,2.446,2.449,2.458,2.423
2023-08-16,2.434,2.43,2.452,2.429
2023-08-17,2.42,2.436,2.444,2.409
2023-08-18,2.436,2.406,2.447,2.405
2023-08-21,2.403,2.373,2.41,2.373
2023-08-22,2.381,2.393,2.405,2.362
2023-08-23,2.385,2.361,2.395,2.355
2023-08-24,2.365,2.379,2.398,2.364
2023-08-25,2.371,2.389,2.406,2.368
2023-08-28,2.532,2.422,2.536,2.409
2023-08-29,2.416,2.432,2.452,2.413
2023-08-30,2.436,2.425,2.443,2.421
2023-08-31,2.426,2.416,2.435,2.408
2023-09-01,2.427,2.436,2.45,2.426
2023-09-04,2.459,2.484,2.488,2.45
2023-09-05,2.475,2.467,2.476,2.462
2023-09-06,2.457,2.463,2.468,2.449
2023-09-07,2.457,2.437,2.459,2.432
2023-09-08,2.429,2.422,2.435,2.415
2023-09-11,2.422,2.439,2.455,2.42
2023-09-12,2.436,2.435,2.441,2.43
2023-09-13,2.434,2.427,2.446,2.41
2023-09-14,2.43,2.434,2.443,2.42
2023-09-15,2.441,2.422,2.451,2.412
2023-09-18,2.417,2.436,2.437,2.406
2023-09-19,2.434,2.435,2.439,2.42
2023-09-20,2.432,2.423,2.434,2.422
2023-09-21,2.416,2.398,2.425,2.397
2023-09-22,2.396,2.46,2.461,2.392
2023-09-25,2.453,2.435,2.454,2.431
2023-09-26,2.433,2.418,2.439,2.416
2023-09-27,2.417,2.43,2.442,2.417
2023-09-28,2.435,2.409,2.438,2.406
2023-10-09,2.404,2.401,2.407,2.377
2023-10-10,2.411,2.385,2.421,2.383
2023-10-11,2.399,2.393,2.406,2.388
2023-10-12,2.418,2.417,2.429,2.406
2023-10-13,2.399,2.392,2.401,2.386
2023-10-16,2.394,2.369,2.396,2.362
2023-10-17,2.374,2.379,2.382,2.364
2023-10-18,2.376,2.369,2.382,2.365
2023-10-19,2.356,2.3,2.356,2.297
2023-10-20,2.29,2.286,2.3,2.277
2023-10-23,2.281,2.267,2.288,2.247
2023-10-24,2.273,2.275,2.282,2.253
2023-10-25,2.301,2.287,2.312,2.283
2023-10-26,2.278,2.296,2.299,2.276
2023-10-27,2.289,2.32,2.33,2.283
2023-10-30,2.311,2.318,2.325,2.306
2023-10-31,2.313,2.314,2.318,2.302
2023-11-01,2.354,2.323,2.356,2.317
2023-11-02,2.329,2.319,2.343,2.318
2023-11-03,2.323,2.339,2.346,2.321
2023-11-06,2.354,2.359,2.364,2.347
2023-11-07,2.354,2.348,2.355,2.34
2023-11-08,2.341,2.34,2.353,2.327
2023-11-09,2.333,2.34,2.348,2.331
2023-11-10,2.331,2.316,2.333,2.311
2023-11-13,2.32,2.31,2.323,2.297
2023-11-14,2.314,2.308,2.322,2.298
2023-11-15,2.326,2.329,2.335,2.32
2023-11-16,2.327,2.304,2.327,2.302
2023-11-17,2.299,2.3,2.304,2.279
2023-11-20,2.298,2.306,2.315,2.284
2023-11-21,2.313,2.318,2.335,2.311
2023-11-22,2.311,2.297,2.316,2.296
2023-11-23,2.296,2.306,2.31,2.286
2023-11-24,2.301,2.293,2.304,2.289
2023-11-27,2.291,2.272,2.292,2.256
2023-11-28,2.268,2.271,2.274,2.26
2023-11-29,2.272,2.26,2.276,2.249
2023-11-30,2.258,2.266,2.271,2.255
2023-12-01,2.265,2.25,2.265,2.231
2023-12-04,2.253,2.232,2.253,2.231
2023-12-05,2.227,2.184,2.228,2.182
2023-12-06,2.18,2.182,2.197,2.171
2023-12-07,2.178,2.172,2.182,2.157
2023-12-08,2.173,2.179,2.188,2.168
2023-12-11,2.165,2.189,2.199,2.142
2023-12-12,2.183,2.202,2.205,2.179
2023-12-13,2.195,2.156,2.196,2.155
2023-12-14,2.169,2.145,2.177,2.143
2023-12-15,2.156,2.146,2.18,2.139
2023-12-18,2.135,2.148,2.157,2.123
2023-12-19,2.145,2.151,2.162,2.135
2023-12-20,2.156,2.138,2.16,2.136
2023-12-21,2.128,2.164,2.17,2.128
2023-12-22,2.162,2.172,2.186,2.152
2023-12-25,2.171,2.173,2.179,2.165
2023-12-26,2.173,2.164,2.174,2.156
2023-12-27,2.164,2.167,2.173,2.15
2023-12-28,2.165,2.219,2.225,2.163
2023-12-29,2.215,2.22,2.23,2.21
2024-01-02,2.221,2.192,2.221,2.191
2024-01-03,2.189,2.197,2.201,2.185
2024-01-04,2.196,2.179,2.197,2.16
2024-01-05,2.173,2.168,2.197,2.155
2024-01-08,2.165,2.143,2.174,2.139
2024-01-09,2.146,2.145,2.151,2.134
2024-01-10,2.14,2.135,2.158,2.131
2024-01-11,2.134,2.14,2.152,2.126
2024-01-12,2.133,2.137,2.152,2.129
2024-01-15,2.128,2.137,2.158,2.125
2024-01-16,2.133,2.149,2.15,2.122
2024-01-17,2.14,2.099,2.142,2.097
2024-01-18,2.09,2.139,2.143,2.061
2024-01-19,2.124,2.147,2.152,2.115
2024-01-22,2.139,2.126,2.157,2.103
2024-01-23,2.12,2.123,2.139,2.101
2024-01-24,2.134,2.16,2.165,2.109
2024-01-25,2.161,2.212,2.217,2.156
2024-01-26,2.205,2.215,2.224,2.197
2024-01-29,2.215,2.207,2.228,2.204
2024-01-30,2.195,2.171,2.203,2.169
2024-01-31,2.163,2.157,2.174,2.141
2024-02-01,2.146,2.148,2.17,2.138
2024-02-02,2.149,2.133,2.164,2.078
2024-02-05,2.118,2.154,2.168,2.099
2024-02-06,2.146,2.216,2.224,2.144
2024-02-07,2.22,2.245,2.246,2.203
2024-02-08,2.254,2.25,2.26,2.231
2024-02-19,2.263,2.268,2.269,2.247
2024-02-20,2.264,2.267,2.271,2.252
2024-02-21,2.26,2.309,2.34,2.256
2024-02-22,2.305,2.331,2.334,2.303
2024-02-23,2.331,2.332,2.348,2.324
2024-02-26,2.329,2.291,2.33,2.286
2024-02-27,2.283,2.303,2.304,2.281
2024-02-28,2.303,2.289,2.319,2.287
2024-02-29,2.282,2.309,2.313,2.282
2024-03-01,2.305,2.313,2.321,2.296
2024-03-04,2.309,2.316,2.323,2.303
2024-03-05,2.307,2.346,2.352,2.304
2024-03-06,2.343,2.333,2.35,2.332
2024-03-07,2.331,2.325,2.346,2.316
2024-03-08,2.325,2.325,2.334,2.308
2024-03-11,2.325,2.344,2.345,2.316
2024-03-12,2.344,2.35,2.359,2.337
2024-03-13,2.346,2.33,2.347,2.318
2024-03-14,2.329,2.324,2.346,2.314
2024-03-15,2.316,2.326,2.331,2.307
2024-03-18,2.324,2.336,2.34,2.319
2024-03-19,2.331,2.319,2.341,2.314
2024-03-20,2.312,2.325,2.332,2.307
2024-03-21,2.33,2.325,2.342,2.324
2024-03-22,2.32,2.303,2.322,2.285
2024-03-25,2.298,2.302,2.318,2.293
2024-03-26,2.304,2.311,2.315,2.298
2024-03-27,2.306,2.298,2.321,2.297
2024-03-28,2.296,2.303,2.324,2.285
2024-03-29,2.3,2.314,2.318,2.299
2024-04-01,2.32,2.34,2.35,2.32
2024-04-02,2.341,2.336,2.346,2.328
2024-04-03,2.337,2.328,2.339,2.322
2024-04-08,2.321,2.315,2.33,2.305
2024-04-09,2.314,2.302,2.318,2.298
2024-04-10,2.304,2.296,2.31,2.286
2024-04-11,2.288,2.294,2.302,2.277
2024-04-12,2.293,2.273,2.299,2.266
2024-04-15,2.271,2.323,2.325,2.27
2024-04-16,2.318,2.313,2.329,2.295
2024-04-17,2.309,2.338,2.34,2.296
2024-04-18,2.331,2.345,2.369,2.329
2024-04-19,2.335,2.329,2.345,2.322
2024-04-22,2.33,2.325,2.351,2.321
2024-04-23,2.322,2.312,2.327,2.31
2024-04-24,2.319,2.322,2.327,2.305
2024-04-25,2.318,2.331,2.337,2.31
2024-04-26,2.333,2.361,2.369,2.333
2024-04-29,2.359,2.376,2.395,2.354
2024-04-30,2.373,2.365,2.384,2.363
2024-05-06,2.393,2.395,2.406,2.385
2024-05-07,2.394,2.4,2.403,2.389
2024-05-08,2.396,2.385,2.397,2.383
2024-05-09,2.384,2.401,2.406,2.384
2024-05-10,2.407,2.408,2.415,2.39
2024-05-13,2.4,2.405,2.412,2.385
2024-05-14,2.404,2.396,2.409,2.39
2024-05-15,2.394,2.378,2.4,2.373
2024-05-16,2.382,2.388,2.397,2.374
2024-05-17,2.388,2.426,2.428,2.386
2024-05-20,2.427,2.432,2.445,2.422
2024-05-21,2.427,2.427,2.431,2.416
2024-05-22,2.423,2.428,2.434,2.419
2024-05-23,2.42,2.402,2.422,2.395
2024-05-24,2.394,2.373,2.404,2.371
2024-05-27,2.377,2.396,2.398,2.377
2024-05-28,2.396,2.389,2.404,2.385
2024-05-29,2.387,2.39,2.41,2.386
2024-05-30,2.387,2.373,2.4,2.367
2024-05-31,2.377,2.364,2.387,2.362
2024-06-03,2.361,2.367,2.374,2.353
2024-06-04,2.365,2.381,2.388,2.362
2024-06-05,2.38,2.37,2.384,2.369
2024-06-06,2.375,2.371,2.393,2.363
2024-06-07,2.377,2.36,2.381,2.348
2024-06-11,2.353,2.33,2.355,2.321
2024-06-12,2.326,2.327,2.332,2.318
2024-06-13,2.331,2.317,2.331,2.31
2024-06-14,2.313,2.334,2.339,2.306
2024-06-17,2.318,2.319,2.326,2.315
2024-06-18,2.318,2.319,2.33,2.313
2024-06-19,2.32,2.323,2.327,2.313
2024-06-20,2.32,2.316,2.331,2.313
2024-06-21,2.314,2.311,2.32,2.293
2024-06-24,2.295,2.311,2.327,2.292
2024-06-25,2.311,2.302,2.317,2.289
2024-06-26,2.297,2.306,2.313,2.291
2024-06-27,2.301,2.299,2.304,2.286
2024-06-28,2.293,2.306,2.318,2.291
2024-07-01,2.305,2.315,2.32,2.297
2024-07-02,2.312,2.327,2.333,2.311
2024-07-03,2.328,2.327,2.331,2.318
2024-07-04,2.329,2.319,2.34,2.318
2024-07-05,2.319,2.299,2.324,2.278
2024-07-08,2.291,2.287,2.302,2.281
2024-07-09,2.286,2.309,2.318,2.27
2024-07-10,2.305,2.305,2.316,2.303
2024-07-11,2.318,2.331,2.334,2.31
2024-07-12,2.333,2.346,2.349,2.332
2024-07-15,2.343,2.356,2.359,2.34
2024-07-16,2.354,2.365,2.369,2.346
2024-07-17,2.363,2.375,2.382,2.361
2024-07-18,2.37,2.387,2.391,2.364
2024-07-19,2.38,2.404,2.413,2.366
2024-07-22,2.402,2.38,2.403,2.364
2024-07-23,2.374,2.348,2.381,2.344
2024-07-24,2.341,2.339,2.354,2.328
2024-07-25,2.33,2.315,2.336,2.303
2024-07-26,2.316,2.309,2.32,2.294
2024-07-29,2.306,2.3,2.311,2.296
2024-07-30,2.295,2.287,2.297,2.273
2024-07-31,2.286,2.328,2.332,2.285
2024-08-01,2.325,2.313,2.33,2.31
2024-08-02,2.302,2.298,2.312,2.29
2024-08-05,2.29,2.282,2.316,2.278
2024-08-06,2.292,2.266,2.3,2.245
2024-08-07,2.261,2.264,2.28,2.258
2024-08-08,2.263,2.271,2.286,2.256
2024-08-09,2.282,2.268,2.29,2.267
2024-08-12,2.268,2.269,2.276,2.263
2024-08-13,2.268,2.268,2.272,2.255
2024-08-14,2.269,2.255,2.269,2.254
2024-08-15,2.251,2.287,2.297,2.247
2024-08-16,2.286,2.299,2.303,2.282
2024-08-19,2.299,2.31,2.323,2.299
2024-08-20,2.314,2.303,2.314,2.291
2024-08-21,2.297,2.291,2.301,2.277
2024-08-22,2.293,2.295,2.299,2.284
2024-08-23,2.295,2.31,2.314,2.293
2024-08-26,2.312,2.307,2.318,2.296
2024-08-27,2.306,2.309,2.314,2.299
2024-08-28,2.305,2.292,2.308,2.282
2024-08-29,2.286,2.272,2.29,2.27
2024-08-30,2.267,2.294,2.312,2.266
2024-09-02,2.281,2.255,2.284,2.252
2024-09-03,2.254,2.244,2.257,2.24
2024-09-04,2.233,2.224,2.244,2.22
2024-09-05,2.225,2.227,2.236,2.22
2024-09-06,2.229,2.216,2.244,2.214
2024-09-09,2.208,2.185,2.211,2.177
2024-09-10,2.184,2.186,2.193,2.173
2024-09-11,2.181,2.172,2.183,2.165
2024-09-12,2.173,2.162,2.181,2.16
2024-09-13,2.162,2.157,2.177,2.156
2024-09-18,2.157,2.17,2.179,2.155
2024-09-19,2.173,2.184,2.195,2.15
2024-09-20,2.18,2.188,2.195,2.164
2024-09-23,2.186,2.195,2.208,2.184
2024-09-24,2.221,2.315,2.315,2.21
2024-09-25,2.35,2.345,2.389,2.339
2024-09-26,2.342,2.483,2.485,2.342
2024-09-27,2.526,2.589,2.683,2.473
2024-09-30,2.666,2.774,2.809,2.587
2024-10-08,3.065,2.843,3.065,2.774
2024-10-09,2.776,2.628,2.805,2.623
2024-10-10,2.651,2.717,2.785,2.644
2024-10-11,2.706,2.659,2.713,2.62
2024-10-14,2.67,2.692,2.71,2.643
2024-10-15,2.679,2.623,2.698,2.621
2024-10-16,2.604,2.619,2.648,2.598
2024-10-17,2.635,2.577,2.649,2.576
2024-10-18,2.58,2.66,2.727,2.555
2024-10-21,2.662,2.655,2.676,2.632
2024-10-22,2.654,2.666,2.682,2.647
2024-10-23,2.666,2.682,2.705,2.656
2024-10-24,2.669,2.654,2.674,2.642
2024-10-25,2.654,2.658,2.681,2.643
2024-10-28,2.657,2.66,2.661,2.629
2024-10-29,2.663,2.644,2.689,2.637
2024-10-30,2.634,2.608,2.649,2.596
2024-10-31,2.608,2.606,2.628,2.586
2024-11-01,2.6,2.627,2.648,2.6
2024-11-04,2.63,2.65,2.652,2.606
2024-11-05,2.643,2.706,2.707,2.633
2024-11-06,2.705,2.683,2.722,2.665
2024-11-07,2.662,2.79,2.793,2.661
2024-11-08,2.801,2.747,2.815,2.733
2024-11-11,2.721,2.729,2.733,2.686
2024-11-12,2.723,2.687,2.759,2.674
2024-11-13,2.674,2.703,2.714,2.672
2024-11-14,2.694,2.679,2.721,2.673
2024-11-15,2.673,2.643,2.686,2.642
2024-11-18,2.654,2.655,2.7,2.641
2024-11-19,2.651,2.643,2.658,2.608
2024-11-20,2.637,2.649,2.659,2.629
2024-11-21,2.645,2.656,2.66,2.637
2024-11-22,2.652,2.575,2.657,2.569
2024-11-25,2.577,2.552,2.592,2.537
2024-11-26,2.542,2.562,2.579,2.541
2024-11-27,2.562,2.594,2.596,2.552
2024-11-28,2.596,2.581,2.601,2.566
2024-11-29,2.582,2.597,2.632,2.581
2024-12-02,2.598,2.608,2.617,2.583
2024-12-03,2.608,2.622,2.63,2.595
2024-12-04,2.619,2.619,2.632,2.607
2024-12-05,2.61,2.607,2.62,2.599
2024-12-06,2.608,2.636,2.656,2.601
2024-12-09,2.633,2.639,2.66,2.627
2024-12-10,2.719,2.664,2.73,2.655
2024-12-11,2.657,2.646,2.667,2.642
2024-12-12,2.648,2.677,2.678,2.64
2024-12-13,2.661,2.61,2.662,2.602
2024-12-16,2.61,2.606,2.614,2.6
2024-12-17,2.602,2.62,2.642,2.602
2024-12-18,2.629,2.639,2.648,2.629
2024-12-19,2.62,2.629,2.639,2.607
2024-12-20,2.625,2.621,2.642,2.615
2024-12-23,2.621,2.644,2.661,2.621
2024-12-24,2.648,2.673,2.679,2.637
2024-12-25,2.68,2.684,2.698,2.673
2024-12-26,2.683,2.677,2.685,2.668
2024-12-27,2.674,2.674,2.689,2.66
2024-12-30,2.674,2.693,2.698,2.674
2024-12-31,2.692,2.658,2.699,2.656
2025-01-02,2.653,2.587,2.658,2.565
2025-01-03,2.583,2.561,2.592,2.549
2025-01-06,2.561,2.55,2.566,2.527
2025-01-07,2.549,2.565,2.568,2.54
2025-01-08,2.562,2.571,2.587,2.539
2025-01-09,2.569,2.558,2.571,2.547
2025-01-10,2.556,2.535,2.571,2.533
2025-01-13,2.523,2.527,2.536,2.506
2025-01-14,2.531,2.572,2.582,2.524
2025-01-15,2.566,2.566,2.58,2.56
2025-01-16,2.572,2.557,2.591,2.545
2025-01-17,2.55,2.557,2.571,2.536
2025-01-20,2.57,2.563,2.585,2.557
2025-01-21,2.572,2.56,2.574,2.552
2025-01-22,2.559,2.527,2.56,2.517
2025-01-23,2.543,2.543,2.584,2.538
2025-01-24,2.542,2.558,2.574,2.538
2025-01-27,2.562,2.563,2.575,2.558
2025-02-05,2.575,2.539,2.578,2.533
2025-02-06,2.539,2.558,2.565,2.532
2025-02-07,2.556,2.588,2.605,2.547
2025-02-10,2.588,2.598,2.607,2.584
2025-02-11,2.603,2.591,2.604,2.584
2025-02-12,2.59,2.618,2.624,2.585
2025-02-13,2.616,2.622,2.644,2.612
2025-02-14,2.618,2.639,2.643,2.613
2025-02-17,2.645,2.643,2.652,2.624
2025-02-18,2.64,2.633,2.658,2.622
2025-02-19,2.627,2.642,2.654,2.62
2025-02-20,2.639,2.628,2.639,2.619
2025-02-21,2.636,2.664,2.668,2.627
2025-02-24,2.66,2.651,2.67,2.638
2025-02-25,2.638,2.623,2.642,2.614
2025-02-26,2.627,2.646,2.648,2.623
2025-02-27,2.645,2.66,2.662,2.634
2025-02-28,2.652,2.625,2.67,2.619
2025-03-03,2.624,2.606,2.635,2.597
2025-03-04,2.595,2.598,2.606,2.585
2025-03-05,2.599,2.617,2.622,2.595
2025-03-06,2.629,2.66,2.67,2.628
2025-03-07,2.658,2.659,2.674,2.653
2025-03-10,2.659,2.647,2.661,2.629
2025-03-11,2.63,2.659,2.66,2.625
2025-03-12,2.659,2.65,2.666,2.644
2025-03-13,2.649,2.643,2.662,2.632
2025-03-14,2.648,2.723,2.729,2.648
2025-03-17,2.732,2.718,2.738,2.713
2025-03-18,2.727,2.72,2.733,2.717
2025-03-19,2.717,2.729,2.739,2.714
2025-03-20,2.73,2.699,2.731,2.692
2025-03-21,2.692,2.654,2.702,2.646
2025-03-24,2.653,2.672,2.675,2.652
2025-03-25,2.675,2.672,2.678,2.665
2025-03-26,2.671,2.656,2.677,2.653
2025-03-27,2.655,2.67,2.685,2.652
2025-03-28,2.669,2.658,2.673,2.65
2025-03-31,2.653,2.645,2.672,2.636
2025-04-01,2.646,2.641,2.655,2.638
2025-04-02,2.638,2.636,2.649,2.631
2025-04-03,2.616,2.64,2.651,2.613
2025-04-07,2.54,2.491,2.58,2.41
2025-04-08,2.491,2.548,2.549,2.484
2025-04-09,2.53,2.568,2.573,2.514
2025-04-10,2.595,2.592,2.599,2.568
2025-04-11,2.581,2.597,2.6,2.572
2025-04-14,2.599,2.605,2.613,2.589
2025-04-15,2.601,2.611,2.616,2.591
2025-04-16,2.61,2.635,2.641,2.593
2025-04-17,2.622,2.638,2.666,2.619
2025-04-18,2.63,2.64,2.647,2.625
2025-04-21,2.635,2.631,2.652,2.631
2025-04-22,2.63,2.636,2.647,2.629
2025-04-23,2.643,2.628,2.646,2.624
2025-04-24,2.628,2.635,2.646,2.627
2025-04-25,2.637,2.63,2.644,2.622
2025-04-28,2.625,2.631,2.638,2.614
2025-04-29,2.63,2.626,2.635,2.62
2025-04-30,2.626,2.613,2.633,2.612
2025-05-06,2.629,2.627,2.63,2.614
2025-05-07,2.659,2.651,2.665,2.635
2025-05-08,2.644,2.662,2.677,2.641
2025-05-09,2.658,2.664,2.67,2.657
2025-05-12,2.67,2.683,2.694,2.664
2025-05-13,2.694,2.689,2.694,2.682
2025-05-14,2.691,2.737,2.752,2.689
2025-05-15,2.733,2.723,2.741,2.718
2025-05-16,2.718,2.698,2.724,2.687
2025-05-19,2.69,2.689,2.698,2.682
2025-05-20,2.69,2.7,2.713,2.689
2025-05-21,2.7,2.713,2.724,2.7
2025-05-22,2.708,2.716,2.722,2.701
2025-05-23,2.714,2.695,2.727,2.693
2025-05-26,2.69,2.684,2.705,2.676
2025-05-27,2.683,2.67,2.691,2.667
2025-05-28,2.67,2.667,2.674,2.663
2025-05-29,2.668,2.674,2.689,2.661
2025-05-30,2.673,2.669,2.678,2.65
2025-06-03,2.66,2.668,2.681,2.654
2025-06-04,2.671,2.675,2.684,2.668
2025-06-05,2.68,2.674,2.681,2.665
2025-06-06,2.678,2.676,2.688,2.671
2025-06-09,2.678,2.676,2.687,2.667
2025-06-10,2.678,2.662,2.687,2.655
2025-06-11,2.662,2.682,2.696,2.661
2025-06-12,2.678,2.68,2.686,2.661
2025-06-13,2.675,2.666,2.68,2.656
2025-06-16,2.657,2.673,2.677,2.655
2025-06-17,2.672,2.673,2.676,2.66
2025-06-18,2.672,2.67,2.68,2.659
2025-06-19,2.666,2.653,2.668,2.647
2025-06-20,2.655,2.669,2.675,2.654
2025-06-23,2.663,2.682,2.691,2.653
2025-06-24,2.682,2.712,2.73,2.681
2025-06-25,2.714,2.752,2.754,2.708
2025-06-26,2.75,2.746,2.754,2.742
2025-06-27,2.749,2.715,2.759,2.712
2025-06-30,2.715,2.727,2.729,2.707
2025-07-01,2.726,2.73,2.735,2.72
2025-07-02,2.731,2.736,2.743,2.724
2025-07-03,2.738,2.74,2.743,2.728
2025-07-04,2.738,2.756,2.778,2.729
2025-07-07,2.751,2.748,2.753,2.74
2025-07-08,2.747,2.765,2.77,2.747
2025-07-09,2.767,2.762,2.777,2.757
2025-07-10,2.759,2.778,2.799,2.758
2025-07-11,2.78,2.791,2.838,2.778
2025-07-14,2.79,2.789,2.804,2.787
2025-07-15,2.789,2.775,2.796,2.759
2025-07-16,2.775,2.77,2.786,2.759
2025-07-17,2.769,2.779,2.78,2.765
2025-07-18,2.784,2.804,2.809,2.782
2025-07-21,2.807,2.81,2.816,2.8
2025-07-22,2.812,2.834,2.836,2.799
2025-07-23,2.835,2.841,2.866,2.834
2025-07-24,2.841,2.853,2.862,2.833
2025-07-25,2.853,2.836,2.853,2.827
2025-07-28,2.837,2.849,2.853,2.828
2025-07-29,2.845,2.854,2.858,2.836
2025-07-30,2.85,2.863,2.888,2.843
2025-07-31,2.854,2.819,2.854,2.808
2025-08-01,2.813,2.796,2.822,2.789
2025-08-04,2.788,2.81,2.811,2.787
2025-08-05,2.81,2.832,2.836,2.808
2025-08-06,2.83,2.838,2.843,2.827
2025-08-07,2.84,2.841,2.851,2.828
2025-08-08,2.836,2.83,2.843,2.825
2025-08-11,2.832,2.832,2.844,2.825
2025-08-12,2.833,2.852,2.86,2.833
2025-08-13,2.852,2.86,2.874,2.85
2025-08-14,2.863,2.874,2.902,2.862
2025-08-15,2.868,2.885,2.897,2.858
2025-08-18,2.89,2.891,2.912,2.876
2025-08-19,2.889,2.857,2.905,2.855
2025-08-20,2.854,2.895,2.896,2.841
2025-08-21,2.899,2.91,2.919,2.896
2025-08-22,2.912,2.986,2.987,2.912
2025-08-25,2.999,3.044,3.048,2.994
2025-08-26,3.041,3.021,3.041,3.014
2025-08-27,3.023,2.971,3.036,2.967
2025-08-28,2.966,3.015,3.017,2.955
2025-08-29,3.005,3.032,3.042,3.001
2025-09-01,3.035,3.033,3.042,3.016
2025-09-02,3.035,3.048,3.061,3.02
2025-09-03,3.048,3.007,3.057,2.984
2025-09-04,3.003,2.954,3.006,2.923
2025-09-05,2.953,2.992,3.0,2.947
2025-09-08,2.99,2.987,3.003,2.971
2025-09-09,2.98,2.979,3.0,2.964
2025-09-10,2.976,2.992,3.008,2.974
2025-09-11,2.98,3.042,3.044,2.966
2025-09-12,3.044,3.024,3.056,3.017
2025-09-15,3.029,3.017,3.038,3.009
2025-09-16,3.02,3.002,3.028,2.995
2025-09-17,2.998,3.008,3.014,2.987
2025-09-18,3.012,2.968,3.028,2.94
2025-09-19,2.96,2.965,2.985,2.958
2025-09-22,2.964,2.974,2.981,2.952
2025-09-23,2.972,2.974,2.99,2.943
2025-09-24,2.964,2.992,2.997,2.962
2025-09-25,2.994,3.007,3.017,2.992
2025-09-26,2.997,2.997,3.016,2.992
2025-09-29,2.992,3.029,3.058,2.974
2025-09-30,3.037,3.046,3.048,3.032
2025-10-09,3.057,3.081,3.089,3.041
2025-10-10,3.065,3.032,3.069,3.022
2025-10-13,2.971,3.021,3.028,2.971
2025-10-14,3.035,3.02,3.052,3.006
2025-10-15,3.022,3.058,3.063,3.014
2025-10-16,3.054,3.079,3.088,3.05
2025-10-17,3.078,3.03,3.083,3.018
2025-10-20,3.041,3.031,3.054,3.023
2025-10-21,3.038,3.064,3.072,3.034
2025-10-22,3.047,3.068,3.073,3.042
2025-10-23,3.065,3.087,3.092,3.041
2025-10-24,3.095,3.112,3.119,3.091
2025-10-27,3.128,3.136,3.145,3.12
2025-10-28,3.132,3.116,3.143,3.11
2025-10-29,3.118,3.13,3.132,3.114
2025-10-30,3.125,3.113,3.143,3.108
2025-10-31,3.114,3.08,3.117,3.076
2025-11-03,3.073,3.081,3.084,3.052
2025-11-04,3.08,3.076,3.093,3.061
2025-11-05,3.053,3.07,3.084,3.045
2025-11-06,3.078,3.11,3.115,3.074
2025-11-07,3.103,3.106,3.116,3.101
2025-11-10,3.109,3.121,3.123,3.094
2025-11-11,3.125,3.1,3.128,3.089
2025-11-12,3.098,3.117,3.126,3.098
2025-11-13,3.111,3.141,3.145,3.11
2025-11-14,3.13,3.103,3.143,3.102
2025-11-17,3.102,3.079,3.103,3.066
2025-11-18,3.072,3.07,3.088,3.059
2025-11-19,3.066,3.085,3.098,3.066
2025-11-20,3.097,3.076,3.106,3.07
2025-11-21,3.057,3.021,3.093,3.015
2025-11-24,3.025,3.014,3.03,3.006
2025-11-25,3.024,3.03,3.038,3.016
2025-11-26,3.033,3.034,3.17,3.031
2025-11-27,3.038,3.032,3.054,3.029
2025-11-28,3.031,3.033,3.038,3.017
2025-12-01,3.037,3.057,3.058,3.034
2025-12-02,3.057,3.042,3.058,3.035
2025-12-03,3.04,3.028,3.048,3.02
2025-12-04,3.032,3.036,3.045,3.022
2025-12-05,3.036,3.065,3.078,3.033
2025-12-08,3.072,3.084,3.098,3.071
2025-12-09,3.08,3.062,3.082,3.055
2025-12-10,3.058,3.052,3.062,3.033
2025-12-11,3.057,3.04,3.062,3.029
2025-12-12,3.045,3.054,3.059,3.03
2025-12-15,3.046,3.053,3.083,3.042
2025-12-16,3.051,3.023,3.052,3.009
2025-12-17,3.025,3.058,3.074,3.014
2025-12-18,3.053,3.064,3.069,3.046
2025-12-19,3.065,3.078,3.09,3.058
2025-12-22,3.083,3.092,3.1,3.082
2025-12-23,3.096,3.098,3.113,3.089
2025-12-24,3.097,3.099,3.105,3.084
2025-12-25,3.096,3.107,3.113,3.09
2025-12-26,3.108,3.12,3.134,3.106
2025-12-29,3.12,3.109,3.13,3.101
2025-12-30,3.1,3.108,3.123,3.094
2025-12-31,3.11,3.105,3.124,3.097
2026-01-05,3.116,3.174,3.182,3.116
2026-01-06,3.18,3.235,3.236,3.177
2026-01-07,3.236,3.22,3.238,3.206
2026-01-08,3.212,3.198,3.218,3.182
2026-01-09,3.197,3.209,3.223,3.188
2026-01-12,3.215,3.218,3.225,3.2
2026-01-13,3.223,3.214,3.256,3.2
2026-01-14,3.216,3.187,3.249,3.179
2026-01-15,3.18,3.18,3.205,3.17
2026-01-16,3.193,3.16,3.207,3.142
2026-01-19,3.153,3.153,3.174,3.142
2026-01-20,3.152,3.15,3.167,3.135
2026-01-21,3.147,3.145,3.175,3.136
2026-01-22,3.153,3.131,3.166,3.124
2026-01-23,3.135,3.106,3.141,3.094
2026-01-26,3.115,3.129,3.166,3.111
2026-01-27,3.13,3.131,3.158,3.123
2026-01-28,3.141,3.138,3.152,3.123
2026-01-29,3.145,3.196,3.203,3.128
2026-01-30,3.175,3.147,3.186,3.116
2026-02-02,3.13,3.08,3.154,3.071
2026-02-03,3.098,3.108,3.111,3.063
2026-02-04,3.107,3.147,3.148,3.103
2026-02-05,3.129,3.137,3.145,3.106
2026-02-06,3.11,3.115,3.135,3.092
2026-02-09,3.14,3.161,3.162,3.135
2026-02-10,3.165,3.17,3.171,3.159
2026-02-11,3.165,3.17,3.174,3.156
2026-02-12,3.171,3.161,3.176,3.158
2026-02-13,3.149,3.114,3.15,3.111
2026-02-24,3.15,3.119,3.154,3.118
2026-02-25,3.121,3.134,3.162,3.121
2026-02-26,3.136,3.115,3.14,3.101
2026-02-27,3.108,3.123,3.128,3.104
2026-03-02,3.113,3.125,3.131,3.086
2026-03-03,3.122,3.096,3.137,3.089
2026-03-04,3.07,3.051,3.077,3.03
2026-03-05,3.066,3.066,3.078,3.054
2026-03-06,3.055,3.068,3.079,3.047
2026-03-09,3.04,3.041,3.05,3.005
2026-03-10,3.047,3.06,3.064,3.047
2026-03-11,3.06,3.062,3.066,3.048
2026-03-12,3.058,3.047,3.061,3.03
2026-03-13,3.038,3.035,3.055,3.027
2026-03-16,3.03,3.028,3.032,3.003
2026-03-17,3.03,3.039,3.072,3.028
2026-03-18,3.045,3.035,3.05,3.015
2026-03-19,3.01,2.993,3.018,2.983
2026-03-20,2.99,2.957,3.001,2.955
2026-03-23,2.924,2.868,2.931,2.851
2026-03-24,2.88,2.9,2.902,2.862
2026-03-25,2.911,2.93,2.935,2.91
2026-03-26,2.927,2.897,2.935,2.89
2026-03-27,2.877,2.909,2.919,2.876
2026-03-30,2.886,2.905,2.908,2.875
2026-03-31,2.912,2.902,2.939,2.9
2026-04-01,2.93,2.951,2.957,2.929
2026-04-02,2.945,2.926,2.947,2.911
2026-04-03,2.93,2.901,2.932,2.898
2026-04-07,2.901,2.9,2.915,2.895
2026-04-08,2.94,2.978,2.982,2.938
2026-04-09,2.964,2.958,2.964,2.95
2026-04-10,2.967,2.972,2.989,2.966
2026-04-13,2.966,2.972,2.975,2.956
2026-04-14,2.988,2.997,2.999,2.972
2026-04-15,3.008,3.008,3.027,3.005
2026-04-16,3.01,3.014,3.024,3.004
2026-04-17,2.999,2.982,3.004,2.98
2026-04-20,2.982,3.007,3.011,2.981
2026-04-21,3.006,3.006,3.01,2.992
2026-04-22,2.998,3.005,3.01,2.996
2026-04-23,3.006,3.001,3.014,2.984
2026-04-24,2.995,3.018,3.024,2.986
2026-04-27,3.015,3.013,3.031,3.007
2026-04-28,3.008,3.024,3.037,3.006
2026-04-29,3.019,3.041,3.046,3.014
2026-04-30,3.042,3.062,3.065,3.037
2026-05-06,3.079,3.1,3.116,3.077
2026-05-07,3.107,3.103,3.115,3.094
2026-05-08,3.092,3.075,3.093,3.061
2026-05-11,3.09,3.116,3.123,3.081
2026-05-12,3.116,3.119,3.131,3.108
2026-05-13,3.107,3.123,3.127,3.093
2026-05-14,3.131,3.074,3.133,3.072
2026-05-15,3.065,3.035,3.076,3.018
2026-05-18,3.02,3.008,3.03,2.992
2026-05-19,3.005,3.026,3.028,2.99
2026-05-20,3.012,3.029,3.037,3.01
2026-05-21,3.043,2.994,3.072,2.992
2026-05-22,3.005,2.995,3.01,2.982
2026-05-25,3.003,3.039,3.041,3.0
2026-05-26,3.033,3.046,3.049,3.019
2026-05-27,3.042,3.008,3.051,2.993
2026-05-28,3.0,2.985,3.003,2.966
2026-05-29,2.988,2.997,3.013,2.984
2026-06-01,2.999,2.968,2.999,2.961
2026-06-02,2.97,2.993,3.008,2.966
2026-06-03,2.992,2.996,3.014,2.981
2026-06-04,2.98,2.964,2.993,2.957
2026-06-05,2.958,2.94,2.985,2.934
2026-06-08,2.909,2.901,2.923,2.881
2026-06-09,2.904,2.917,2.918,2.888
2026-06-10,2.904,2.931,2.941,2.904
2026-06-11,2.927,2.928,2.935,2.91
2026-06-12,2.945,2.982,2.993,2.936
2026-06-15,3.002,3.024,3.035,2.999
2026-06-16,3.022,2.993,3.022,2.984
2026-06-17,2.988,3.015,3.016,2.983
2026-06-18,3.005,3.017,3.036,3.003
2026-06-22,3.014,3.097,3.098,2.998
2026-06-23,3.089,3.005,3.103,2.992
2026-06-24,2.998,3.024,3.027,2.998
2026-06-25,3.023,3.059,3.073,3.018
2026-06-26,3.041,3.0,3.055,2.977
2026-06-29,2.995,3.083,3.083,2.993
2026-06-30,3.07,3.083,3.087,3.054
2026-07-01,3.074,3.074,3.109,3.056
2026-07-02,3.038,3.003,3.053,2.994
2026-07-03,3.003,3.023,3.048,3.003
2026-07-06,3.037,3.046,3.057,3.012
2026-07-07,3.025,3.012,3.044,3.0
2026-07-08,3.017,3.009,3.047,3.006
2026-07-09,3.014,3.089,3.094,3.012
2026-07-10,3.088,3.057,3.125,3.053
2026-07-13,3.042,3.011,3.051,3.0
2026-07-14,3.008,3.058,3.058,2.97
2026-07-15,3.044,3.064,3.086,3.044
2026-07-16,3.03,3.004,3.051,2.99
2026-07-17,2.985,2.931,2.996,2.916
2026-07-20,2.956,3.007,3.012,2.956
2026-07-21,3.051,3.079,3.079,3.008
2026-07-22,3.057,3.086,3.118,3.056
2026-07-23,3.104,3.084,3.107,3.074
2026-07-24,3.07,3.05,3.078,3.046
2026-07-27,3.068,3.054,3.099,3.026
2026-07-28,3.025,3.022,3.036,3.005
2026-07-29,3.033,3.023,3.048,2.991
2026-07-30,3.006,3.026,3.039,2.987
2026-07-31,3.05,3.033,3.059,3.026
2026-08-03,3.018,2.99,3.029,2.98
2026-08-04,2.999,2.983,3.0,2.975
