date,open,close,high,low
2012-05-28,1.671,1.724,1.727,1.664
2012-05-29,1.722,1.764,1.781,1.722
2012-05-30,1.762,1.756,1.767,1.753
2012-05-31,1.741,1.75,1.765,1.733
2012-06-01,1.749,1.75,1.78,1.74
2012-06-04,1.721,1.678,1.724,1.675
2012-06-05,1.682,1.681,1.692,1.676
2012-06-06,1.683,1.679,1.694,1.668
2012-06-07,1.698,1.663,1.703,1.656
2012-06-08,1.678,1.654,1.68,1.65
2012-06-11,1.663,1.684,1.697,1.656
2012-06-12,1.67,1.668,1.682,1.658
2012-06-13,1.68,1.705,1.708,1.67
2012-06-14,1.7,1.694,1.718,1.691
2012-06-15,1.702,1.704,1.714,1.677
2012-06-18,1.709,1.712,1.728,1.708
2012-06-19,1.71,1.693,1.71,1.692
2012-06-20,1.7,1.69,1.707,1.69
2012-06-21,1.683,1.65,1.684,1.637
2012-06-25,1.647,1.6,1.647,1.596
2012-06-26,1.592,1.6,1.605,1.582
2012-06-27,1.598,1.591,1.613,1.59
2012-06-28,1.6,1.577,1.606,1.575
2012-06-29,1.571,1.605,1.608,1.568
2012-07-02,1.615,1.605,1.615,1.596
2012-07-03,1.608,1.609,1.636,1.602
2012-07-04,1.614,1.609,1.624,1.604
2012-07-05,1.599,1.581,1.599,1.572
2012-07-06,1.586,1.621,1.632,1.572
2012-07-09,1.609,1.571,1.619,1.568
2012-07-10,1.569,1.561,1.573,1.558
2012-07-11,1.558,1.572,1.578,1.555
2012-07-12,1.566,1.594,1.607,1.557
2012-07-13,1.593,1.598,1.616,1.591
2012-07-16,1.601,1.558,1.602,1.557
2012-07-17,1.557,1.563,1.569,1.551
2012-07-18,1.561,1.563,1.571,1.526
2012-07-19,1.561,1.571,1.593,1.557
2012-07-20,1.565,1.553,1.571,1.547
2012-07-23,1.531,1.523,1.531,1.512
2012-07-24,1.517,1.528,1.543,1.515
2012-07-25,1.52,1.513,1.534,1.51
2012-07-26,1.515,1.502,1.527,1.5
2012-07-27,1.509,1.505,1.516,1.497
2012-07-30,1.509,1.497,1.519,1.492
2012-07-31,1.498,1.491,1.505,1.486
2012-08-01,1.492,1.509,1.521,1.492
2012-08-02,1.506,1.491,1.509,1.479
2012-08-03,1.495,1.505,1.506,1.488
2012-08-06,1.503,1.536,1.54,1.502
2012-08-07,1.535,1.539,1.541,1.532
2012-08-08,1.543,1.541,1.556,1.536
2012-08-09,1.542,1.565,1.568,1.532
2012-08-10,1.567,1.558,1.567,1.553
2012-08-13,1.551,1.512,1.551,1.509
2012-08-14,1.513,1.508,1.516,1.48
2012-08-15,1.503,1.486,1.503,1.484
2012-08-16,1.487,1.479,1.49,1.477
2012-08-17,1.479,1.469,1.48,1.455
2012-08-20,1.453,1.456,1.463,1.362
2012-08-21,1.456,1.465,1.487,1.453
2012-08-22,1.467,1.448,1.469,1.443
2012-08-23,1.453,1.459,1.468,1.442
2012-08-24,1.45,1.436,1.452,1.433
2012-08-27,1.425,1.388,1.425,1.387
2012-08-28,1.385,1.388,1.404,1.38
2012-08-29,1.382,1.373,1.394,1.37
2012-08-30,1.366,1.363,1.375,1.346
2012-08-31,1.36,1.363,1.371,1.358
2012-09-03,1.358,1.377,1.39,1.353
2012-09-04,1.381,1.353,1.387,1.352
2012-09-05,1.353,1.352,1.361,1.343
2012-09-06,1.355,1.374,1.374,1.352
2012-09-07,1.387,1.477,1.505,1.387
2012-09-10,1.48,1.485,1.49,1.473
2012-09-11,1.469,1.467,1.47,1.451
2012-09-12,1.485,1.479,1.498,1.454
2012-09-13,1.472,1.456,1.483,1.455
2012-09-14,1.474,1.472,1.49,1.455
2012-09-17,1.466,1.417,1.468,1.415
2012-09-18,1.402,1.389,1.407,1.382
2012-09-19,1.389,1.398,1.404,1.382
2012-09-20,1.393,1.349,1.393,1.346
2012-09-21,1.341,1.348,1.37,1.339
2012-09-24,1.334,1.368,1.383,1.324
2012-09-25,1.361,1.365,1.377,1.355
2012-09-26,1.363,1.341,1.372,1.338
2012-09-27,1.345,1.405,1.456,1.344
2012-09-28,1.391,1.458,1.459,1.385
2012-10-08,1.455,1.423,1.459,1.41
2012-10-09,1.435,1.476,1.488,1.435
2012-10-10,1.467,1.476,1.48,1.459
2012-10-11,1.468,1.46,1.476,1.455
2012-10-12,1.468,1.458,1.488,1.441
2012-10-15,1.464,1.45,1.464,1.435
2012-10-16,1.449,1.451,1.472,1.441
2012-10-17,1.463,1.46,1.468,1.437
2012-10-18,1.465,1.489,1.496,1.464
2012-10-19,1.486,1.489,1.495,1.483
2012-10-22,1.479,1.498,1.504,1.472
2012-10-23,1.497,1.471,1.499,1.469
2012-10-24,1.465,1.467,1.479,1.462
2012-10-25,1.467,1.448,1.477,1.447
2012-10-26,1.449,1.396,1.452,1.388
2012-10-29,1.392,1.385,1.399,1.378
2012-10-30,1.388,1.39,1.409,1.383
2012-10-31,1.392,1.406,1.408,1.385
2012-11-01,1.411,1.454,1.464,1.407
2012-11-02,1.454,1.459,1.463,1.438
2012-11-05,1.457,1.453,1.477,1.443
2012-11-06,1.458,1.444,1.46,1.411
2012-11-07,1.44,1.442,1.458,1.429
2012-11-08,1.427,1.4,1.43,1.399
2012-11-09,1.396,1.394,1.405,1.389
2012-11-12,1.396,1.402,1.409,1.384
2012-11-13,1.402,1.367,1.402,1.362
2012-11-14,1.37,1.373,1.376,1.363
2012-11-15,1.364,1.346,1.375,1.344
2012-11-16,1.343,1.325,1.344,1.316
2012-11-19,1.324,1.325,1.327,1.303
2012-11-20,1.331,1.319,1.335,1.315
2012-11-21,1.32,1.346,1.349,1.306
2012-11-22,1.332,1.333,1.337,1.32
2012-11-23,1.337,1.345,1.355,1.334
2012-11-26,1.341,1.331,1.342,1.323
2012-11-27,1.322,1.307,1.326,1.306
2012-11-28,1.302,1.283,1.302,1.28
2012-11-29,1.288,1.275,1.293,1.274
2012-11-30,1.27,1.285,1.292,1.267
2012-12-03,1.288,1.265,1.3,1.263
2012-12-04,1.26,1.282,1.286,1.258
2012-12-05,1.281,1.358,1.372,1.278
2012-12-06,1.359,1.355,1.366,1.346
2012-12-07,1.355,1.4,1.407,1.353
2012-12-10,1.413,1.421,1.427,1.405
2012-12-11,1.412,1.414,1.426,1.408
2012-12-12,1.416,1.419,1.426,1.406
2012-12-13,1.41,1.401,1.417,1.399
2012-12-14,1.399,1.516,1.52,1.399
2012-12-17,1.518,1.523,1.528,1.512
2012-12-18,1.523,1.519,1.56,1.503
2012-12-19,1.518,1.525,1.54,1.513
2012-12-20,1.517,1.541,1.551,1.505
2012-12-21,1.549,1.531,1.566,1.519
2012-12-24,1.53,1.533,1.551,1.525
2012-12-25,1.525,1.599,1.612,1.521
2012-12-26,1.595,1.606,1.608,1.594
2012-12-27,1.618,1.601,1.634,1.6
2012-12-28,1.608,1.637,1.639,1.601
2012-12-31,1.645,1.677,1.682,1.645
2013-01-04,1.707,1.683,1.713,1.652
2013-01-07,1.675,1.687,1.697,1.669
2013-01-08,1.686,1.676,1.692,1.656
2013-01-09,1.672,1.674,1.687,1.657
2013-01-10,1.675,1.68,1.706,1.663
2013-01-11,1.687,1.642,1.693,1.631
2013-01-14,1.642,1.73,1.741,1.635
2013-01-15,1.732,1.745,1.756,1.731
2013-01-16,1.744,1.726,1.749,1.689
2013-01-17,1.722,1.71,1.727,1.69
2013-01-18,1.726,1.748,1.763,1.705
2013-01-21,1.753,1.757,1.762,1.733
2013-01-22,1.752,1.753,1.769,1.73
2013-01-23,1.752,1.758,1.763,1.733
2013-01-24,1.758,1.741,1.819,1.721
2013-01-25,1.741,1.729,1.744,1.726
2013-01-28,1.736,1.799,1.8,1.736
2013-01-29,1.802,1.819,1.832,1.798
2013-01-30,1.826,1.834,1.836,1.814
2013-01-31,1.845,1.841,1.85,1.823
2013-02-01,1.832,1.893,1.898,1.824
2013-02-04,1.901,1.898,1.916,1.885
2013-02-05,1.885,1.918,1.933,1.883
2013-02-06,1.92,1.926,1.933,1.917
2013-02-07,1.923,1.913,1.926,1.878
2013-02-08,1.92,1.922,1.94,1.902
2013-02-18,1.928,1.881,1.931,1.875
2013-02-19,1.883,1.837,1.888,1.824
2013-02-20,1.838,1.849,1.85,1.821
2013-02-21,1.823,1.753,1.823,1.729
2013-02-22,1.756,1.745,1.764,1.74
2013-02-25,1.752,1.749,1.779,1.735
2013-02-26,1.733,1.711,1.778,1.706
2013-02-27,1.722,1.735,1.763,1.718
2013-02-28,1.759,1.822,1.826,1.743
2013-03-01,1.822,1.819,1.83,1.772
2013-03-04,1.785,1.693,1.787,1.68
2013-03-05,1.698,1.766,1.769,1.694
2013-03-06,1.784,1.794,1.811,1.767
2013-03-07,1.783,1.762,1.803,1.737
2013-03-08,1.778,1.758,1.782,1.751
2013-03-11,1.74,1.74,1.76,1.72
2013-03-12,1.74,1.703,1.768,1.678
2013-03-13,1.699,1.675,1.702,1.662
2013-03-14,1.662,1.68,1.695,1.658
2013-03-15,1.686,1.682,1.757,1.653
2013-03-18,1.675,1.655,1.697,1.653
2013-03-19,1.659,1.677,1.685,1.643
2013-03-20,1.678,1.754,1.756,1.678
2013-03-21,1.76,1.761,1.775,1.749
2013-03-22,1.762,1.768,1.777,1.751
2013-03-25,1.778,1.764,1.791,1.753
2013-03-26,1.751,1.721,1.756,1.698
2013-03-27,1.723,1.727,1.762,1.712
2013-03-28,1.69,1.647,1.69,1.643
2013-03-29,1.655,1.64,1.66,1.633
2013-04-01,1.631,1.636,1.658,1.63
2013-04-02,1.642,1.64,1.676,1.623
2013-04-03,1.648,1.635,1.662,1.625
2013-04-08,1.603,1.623,1.627,1.586
2013-04-09,1.63,1.638,1.662,1.63
2013-04-10,1.638,1.638,1.644,1.622
2013-04-11,1.661,1.627,1.665,1.626
2013-04-12,1.629,1.619,1.638,1.616
2013-04-15,1.613,1.594,1.618,1.586
2013-04-16,1.582,1.609,1.613,1.574
2013-04-17,1.608,1.615,1.617,1.592
2013-04-18,1.592,1.62,1.639,1.591
2013-04-19,1.624,1.69,1.701,1.623
2013-04-22,1.688,1.682,1.695,1.673
2013-04-23,1.682,1.605,1.682,1.6
2013-04-24,1.606,1.647,1.667,1.6
2013-04-25,1.636,1.621,1.662,1.608
2013-04-26,1.632,1.598,1.641,1.587
2013-05-02,1.58,1.6,1.603,1.571
2013-05-03,1.611,1.644,1.677,1.606
2013-05-06,1.653,1.673,1.686,1.652
2013-05-07,1.671,1.679,1.691,1.656
2013-05-08,1.696,1.695,1.72,1.684
2013-05-09,1.691,1.682,1.697,1.661
2013-05-10,1.671,1.692,1.7,1.67
2013-05-13,1.694,1.682,1.702,1.666
2013-05-14,1.677,1.645,1.681,1.626
2013-05-15,1.646,1.657,1.658,1.643
2013-05-16,1.652,1.708,1.709,1.64
2013-05-17,1.708,1.752,1.756,1.7
2013-05-20,1.759,1.767,1.785,1.749
2013-05-21,1.768,1.767,1.772,1.752
2013-05-22,1.77,1.77,1.783,1.76
2013-05-23,1.754,1.742,1.781,1.732
2013-05-24,1.753,1.756,1.771,1.724
2013-05-27,1.75,1.75,1.765,1.74
2013-05-28,1.751,1.804,1.805,1.739
2013-05-29,1.81,1.795,1.82,1.794
2013-05-30,1.795,1.788,1.8,1.776
2013-05-31,1.789,1.758,1.798,1.753
2013-06-03,1.762,1.763,1.785,1.755
2013-06-04,1.76,1.725,1.761,1.717
2013-06-05,1.724,1.718,1.73,1.709
2013-06-06,1.71,1.693,1.721,1.691
2013-06-07,1.694,1.647,1.701,1.635
2013-06-13,1.61,1.57,1.61,1.544
2013-06-14,1.577,1.587,1.594,1.564
2013-06-17,1.596,1.572,1.6,1.568
2013-06-18,1.578,1.588,1.595,1.561
2013-06-19,1.578,1.574,1.578,1.537
2013-06-20,1.558,1.498,1.56,1.493
2013-06-21,1.459,1.487,1.501,1.447
2013-06-24,1.474,1.344,1.476,1.336
2013-06-25,1.318,1.345,1.347,1.193
2013-06-26,1.345,1.34,1.352,1.305
2013-06-27,1.355,1.341,1.378,1.335
2013-06-28,1.359,1.381,1.415,1.323
2013-07-01,1.357,1.39,1.395,1.343
2013-07-02,1.389,1.397,1.403,1.367
2013-07-03,1.391,1.392,1.393,1.349
2013-07-04,1.375,1.408,1.433,1.361
2013-07-05,1.413,1.416,1.439,1.407
2013-07-08,1.385,1.355,1.395,1.349
2013-07-09,1.353,1.35,1.364,1.342
2013-07-10,1.35,1.411,1.412,1.344
2013-07-11,1.433,1.524,1.564,1.428
2013-07-12,1.521,1.465,1.53,1.464
2013-07-15,1.48,1.498,1.535,1.468
2013-07-16,1.489,1.512,1.513,1.472
2013-07-17,1.505,1.477,1.524,1.473
2013-07-18,1.469,1.441,1.476,1.431
2013-07-19,1.442,1.378,1.455,1.377
2013-07-22,1.353,1.392,1.398,1.335
2013-07-23,1.4,1.462,1.479,1.4
2013-07-24,1.458,1.445,1.46,1.41
2013-07-25,1.458,1.439,1.473,1.424
2013-07-26,1.423,1.418,1.437,1.404
2013-07-29,1.398,1.374,1.398,1.368
2013-07-30,1.391,1.387,1.424,1.365
2013-07-31,1.406,1.392,1.439,1.385
2013-08-01,1.413,1.451,1.452,1.402
2013-08-02,1.476,1.447,1.482,1.442
2013-08-05,1.453,1.48,1.482,1.44
2013-08-06,1.469,1.495,1.508,1.453
2013-08-07,1.493,1.479,1.518,1.474
2013-08-08,1.48,1.48,1.503,1.468
2013-08-09,1.491,1.49,1.506,1.455
2013-08-12,1.512,1.56,1.562,1.497
2013-08-13,1.559,1.56,1.563,1.543
2013-08-14,1.564,1.555,1.593,1.543
2013-08-15,1.553,1.527,1.564,1.522
2013-08-16,1.52,1.51,1.608,1.495
2013-08-19,1.501,1.53,1.546,1.487
2013-08-20,1.528,1.513,1.555,1.503
2013-08-21,1.523,1.513,1.529,1.49
2013-08-22,1.508,1.505,1.535,1.502
2013-08-23,1.518,1.49,1.526,1.454
2013-08-26,1.495,1.542,1.543,1.487
2013-08-27,1.537,1.542,1.548,1.522
2013-08-28,1.525,1.531,1.55,1.506
2013-08-29,1.543,1.524,1.547,1.509
2013-08-30,1.518,1.52,1.537,1.503
2013-09-02,1.525,1.522,1.533,1.503
2013-09-03,1.528,1.558,1.558,1.527
2013-09-04,1.554,1.557,1.56,1.55
2013-09-05,1.556,1.547,1.556,1.538
2013-09-06,1.542,1.561,1.565,1.542
2013-09-09,1.572,1.65,1.656,1.572
2013-09-10,1.65,1.683,1.688,1.645
2013-09-11,1.698,1.694,1.708,1.683
2013-09-12,1.691,1.719,1.738,1.682
2013-09-13,1.715,1.7,1.723,1.692
2013-09-16,1.713,1.687,1.716,1.677
2013-09-17,1.686,1.637,1.688,1.635
2013-09-18,1.637,1.64,1.644,1.613
2013-09-23,1.644,1.675,1.682,1.644
2013-09-24,1.675,1.651,1.675,1.623
2013-09-25,1.649,1.636,1.662,1.633
2013-09-26,1.627,1.595,1.629,1.59
2013-09-27,1.591,1.604,1.608,1.588
2013-09-30,1.611,1.62,1.64,1.605
2013-10-08,1.595,1.655,1.657,1.595
2013-10-09,1.643,1.658,1.658,1.637
2013-10-10,1.662,1.636,1.663,1.631
2013-10-11,1.647,1.676,1.682,1.645
2013-10-14,1.681,1.677,1.687,1.669
2013-10-15,1.681,1.674,1.683,1.655
2013-10-16,1.664,1.63,1.667,1.62
2013-10-17,1.642,1.617,1.646,1.616
2013-10-18,1.618,1.629,1.641,1.616
2013-10-21,1.634,1.682,1.685,1.626
2013-10-22,1.681,1.654,1.681,1.645
2013-10-23,1.657,1.627,1.683,1.619
2013-10-24,1.624,1.607,1.63,1.603
2013-10-25,1.608,1.568,1.617,1.554
2013-10-28,1.576,1.571,1.583,1.558
2013-10-29,1.575,1.574,1.612,1.535
2013-10-30,1.577,1.608,1.61,1.569
2013-10-31,1.602,1.584,1.602,1.575
2013-11-01,1.586,1.594,1.603,1.574
2013-11-04,1.604,1.587,1.614,1.581
2013-11-05,1.578,1.587,1.592,1.55
2013-11-06,1.579,1.559,1.588,1.555
2013-11-07,1.559,1.549,1.561,1.536
2013-11-08,1.542,1.513,1.549,1.508
2013-11-11,1.51,1.516,1.525,1.496
2013-11-12,1.524,1.54,1.546,1.518
2013-11-13,1.528,1.495,1.528,1.494
2013-11-14,1.495,1.502,1.505,1.485
2013-11-15,1.512,1.551,1.582,1.51
2013-11-18,1.57,1.63,1.631,1.561
2013-11-19,1.626,1.619,1.632,1.614
2013-11-20,1.637,1.63,1.643,1.611
2013-11-21,1.619,1.618,1.624,1.591
2013-11-22,1.621,1.604,1.628,1.598
2013-11-25,1.591,1.591,1.625,1.583
2013-11-26,1.592,1.59,1.603,1.582
2013-11-27,1.589,1.618,1.632,1.584
2013-11-28,1.625,1.644,1.67,1.623
2013-11-29,1.647,1.646,1.653,1.638
2013-12-02,1.637,1.623,1.669,1.602
2013-12-03,1.619,1.645,1.654,1.615
2013-12-04,1.649,1.677,1.692,1.643
2013-12-05,1.678,1.677,1.684,1.668
2013-12-06,1.672,1.66,1.674,1.652
2013-12-09,1.671,1.659,1.678,1.653
2013-12-10,1.661,1.658,1.672,1.652
2013-12-11,1.646,1.619,1.646,1.604
2013-12-12,1.618,1.614,1.626,1.611
2013-12-13,1.592,1.613,1.624,1.586
2013-12-16,1.615,1.573,1.619,1.57
2013-12-17,1.573,1.558,1.575,1.554
2013-12-18,1.56,1.56,1.57,1.556
2013-12-19,1.567,1.537,1.572,1.536
2013-12-20,1.539,1.486,1.54,1.48
2013-12-23,1.486,1.486,1.498,1.46
2013-12-24,1.494,1.489,1.517,1.466
2013-12-25,1.493,1.501,1.51,1.483
2013-12-26,1.498,1.469,1.5,1.462
2013-12-27,1.47,1.5,1.519,1.469
2013-12-30,1.513,1.502,1.513,1.492
2013-12-31,1.488,1.529,1.532,1.483
2014-01-02,1.522,1.521,1.528,1.509
2014-01-03,1.511,1.495,1.513,1.479
2014-01-06,1.488,1.439,1.488,1.433
2014-01-07,1.423,1.44,1.448,1.418
2014-01-08,1.44,1.438,1.462,1.425
2014-01-09,1.433,1.424,1.459,1.422
2014-01-10,1.422,1.408,1.426,1.402
2014-01-13,1.408,1.392,1.421,1.383
2014-01-14,1.392,1.407,1.414,1.378
2014-01-15,1.406,1.407,1.41,1.388
2014-01-16,1.403,1.408,1.424,1.397
2014-01-17,1.401,1.376,1.405,1.375
2014-01-20,1.375,1.365,1.379,1.354
2014-01-21,1.371,1.383,1.396,1.368
2014-01-22,1.386,1.443,1.444,1.385
2014-01-23,1.44,1.431,1.443,1.426
2014-01-24,1.423,1.443,1.456,1.421
2014-01-27,1.427,1.414,1.429,1.406
2014-01-28,1.421,1.416,1.433,1.403
2014-01-29,1.422,1.423,1.427,1.416
2014-01-30,1.419,1.392,1.423,1.391
2014-02-07,1.374,1.406,1.407,1.37
2014-02-10,1.416,1.47,1.472,1.416
2014-02-11,1.466,1.481,1.491,1.458
2014-02-12,1.482,1.485,1.491,1.474
2014-02-13,1.48,1.479,1.499,1.476
2014-02-14,1.481,1.487,1.488,1.474
2014-02-17,1.509,1.503,1.513,1.49
2014-02-18,1.504,1.476,1.504,1.47
2014-02-19,1.474,1.506,1.513,1.471
2014-02-20,1.511,1.486,1.528,1.484
2014-02-21,1.485,1.46,1.49,1.45
2014-02-24,1.431,1.409,1.437,1.389
2014-02-25,1.41,1.352,1.42,1.348
2014-02-26,1.342,1.355,1.357,1.334
2014-02-27,1.361,1.35,1.371,1.348
2014-02-28,1.349,1.372,1.379,1.325
2014-03-03,1.369,1.38,1.391,1.36
2014-03-04,1.375,1.375,1.38,1.359
2014-03-05,1.381,1.356,1.384,1.353
2014-03-06,1.354,1.367,1.374,1.33
2014-03-07,1.366,1.36,1.381,1.356
2014-03-10,1.34,1.293,1.34,1.29
2014-03-11,1.292,1.302,1.319,1.285
2014-03-12,1.294,1.304,1.323,1.29
2014-03-13,1.312,1.337,1.342,1.307
2014-03-14,1.322,1.319,1.332,1.309
2014-03-17,1.336,1.335,1.34,1.316
2014-03-18,1.337,1.333,1.346,1.331
2014-03-19,1.326,1.32,1.326,1.299
2014-03-20,1.32,1.283,1.334,1.282
2014-03-21,1.281,1.36,1.363,1.274
2014-03-24,1.357,1.37,1.381,1.345
2014-03-25,1.363,1.367,1.389,1.359
2014-03-26,1.374,1.367,1.379,1.36
2014-03-27,1.361,1.352,1.383,1.341
2014-03-28,1.352,1.351,1.368,1.34
2014-03-31,1.356,1.342,1.364,1.327
2014-04-01,1.34,1.354,1.37,1.336
2014-04-02,1.357,1.371,1.377,1.355
2014-04-03,1.381,1.356,1.39,1.355
2014-04-04,1.353,1.382,1.382,1.349
2014-04-08,1.376,1.434,1.441,1.373
2014-04-09,1.438,1.43,1.442,1.424
2014-04-10,1.434,1.466,1.488,1.421
2014-04-11,1.469,1.465,1.476,1.454
2014-04-14,1.465,1.464,1.471,1.452
2014-04-15,1.454,1.424,1.454,1.419
2014-04-16,1.424,1.424,1.442,1.414
2014-04-17,1.43,1.42,1.436,1.415
2014-04-18,1.41,1.416,1.425,1.392
2014-04-21,1.401,1.376,1.426,1.375
2014-04-22,1.376,1.391,1.393,1.359
2014-04-23,1.382,1.385,1.395,1.378
2014-04-24,1.385,1.389,1.404,1.382
2014-04-25,1.394,1.362,1.396,1.361
2014-04-28,1.361,1.332,1.368,1.33
2014-04-29,1.332,1.351,1.356,1.329
2014-04-30,1.349,1.35,1.355,1.344
2014-05-05,1.343,1.351,1.36,1.322
2014-05-06,1.349,1.348,1.37,1.341
2014-05-07,1.343,1.334,1.348,1.332
2014-05-08,1.331,1.33,1.368,1.327
2014-05-09,1.337,1.329,1.34,1.318
2014-05-12,1.343,1.372,1.379,1.335
2014-05-13,1.372,1.366,1.377,1.36
2014-05-14,1.367,1.366,1.379,1.364
2014-05-15,1.365,1.342,1.367,1.342
2014-05-16,1.341,1.341,1.35,1.332
2014-05-19,1.337,1.312,1.337,1.302
2014-05-20,1.321,1.31,1.329,1.306
2014-05-21,1.305,1.33,1.335,1.293
2014-05-22,1.331,1.324,1.361,1.323
2014-05-23,1.328,1.348,1.35,1.326
2014-05-26,1.36,1.355,1.371,1.343
2014-05-27,1.353,1.348,1.361,1.345
2014-05-28,1.349,1.37,1.371,1.338
2014-05-29,1.373,1.357,1.378,1.357
2014-05-30,1.357,1.355,1.368,1.347
2014-06-03,1.358,1.348,1.367,1.348
2014-06-04,1.348,1.329,1.348,1.319
2014-06-05,1.329,1.354,1.355,1.327
2014-06-06,1.352,1.336,1.353,1.322
2014-06-09,1.33,1.334,1.358,1.326
2014-06-10,1.343,1.363,1.364,1.335
2014-06-11,1.359,1.359,1.363,1.351
2014-06-12,1.354,1.357,1.364,1.352
2014-06-13,1.356,1.381,1.389,1.354
2014-06-16,1.382,1.395,1.404,1.381
2014-06-17,1.39,1.377,1.39,1.377
2014-06-18,1.377,1.367,1.382,1.366
2014-06-19,1.368,1.336,1.373,1.328
2014-06-20,1.337,1.344,1.348,1.333
2014-06-23,1.346,1.341,1.358,1.34
2014-06-24,1.341,1.359,1.36,1.341
2014-06-25,1.357,1.352,1.357,1.341
2014-06-26,1.353,1.362,1.368,1.353
2014-06-27,1.358,1.366,1.38,1.354
2014-06-30,1.372,1.38,1.388,1.372
2014-07-01,1.389,1.381,1.391,1.373
2014-07-02,1.382,1.391,1.391,1.373
2014-07-03,1.391,1.399,1.407,1.386
2014-07-04,1.399,1.399,1.403,1.392
2014-07-07,1.397,1.397,1.406,1.391
2014-07-08,1.392,1.4,1.4,1.385
2014-07-09,1.399,1.372,1.401,1.37
2014-07-10,1.373,1.37,1.376,1.365
2014-07-11,1.37,1.376,1.386,1.368
2014-07-14,1.381,1.406,1.407,1.376
2014-07-15,1.402,1.403,1.406,1.397
2014-07-16,1.404,1.402,1.414,1.401
2014-07-17,1.402,1.393,1.403,1.384
2014-07-18,1.39,1.404,1.414,1.388
2014-07-21,1.404,1.403,1.408,1.396
2014-07-22,1.401,1.429,1.439,1.397
2014-07-23,1.43,1.433,1.449,1.427
2014-07-24,1.438,1.481,1.482,1.438
2014-07-25,1.486,1.507,1.509,1.481
2014-07-28,1.511,1.569,1.582,1.511
2014-07-29,1.57,1.575,1.589,1.56
2014-07-30,1.565,1.567,1.585,1.564
2014-07-31,1.567,1.599,1.6,1.562
2014-08-01,1.593,1.57,1.621,1.569
2014-08-04,1.581,1.621,1.623,1.579
2014-08-05,1.622,1.614,1.624,1.598
2014-08-06,1.597,1.599,1.612,1.576
2014-08-07,1.606,1.573,1.609,1.57
2014-08-08,1.574,1.574,1.586,1.566
2014-08-11,1.585,1.607,1.613,1.579
2014-08-12,1.601,1.597,1.601,1.586
2014-08-13,1.603,1.604,1.613,1.579
2014-08-14,1.602,1.575,1.607,1.575
2014-08-15,1.579,1.605,1.616,1.577
2014-08-18,1.607,1.613,1.623,1.602
2014-08-19,1.617,1.615,1.619,1.598
2014-08-20,1.614,1.606,1.618,1.603
2014-08-21,1.606,1.597,1.609,1.582
2014-08-22,1.596,1.609,1.613,1.594
2014-08-25,1.612,1.588,1.613,1.583
2014-08-26,1.581,1.573,1.594,1.563
2014-08-27,1.571,1.572,1.58,1.569
2014-08-28,1.573,1.561,1.577,1.558
2014-08-29,1.561,1.584,1.586,1.561
2014-09-01,1.584,1.595,1.597,1.581
2014-09-02,1.597,1.631,1.637,1.591
2014-09-03,1.638,1.654,1.662,1.637
2014-09-04,1.657,1.677,1.678,1.651
2014-09-05,1.685,1.701,1.705,1.678
2014-09-09,1.702,1.695,1.703,1.686
2014-09-10,1.678,1.679,1.682,1.667
2014-09-11,1.679,1.665,1.715,1.658
2014-09-12,1.665,1.685,1.685,1.656
2014-09-15,1.671,1.678,1.683,1.662
2014-09-16,1.687,1.635,1.691,1.632
2014-09-17,1.646,1.643,1.65,1.629
2014-09-18,1.641,1.653,1.658,1.633
2014-09-19,1.653,1.673,1.681,1.65
2014-09-22,1.665,1.621,1.665,1.617
2014-09-23,1.624,1.646,1.65,1.624
2014-09-24,1.636,1.693,1.698,1.629
2014-09-25,1.701,1.68,1.715,1.673
2014-09-26,1.68,1.681,1.687,1.663
2014-09-29,1.68,1.692,1.694,1.676
2014-09-30,1.691,1.692,1.7,1.683
2014-10-08,1.699,1.719,1.721,1.685
2014-10-09,1.723,1.72,1.73,1.706
2014-10-10,1.707,1.708,1.722,1.698
2014-10-13,1.697,1.694,1.7,1.668
2014-10-14,1.692,1.685,1.706,1.679
2014-10-15,1.684,1.701,1.706,1.672
2014-10-16,1.69,1.692,1.72,1.682
2014-10-17,1.692,1.681,1.698,1.657
2014-10-20,1.686,1.692,1.693,1.68
2014-10-21,1.692,1.676,1.699,1.674
2014-10-22,1.676,1.662,1.687,1.661
2014-10-23,1.661,1.636,1.666,1.635
2014-10-24,1.637,1.634,1.645,1.631
2014-10-27,1.624,1.611,1.624,1.601
2014-10-28,1.616,1.659,1.66,1.614
2014-10-29,1.664,1.69,1.705,1.656
2014-10-30,1.69,1.705,1.711,1.685
2014-10-31,1.712,1.755,1.758,1.71
2014-11-03,1.756,1.75,1.762,1.743
2014-11-04,1.744,1.748,1.753,1.739
2014-11-05,1.755,1.745,1.761,1.738
2014-11-06,1.748,1.746,1.753,1.722
2014-11-07,1.747,1.741,1.783,1.728
2014-11-10,1.752,1.812,1.813,1.751
2014-11-11,1.816,1.795,1.839,1.775
2014-11-12,1.792,1.833,1.834,1.784
2014-11-13,1.832,1.818,1.841,1.809
2014-11-14,1.811,1.821,1.821,1.798
2014-11-17,1.851,1.81,1.858,1.81
2014-11-18,1.809,1.782,1.809,1.776
2014-11-19,1.781,1.774,1.787,1.768
2014-11-20,1.767,1.778,1.783,1.756
2014-11-21,1.778,1.827,1.83,1.769
2014-11-24,1.851,1.902,1.921,1.847
2014-11-25,1.898,1.93,1.935,1.893
2014-11-26,1.934,1.96,1.961,1.934
2014-11-27,1.968,1.985,1.987,1.957
2014-11-28,1.976,2.051,2.071,1.974
2014-12-01,2.06,2.054,2.08,2.046
2014-12-02,2.051,2.167,2.201,2.039
2014-12-03,2.175,2.199,2.267,2.152
2014-12-04,2.23,2.381,2.384,2.209
2014-12-05,2.391,2.362,2.441,2.26
2014-12-08,2.336,2.514,2.524,2.31
2014-12-09,2.462,2.331,2.636,2.201
2014-12-10,2.397,2.444,2.475,2.294
2014-12-11,2.401,2.409,2.478,2.376
2014-12-12,2.426,2.419,2.478,2.396
2014-12-15,2.419,2.456,2.469,2.378
2014-12-16,2.454,2.532,2.539,2.441
2014-12-17,2.545,2.589,2.596,2.51
2014-12-18,2.591,2.585,2.635,2.565
2014-12-19,2.588,2.635,2.644,2.512
2014-12-22,2.635,2.611,2.683,2.6
2014-12-23,2.586,2.542,2.655,2.532
2014-12-24,2.542,2.449,2.569,2.403
2014-12-25,2.469,2.567,2.571,2.464
2014-12-26,2.569,2.698,2.706,2.561
2014-12-29,2.771,2.681,2.796,2.628
2014-12-30,2.684,2.681,2.728,2.651
2014-12-31,2.689,2.775,2.786,2.685
2015-01-05,2.805,2.889,2.936,2.79
2015-01-06,2.866,2.864,2.909,2.813
2015-01-07,2.846,2.863,2.891,2.826
2015-01-08,2.873,2.783,2.883,2.771
2015-01-09,2.773,2.757,2.926,2.743
2015-01-12,2.758,2.746,2.781,2.688
2015-01-13,2.743,2.739,2.777,2.713
2015-01-14,2.746,2.731,2.774,2.691
2015-01-15,2.731,2.831,2.837,2.705
2015-01-16,2.844,2.863,2.886,2.834
2015-01-19,2.67,2.497,2.7,2.497
2015-01-20,2.546,2.618,2.65,2.538
2015-01-21,2.63,2.773,2.792,2.627
2015-01-22,2.779,2.779,2.804,2.737
2015-01-23,2.804,2.796,2.849,2.766
2015-01-26,2.816,2.83,2.836,2.778
2015-01-27,2.838,2.794,2.843,2.722
2015-01-28,2.767,2.737,2.806,2.725
2015-01-29,2.691,2.7,2.724,2.668
2015-01-30,2.72,2.657,2.739,2.642
2015-02-02,2.596,2.58,2.635,2.569
2015-02-03,2.619,2.659,2.671,2.589
2015-02-04,2.675,2.62,2.706,2.616
2015-02-05,2.711,2.58,2.716,2.576
2015-02-06,2.58,2.53,2.597,2.505
2015-02-09,2.53,2.568,2.606,2.526
2015-02-10,2.572,2.635,2.637,2.569
2015-02-11,2.639,2.657,2.671,2.638
2015-02-12,2.657,2.671,2.682,2.629
2015-02-13,2.679,2.693,2.739,2.679
2015-02-16,2.692,2.722,2.731,2.687
2015-02-17,2.737,2.753,2.765,2.736
2015-02-25,2.75,2.699,2.75,2.68
2015-02-26,2.696,2.802,2.805,2.681
2015-02-27,2.8,2.795,2.821,2.778
2015-03-02,2.819,2.823,2.834,2.787
2015-03-03,2.799,2.725,2.799,2.721
2015-03-04,2.737,2.754,2.768,2.714
2015-03-05,2.733,2.724,2.742,2.687
2015-03-06,2.721,2.702,2.737,2.693
2015-03-09,2.668,2.77,2.78,2.637
2015-03-10,2.757,2.745,2.773,2.732
2015-03-11,2.746,2.75,2.801,2.731
2015-03-12,2.774,2.814,2.833,2.762
2015-03-13,2.822,2.834,2.861,2.809
2015-03-16,2.856,2.923,2.93,2.837
2015-03-17,2.951,2.97,2.978,2.937
2015-03-18,2.978,3.069,3.075,2.978
2015-03-19,3.052,3.049,3.068,3.029
2015-03-20,3.06,3.103,3.132,3.046
2015-03-23,3.143,3.181,3.216,3.138
2015-03-24,3.187,3.177,3.198,3.104
2015-03-25,3.162,3.153,3.187,3.117
2015-03-26,3.136,3.156,3.202,3.096
2015-03-27,3.163,3.186,3.208,3.146
2015-03-30,3.219,3.312,3.326,3.211
2015-03-31,3.37,3.267,3.386,3.211
2015-04-01,3.271,3.333,3.361,3.264
2015-04-02,3.363,3.327,3.375,3.271
2015-04-03,3.319,3.393,3.398,3.309
2015-04-07,3.419,3.466,3.466,3.392
2015-04-08,3.476,3.5,3.513,3.421
2015-04-09,3.518,3.469,3.534,3.429
2015-04-10,3.469,3.568,3.575,3.449
2015-04-13,3.593,3.64,3.659,3.577
2015-04-14,3.631,3.642,3.694,3.606
2015-04-15,3.642,3.605,3.686,3.6
2015-04-16,3.605,3.748,3.753,3.559
2015-04-17,3.766,3.826,3.867,3.765
2015-04-20,3.826,3.726,3.885,3.706
2015-04-21,3.729,3.821,3.824,3.722
2015-04-22,3.836,3.946,3.953,3.836
2015-04-23,3.973,3.941,3.985,3.902
2015-04-24,3.906,3.924,3.936,3.828
2015-04-27,3.973,4.021,4.031,3.938
2015-04-28,4.005,3.959,4.04,3.915
2015-04-29,3.959,3.985,4.011,3.917
2015-04-30,3.996,3.975,4.033,3.973
2015-05-04,3.975,4.001,4.006,3.924
2015-05-05,3.996,3.82,3.996,3.789
2015-05-06,3.826,3.772,3.914,3.733
2015-05-07,3.747,3.693,3.764,3.678
2015-05-08,3.726,3.762,3.766,3.656
2015-05-11,3.786,3.911,3.916,3.744
2015-05-12,3.91,3.965,3.967,3.878
2015-05-13,3.971,3.921,3.971,3.892
2015-05-14,3.922,3.91,3.943,3.889
2015-05-15,3.904,3.824,3.906,3.803
2015-05-18,3.809,3.79,3.833,3.769
2015-05-19,3.79,3.947,3.963,3.783
2015-05-20,3.973,3.969,4.069,3.933
2015-05-21,3.981,4.066,4.069,3.968
2015-05-22,4.101,4.17,4.174,4.085
2015-05-25,4.164,4.326,4.328,4.158
2015-05-26,4.336,4.401,4.416,4.275
2015-05-27,4.421,4.401,4.446,4.333
2015-05-28,4.395,4.051,4.416,3.991
2015-05-29,4.066,4.054,4.132,3.876
2015-06-01,4.054,4.306,4.316,4.037
2015-06-02,4.306,4.392,4.398,4.238
2015-06-03,4.392,4.349,4.402,4.261
2015-06-04,4.351,4.407,4.416,3.945
2015-06-05,4.436,4.415,4.486,4.287
2015-06-08,4.431,4.542,4.586,4.368
2015-06-09,4.551,4.499,4.559,4.432
2015-06-10,4.47,4.494,4.583,4.432
2015-06-11,4.494,4.495,4.536,4.442
2015-06-12,4.517,4.534,4.564,4.471
2015-06-15,4.549,4.407,4.567,4.394
2015-06-16,4.385,4.271,4.402,4.216
2015-06-17,4.273,4.346,4.374,4.171
2015-06-18,4.315,4.145,4.326,4.13
2015-06-19,4.08,3.839,4.125,3.827
2015-06-23,3.852,4.002,4.02,3.682
2015-06-24,4.026,4.107,4.113,3.916
2015-06-25,4.128,3.932,4.151,3.898
2015-06-26,3.826,3.582,3.894,3.465
2015-06-29,3.679,3.418,3.681,3.196
2015-06-30,3.426,3.72,3.721,3.232
2015-07-01,3.65,3.433,3.768,3.407
2015-07-02,3.516,3.344,3.558,3.196
2015-07-03,3.344,3.155,3.421,3.021
2015-07-06,3.544,3.261,3.544,3.066
2015-07-07,3.156,3.084,3.218,3.005
2015-07-08,2.786,2.699,2.936,2.699
2015-07-09,2.656,3.045,3.045,2.646
2015-07-10,3.166,3.425,3.426,3.098
2015-07-13,3.386,3.47,3.552,3.336
2015-07-14,3.401,3.39,3.533,3.328
2015-07-15,3.328,3.181,3.375,3.136
2015-07-16,3.166,3.272,3.339,3.126
2015-07-17,3.306,3.436,3.466,3.259
2015-07-20,3.419,3.424,3.49,3.37
2015-07-21,3.37,3.45,3.48,3.341
2015-07-22,3.436,3.43,3.461,3.372
2015-07-23,3.435,3.544,3.556,3.417
2015-07-24,3.538,3.454,3.572,3.428
2015-07-27,3.372,3.039,3.432,3.032
2015-07-28,2.958,3.083,3.156,2.902
2015-07-29,3.117,3.224,3.232,3.046
2015-07-30,3.186,3.087,3.247,3.075
2015-07-31,3.077,3.087,3.146,3.041
2015-08-03,3.03,3.088,3.096,3.001
2015-08-04,3.097,3.241,3.247,3.075
2015-08-05,3.223,3.152,3.231,3.113
2015-08-06,3.092,3.109,3.166,3.074
2015-08-07,3.137,3.189,3.216,3.136
2015-08-10,3.216,3.384,3.4,3.197
2015-08-11,3.371,3.335,3.384,3.317
2015-08-12,3.294,3.293,3.364,3.284
2015-08-13,3.294,3.348,3.353,3.237
2015-08-14,3.363,3.338,3.381,3.327
2015-08-17,3.316,3.345,3.352,3.281
2015-08-18,3.346,3.063,3.371,3.056
2015-08-19,3.031,3.151,3.171,2.936
2015-08-20,3.11,3.051,3.149,3.037
2015-08-21,3.036,2.861,3.049,2.852
2015-08-24,2.746,2.499,2.75,2.499
2015-08-25,2.341,2.219,2.466,2.21
2015-08-26,2.306,2.303,2.457,2.222
2015-08-27,2.359,2.493,2.506,2.302
2015-08-28,2.513,2.638,2.656,2.472
2015-08-31,2.556,2.631,2.638,2.481
2015-09-01,2.537,2.618,2.634,2.454
2015-09-02,2.515,2.608,2.656,2.467
2015-09-07,2.606,2.525,2.708,2.513
2015-09-08,2.486,2.614,2.63,2.426
2015-09-09,2.634,2.678,2.704,2.609
2015-09-10,2.633,2.617,2.684,2.612
2015-09-11,2.625,2.624,2.678,2.595
2015-09-14,2.634,2.505,2.643,2.436
2015-09-15,2.474,2.409,2.513,2.398
2015-09-16,2.419,2.581,2.631,2.396
2015-09-17,2.539,2.516,2.617,2.51
2015-09-18,2.536,2.515,2.549,2.496
2015-09-21,2.487,2.575,2.596,2.467
2015-09-22,2.574,2.601,2.649,2.565
2015-09-23,2.536,2.523,2.586,2.516
2015-09-24,2.556,2.551,2.569,2.516
2015-09-25,2.539,2.479,2.55,2.459
2015-09-28,2.485,2.498,2.51,2.461
2015-09-29,2.46,2.435,2.469,2.416
2015-09-30,2.448,2.457,2.486,2.446
2015-10-08,2.591,2.573,2.598,2.572
2015-10-09,2.566,2.615,2.635,2.566
2015-10-12,2.616,2.756,2.781,2.616
2015-10-13,2.719,2.731,2.741,2.699
2015-10-14,2.714,2.693,2.744,2.691
2015-10-15,2.684,2.782,2.784,2.676
2015-10-16,2.796,2.831,2.834,2.781
2015-10-19,2.833,2.825,2.86,2.799
2015-10-20,2.823,2.872,2.876,2.8
2015-10-21,2.876,2.763,2.883,2.708
2015-10-22,2.736,2.808,2.815,2.734
2015-10-23,2.809,2.871,2.877,2.804
2015-10-26,2.902,2.877,2.908,2.855
2015-10-27,2.869,2.879,2.895,2.774
2015-10-28,2.859,2.815,2.882,2.804
2015-10-29,2.818,2.82,2.856,2.794
2015-10-30,2.813,2.821,2.862,2.781
2015-11-02,2.79,2.761,2.83,2.75
2015-11-03,2.767,2.734,2.776,2.716
2015-11-04,2.743,2.944,2.951,2.743
2015-11-05,2.932,3.003,3.091,2.907
2015-11-06,3.002,3.093,3.103,2.991
2015-11-09,3.086,3.133,3.176,3.086
2015-11-10,3.096,3.122,3.159,3.095
2015-11-11,3.121,3.117,3.131,3.066
2015-11-12,3.121,3.077,3.126,3.049
2015-11-13,3.052,3.04,3.077,3.018
2015-11-16,2.994,3.062,3.066,2.976
2015-11-17,3.079,3.048,3.154,3.036
2015-11-18,3.05,3.015,3.064,2.935
2015-11-19,3.017,3.072,3.074,3.002
2015-11-20,3.071,3.061,3.085,3.047
2015-11-23,3.056,3.042,3.098,3.036
2015-11-24,3.03,3.045,3.046,2.986
2015-11-25,3.038,3.068,3.072,3.023
2015-11-26,3.092,3.05,3.093,3.038
2015-11-27,3.036,2.844,3.036,2.822
2015-11-30,2.851,2.845,2.874,2.746
2015-12-01,2.84,2.873,2.899,2.816
2015-12-02,2.87,3.029,3.036,2.854
2015-12-03,3.019,3.037,3.052,2.985
2015-12-04,3.019,2.965,3.019,2.95
2015-12-07,2.968,2.971,2.996,2.943
2015-12-08,2.947,2.917,2.953,2.899
2015-12-09,2.915,2.922,2.944,2.896
2015-12-10,2.932,2.915,2.97,2.892
2015-12-11,2.896,2.897,2.924,2.871
2015-12-14,2.875,3.009,3.011,2.865
2015-12-15,3.006,2.973,3.008,2.962
2015-12-16,2.987,2.974,3.004,2.967
2015-12-17,2.995,3.044,3.055,2.995
2015-12-18,3.044,3.058,3.092,3.033
2015-12-21,3.046,3.158,3.185,3.036
2015-12-22,3.164,3.163,3.169,3.119
2015-12-23,3.164,3.158,3.216,3.148
2015-12-24,3.152,3.111,3.158,3.079
2015-12-25,3.121,3.131,3.135,3.097
2015-12-28,3.12,3.014,3.135,3.01
2015-12-29,3.007,3.049,3.05,3.002
2015-12-30,3.049,3.048,3.054,3.017
2015-12-31,3.037,3.014,3.065,3.012
2016-01-04,3.012,2.771,3.012,2.764
2016-01-05,2.703,2.763,2.814,2.665
2016-01-06,2.761,2.818,2.828,2.756
2016-01-07,2.775,2.72,2.775,2.639
2016-01-08,2.721,2.644,2.721,2.526
2016-01-11,2.581,2.469,2.623,2.466
2016-01-12,2.496,2.492,2.531,2.457
2016-01-13,2.519,2.447,2.537,2.426
2016-01-14,2.371,2.501,2.508,2.364
2016-01-15,2.481,2.405,2.495,2.382
2016-01-18,2.365,2.407,2.443,2.356
2016-01-19,2.406,2.498,2.511,2.394
2016-01-20,2.487,2.456,2.503,2.432
2016-01-21,2.425,2.365,2.486,2.358
2016-01-22,2.399,2.395,2.417,2.337
2016-01-25,2.423,2.407,2.433,2.379
2016-01-26,2.362,2.231,2.39,2.217
2016-01-27,2.237,2.199,2.267,2.125
2016-01-28,2.186,2.136,2.22,2.122
2016-01-29,2.137,2.217,2.248,2.133
2016-02-01,2.215,2.185,2.225,2.147
2016-02-02,2.179,2.247,2.253,2.179
2016-02-03,2.217,2.233,2.239,2.189
2016-02-04,2.242,2.272,2.281,2.239
2016-02-05,2.27,2.237,2.27,2.235
2016-02-15,2.186,2.226,2.241,2.172
2016-02-16,2.238,2.309,2.319,2.237
2016-02-17,2.31,2.34,2.345,2.302
2016-02-18,2.362,2.336,2.377,2.329
2016-02-19,2.334,2.328,2.353,2.312
2016-02-22,2.375,2.391,2.403,2.349
2016-02-23,2.389,2.367,2.393,2.339
2016-02-24,2.359,2.39,2.394,2.33
2016-02-25,2.385,2.192,2.385,2.172
2016-02-26,2.213,2.22,2.242,2.186
2016-02-29,2.208,2.151,2.216,2.098
2016-03-01,2.158,2.205,2.227,2.097
2016-03-02,2.208,2.336,2.343,2.208
2016-03-03,2.335,2.329,2.373,2.32
2016-03-04,2.327,2.366,2.382,2.308
2016-03-07,2.379,2.39,2.465,2.357
2016-03-08,2.373,2.379,2.383,2.286
2016-03-09,2.33,2.333,2.34,2.293
2016-03-10,2.329,2.292,2.357,2.288
2016-03-11,2.267,2.286,2.305,2.246
2016-03-14,2.314,2.351,2.392,2.314
2016-03-15,2.345,2.341,2.352,2.305
2016-03-16,2.328,2.361,2.386,2.328
2016-03-17,2.365,2.411,2.437,2.35
2016-03-18,2.412,2.455,2.485,2.411
2016-03-21,2.478,2.525,2.549,2.478
2016-03-22,2.505,2.503,2.527,2.498
2016-03-23,2.5,2.509,2.525,2.477
2016-03-24,2.488,2.459,2.499,2.457
2016-03-25,2.461,2.472,2.487,2.452
2016-03-28,2.484,2.442,2.514,2.437
2016-03-29,2.445,2.416,2.455,2.398
2016-03-30,2.436,2.502,2.505,2.436
2016-03-31,2.512,2.496,2.519,2.481
2016-04-01,2.487,2.506,2.507,2.44
2016-04-05,2.491,2.537,2.556,2.483
2016-04-06,2.524,2.531,2.543,2.519
2016-04-07,2.54,2.491,2.551,2.483
2016-04-08,2.467,2.464,2.491,2.437
2016-04-11,2.49,2.499,2.535,2.49
2016-04-12,2.5,2.495,2.506,2.475
2016-04-13,2.513,2.536,2.577,2.513
2016-04-14,2.549,2.548,2.562,2.528
2016-04-15,2.555,2.551,2.561,2.537
2016-04-18,2.529,2.505,2.529,2.497
2016-04-19,2.516,2.509,2.532,2.496
2016-04-20,2.522,2.453,2.525,2.377
2016-04-21,2.434,2.438,2.482,2.423
2016-04-22,2.428,2.452,2.456,2.417
2016-04-25,2.45,2.442,2.45,2.398
2016-04-26,2.44,2.46,2.465,2.425
2016-04-27,2.46,2.445,2.466,2.437
2016-04-28,2.446,2.443,2.453,2.415
2016-04-29,2.435,2.439,2.453,2.429
2016-05-03,2.444,2.5,2.505,2.425
2016-05-04,2.485,2.488,2.505,2.473
2016-05-05,2.484,2.488,2.496,2.474
2016-05-06,2.49,2.415,2.494,2.413
2016-05-09,2.407,2.351,2.407,2.341
2016-05-10,2.347,2.348,2.363,2.34
2016-05-11,2.357,2.36,2.382,2.346
2016-05-12,2.347,2.371,2.376,2.32
2016-05-13,2.36,2.36,2.388,2.346
2016-05-16,2.354,2.372,2.375,2.328
2016-05-17,2.375,2.367,2.385,2.349
2016-05-18,2.359,2.347,2.36,2.317
2016-05-19,2.345,2.341,2.372,2.337
2016-05-20,2.335,2.361,2.363,2.325
2016-05-23,2.365,2.366,2.387,2.355
2016-05-24,2.366,2.347,2.366,2.335
2016-05-25,2.353,2.345,2.373,2.34
2016-05-26,2.345,2.345,2.359,2.313
2016-05-27,2.343,2.347,2.355,2.333
2016-05-30,2.343,2.349,2.359,2.314
2016-05-31,2.35,2.456,2.459,2.349
2016-06-01,2.457,2.443,2.462,2.439
2016-06-02,2.445,2.446,2.448,2.431
2016-06-03,2.449,2.483,2.493,2.444
2016-06-06,2.478,2.464,2.491,2.459
2016-06-07,2.468,2.464,2.472,2.458
2016-06-08,2.461,2.46,2.469,2.439
2016-06-13,2.437,2.356,2.437,2.353
2016-06-14,2.352,2.369,2.37,2.349
2016-06-15,2.346,2.41,2.439,2.337
2016-06-16,2.409,2.391,2.409,2.382
2016-06-17,2.393,2.404,2.427,2.392
2016-06-20,2.407,2.405,2.417,2.384
2016-06-21,2.417,2.398,2.455,2.387
2016-06-22,2.396,2.417,2.421,2.384
2016-06-23,2.417,2.407,2.419,2.388
2016-06-24,2.407,2.374,2.424,2.327
2016-06-27,2.367,2.413,2.415,2.364
2016-06-28,2.403,2.429,2.432,2.388
2016-06-29,2.432,2.443,2.453,2.431
2016-06-30,2.444,2.448,2.456,2.439
2016-07-01,2.448,2.445,2.464,2.442
2016-07-04,2.44,2.498,2.512,2.43
2016-07-05,2.498,2.506,2.517,2.494
2016-07-06,2.503,2.522,2.525,2.493
2016-07-07,2.518,2.526,2.537,2.504
2016-07-08,2.521,2.514,2.523,2.509
2016-07-11,2.519,2.522,2.562,2.518
2016-07-12,2.52,2.604,2.606,2.52
2016-07-13,2.607,2.611,2.636,2.602
2016-07-14,2.611,2.606,2.612,2.593
2016-07-15,2.613,2.61,2.617,2.6
2016-07-18,2.605,2.598,2.612,2.586
2016-07-19,2.596,2.581,2.6,2.564
2016-07-20,2.577,2.574,2.59,2.57
2016-07-21,2.574,2.592,2.611,2.574
2016-07-22,2.585,2.563,2.591,2.56
2016-07-25,2.56,2.562,2.583,2.557
2016-07-26,2.562,2.604,2.605,2.562
2016-07-27,2.605,2.543,2.61,2.493
2016-07-28,2.532,2.552,2.571,2.531
2016-07-29,2.552,2.541,2.561,2.53
2016-08-01,2.532,2.514,2.539,2.498
2016-08-02,2.513,2.522,2.535,2.505
2016-08-03,2.517,2.526,2.533,2.512
2016-08-04,2.525,2.536,2.537,2.507
2016-08-05,2.537,2.549,2.564,2.53
2016-08-08,2.549,2.576,2.577,2.527
2016-08-09,2.57,2.591,2.597,2.567
2016-08-10,2.591,2.581,2.599,2.578
2016-08-11,2.579,2.577,2.615,2.573
2016-08-12,2.569,2.635,2.64,2.568
2016-08-15,2.642,2.734,2.771,2.64
2016-08-16,2.744,2.724,2.763,2.719
2016-08-17,2.718,2.716,2.736,2.703
2016-08-18,2.722,2.711,2.735,2.694
2016-08-19,2.709,2.707,2.714,2.68
2016-08-22,2.707,2.683,2.719,2.68
2016-08-23,2.683,2.685,2.703,2.665
2016-08-24,2.685,2.671,2.689,2.665
2016-08-25,2.654,2.653,2.662,2.622
2016-08-26,2.655,2.649,2.68,2.645
2016-08-29,2.644,2.648,2.657,2.638
2016-08-30,2.65,2.662,2.673,2.645
2016-08-31,2.659,2.676,2.683,2.646
2016-09-01,2.675,2.64,2.676,2.637
2016-09-02,2.637,2.655,2.664,2.637
2016-09-05,2.662,2.662,2.689,2.657
2016-09-06,2.664,2.691,2.698,2.639
2016-09-07,2.694,2.693,2.71,2.688
2016-09-08,2.69,2.688,2.693,2.68
2016-09-09,2.688,2.671,2.694,2.669
2016-09-12,2.627,2.604,2.63,2.585
2016-09-13,2.606,2.604,2.614,2.597
2016-09-14,2.595,2.584,2.601,2.58
2016-09-19,2.585,2.605,2.608,2.583
2016-09-20,2.607,2.601,2.611,2.596
2016-09-21,2.601,2.614,2.619,2.598
2016-09-22,2.628,2.636,2.652,2.622
2016-09-23,2.637,2.628,2.642,2.625
2016-09-26,2.624,2.572,2.624,2.57
2016-09-27,2.572,2.589,2.591,2.567
2016-09-28,2.589,2.584,2.592,2.579
2016-09-29,2.588,2.599,2.607,2.588
2016-09-30,2.592,2.609,2.614,2.592
2016-10-10,2.617,2.647,2.653,2.607
2016-10-11,2.649,2.655,2.658,2.641
2016-10-12,2.646,2.647,2.651,2.638
2016-10-13,2.652,2.647,2.657,2.64
2016-10-14,2.646,2.657,2.659,2.63
2016-10-17,2.657,2.626,2.66,2.597
2016-10-18,2.626,2.668,2.669,2.622
2016-10-19,2.669,2.666,2.682,2.659
2016-10-20,2.664,2.661,2.67,2.658
2016-10-21,2.663,2.678,2.685,2.654
2016-10-24,2.678,2.719,2.736,2.675
2016-10-25,2.719,2.71,2.72,2.702
2016-10-26,2.709,2.7,2.712,2.695
2016-10-27,2.697,2.695,2.7,2.682
2016-10-28,2.693,2.69,2.723,2.689
2016-10-31,2.689,2.683,2.689,2.66
2016-11-01,2.681,2.704,2.709,2.679
2016-11-02,2.699,2.681,2.699,2.677
2016-11-03,2.669,2.707,2.724,2.669
2016-11-04,2.705,2.696,2.721,2.691
2016-11-07,2.696,2.699,2.707,2.689
2016-11-08,2.706,2.717,2.733,2.704
2016-11-09,2.717,2.704,2.717,2.661
2016-11-10,2.714,2.739,2.748,2.714
2016-11-11,2.736,2.769,2.773,2.726
2016-11-14,2.763,2.774,2.797,2.755
2016-11-15,2.773,2.77,2.778,2.758
2016-11-16,2.772,2.771,2.78,2.762
2016-11-17,2.766,2.779,2.78,2.755
2016-11-18,2.78,2.767,2.786,2.762
2016-11-21,2.762,2.783,2.812,2.76
2016-11-22,2.786,2.818,2.82,2.786
2016-11-23,2.823,2.824,2.84,2.815
2016-11-24,2.822,2.834,2.855,2.817
2016-11-25,2.834,2.873,2.875,2.808
2016-11-28,2.881,2.889,2.907,2.88
2016-11-29,2.879,2.917,2.935,2.867
2016-11-30,2.908,2.884,2.919,2.878
2016-12-01,2.886,2.918,2.93,2.886
2016-12-02,2.915,2.878,2.915,2.869
2016-12-05,2.831,2.806,2.846,2.801
2016-12-06,2.809,2.8,2.822,2.799
2016-12-07,2.802,2.816,2.82,2.788
2016-12-08,2.826,2.824,2.837,2.816
2016-12-09,2.816,2.844,2.855,2.812
2016-12-12,2.842,2.75,2.842,2.747
2016-12-13,2.739,2.745,2.761,2.717
2016-12-14,2.737,2.721,2.753,2.72
2016-12-15,2.703,2.682,2.72,2.668
2016-12-16,2.678,2.682,2.7,2.674
2016-12-19,2.682,2.672,2.685,2.664
2016-12-20,2.667,2.647,2.671,2.628
2016-12-21,2.652,2.684,2.685,2.652
2016-12-22,2.68,2.678,2.682,2.663
2016-12-23,2.67,2.651,2.675,2.642
2016-12-26,2.641,2.663,2.666,2.612
2016-12-27,2.657,2.658,2.671,2.652
2016-12-28,2.655,2.64,2.661,2.629
2016-12-29,2.636,2.642,2.655,2.626
2016-12-30,2.641,2.645,2.655,2.637
2017-01-03,2.649,2.683,2.691,2.649
2017-01-04,2.681,2.713,2.714,2.674
2017-01-05,2.712,2.706,2.717,2.698
2017-01-06,2.703,2.695,2.71,2.69
2017-01-09,2.69,2.707,2.711,2.687
2017-01-10,2.706,2.698,2.713,2.694
2017-01-11,2.692,2.673,2.709,2.672
2017-01-12,2.673,2.656,2.682,2.653
2017-01-13,2.655,2.662,2.68,2.649
2017-01-16,2.655,2.658,2.66,2.603
2017-01-17,2.647,2.663,2.67,2.636
2017-01-18,2.658,2.685,2.696,2.657
2017-01-19,2.676,2.673,2.691,2.667
2017-01-20,2.667,2.702,2.703,2.665
2017-01-23,2.702,2.703,2.728,2.699
2017-01-24,2.703,2.705,2.711,2.695
2017-01-25,2.703,2.715,2.717,2.692
2017-01-26,2.715,2.729,2.739,2.715
2017-02-03,2.729,2.709,2.731,2.699
2017-02-06,2.71,2.708,2.718,2.698
2017-02-07,2.705,2.702,2.713,2.692
2017-02-08,2.701,2.725,2.731,2.684
2017-02-09,2.721,2.737,2.75,2.72
2017-02-10,2.74,2.755,2.762,2.734
2017-02-13,2.754,2.773,2.778,2.754
2017-02-14,2.773,2.777,2.778,2.767
2017-02-15,2.776,2.765,2.788,2.758
2017-02-16,2.765,2.78,2.78,2.758
2017-02-17,2.78,2.76,2.797,2.759
2017-02-20,2.76,2.816,2.827,2.759
2017-02-21,2.816,2.816,2.829,2.812
2017-02-22,2.819,2.827,2.83,2.812
2017-02-23,2.824,2.812,2.83,2.803
2017-02-24,2.813,2.809,2.813,2.796
2017-02-27,2.81,2.782,2.81,2.774
2017-02-28,2.778,2.787,2.799,2.777
2017-03-01,2.789,2.791,2.814,2.783
2017-03-02,2.797,2.779,2.845,2.769
2017-03-03,2.769,2.766,2.77,2.749
2017-03-06,2.766,2.783,2.786,2.76
2017-03-07,2.781,2.788,2.789,2.776
2017-03-08,2.786,2.792,2.793,2.781
2017-03-09,2.786,2.761,2.786,2.755
2017-03-10,2.758,2.764,2.773,2.758
2017-03-13,2.758,2.801,2.803,2.749
2017-03-14,2.798,2.793,2.802,2.789
2017-03-15,2.787,2.799,2.802,2.784
2017-03-16,2.807,2.82,2.835,2.807
2017-03-17,2.82,2.781,2.825,2.778
2017-03-20,2.782,2.783,2.79,2.769
2017-03-21,2.783,2.807,2.807,2.779
2017-03-22,2.793,2.789,2.801,2.77
2017-03-23,2.792,2.799,2.809,2.774
2017-03-24,2.8,2.832,2.842,2.798
2017-03-27,2.831,2.816,2.841,2.812
2017-03-28,2.816,2.811,2.823,2.802
2017-03-29,2.811,2.804,2.82,2.792
2017-03-30,2.797,2.771,2.804,2.76
2017-03-31,2.771,2.796,2.797,2.77
2017-04-05,2.816,2.853,2.854,2.814
2017-04-06,2.851,2.849,2.854,2.832
2017-04-07,2.851,2.856,2.868,2.843
2017-04-10,2.859,2.847,2.86,2.845
2017-04-11,2.846,2.856,2.86,2.809
2017-04-12,2.854,2.843,2.86,2.836
2017-04-13,2.839,2.856,2.862,2.836
2017-04-14,2.856,2.827,2.857,2.821
2017-04-17,2.82,2.815,2.823,2.798
2017-04-18,2.81,2.807,2.826,2.806
2017-04-19,2.8,2.78,2.8,2.765
2017-04-20,2.778,2.799,2.804,2.777
2017-04-21,2.802,2.802,2.812,2.786
2017-04-24,2.793,2.765,2.797,2.748
2017-04-25,2.772,2.776,2.787,2.767
2017-04-26,2.776,2.784,2.804,2.776
2017-04-27,2.78,2.786,2.792,2.742
2017-04-28,2.783,2.773,2.783,2.758
2017-05-02,2.768,2.768,2.772,2.756
2017-05-03,2.764,2.751,2.772,2.747
2017-05-04,2.748,2.738,2.761,2.735
2017-05-05,2.733,2.716,2.735,2.704
2017-05-08,2.712,2.687,2.716,2.679
2017-05-09,2.682,2.69,2.698,2.671
2017-05-10,2.691,2.678,2.706,2.676
2017-05-11,2.67,2.695,2.703,2.658
2017-05-12,2.693,2.722,2.727,2.689
2017-05-15,2.731,2.736,2.747,2.728
2017-05-16,2.733,2.776,2.777,2.72
2017-05-17,2.772,2.753,2.774,2.752
2017-05-18,2.741,2.738,2.755,2.732
2017-05-19,2.737,2.744,2.749,2.737
2017-05-22,2.745,2.747,2.764,2.732
2017-05-23,2.746,2.762,2.776,2.743
2017-05-24,2.757,2.762,2.763,2.731
2017-05-25,2.759,2.835,2.839,2.752
2017-05-26,2.829,2.829,2.845,2.82
2017-05-31,2.84,2.831,2.861,2.815
2017-06-01,2.825,2.839,2.841,2.822
2017-06-02,2.837,2.83,2.841,2.811
2017-06-05,2.82,2.807,2.832,2.804
2017-06-06,2.807,2.834,2.835,2.804
2017-06-07,2.838,2.882,2.884,2.833
2017-06-08,2.88,2.907,2.912,2.875
2017-06-09,2.906,2.929,2.938,2.905
2017-06-12,2.922,2.922,2.949,2.913
2017-06-13,2.913,2.929,2.937,2.911
2017-06-14,2.927,2.893,2.927,2.887
2017-06-15,2.892,2.881,2.903,2.867
2017-06-16,2.881,2.875,2.897,2.87
2017-06-19,2.877,2.915,2.918,2.877
2017-06-20,2.918,2.904,2.925,2.896
2017-06-21,2.927,2.949,2.95,2.904
2017-06-22,2.942,2.953,2.994,2.94
2017-06-23,2.95,2.988,2.99,2.934
2017-06-26,2.988,3.033,3.036,2.988
2017-06-27,3.031,3.035,3.041,3.012
2017-06-28,3.032,3.01,3.032,3.005
2017-06-29,3.011,3.032,3.037,3.01
2017-06-30,3.02,3.026,3.037,3.008
2017-07-03,3.027,3.01,3.03,2.995
2017-07-04,3.009,2.98,3.01,2.972
2017-07-05,2.978,3.027,3.034,2.978
2017-07-06,3.027,3.024,3.032,2.998
2017-07-07,3.019,3.022,3.027,3.003
2017-07-10,3.021,3.026,3.042,3.017
2017-07-11,3.022,3.056,3.085,3.021
2017-07-12,3.05,3.034,3.07,3.018
2017-07-13,3.035,3.072,3.075,3.035
2017-07-14,3.073,3.097,3.101,3.062
2017-07-17,3.094,3.046,3.103,3.018
2017-07-18,3.04,3.048,3.053,3.014
2017-07-19,3.047,3.125,3.13,3.043
2017-07-20,3.122,3.143,3.144,3.116
2017-07-21,3.133,3.124,3.146,3.112
2017-07-24,3.12,3.143,3.151,3.113
2017-07-25,3.142,3.114,3.144,3.107
2017-07-26,3.114,3.093,3.131,3.077
2017-07-27,3.094,3.104,3.113,3.068
2017-07-28,3.099,3.118,3.122,3.092
2017-07-31,3.118,3.132,3.146,3.109
2017-08-01,3.132,3.162,3.166,3.13
2017-08-02,3.164,3.162,3.182,3.156
2017-08-03,3.156,3.124,3.165,3.116
2017-08-04,3.124,3.101,3.138,3.1
2017-08-07,3.094,3.124,3.131,3.091
2017-08-08,3.126,3.125,3.133,3.114
2017-08-09,3.122,3.122,3.134,3.109
2017-08-10,3.115,3.114,3.143,3.086
2017-08-11,3.09,3.042,3.098,3.037
2017-08-14,3.043,3.088,3.095,3.043
2017-08-15,3.089,3.098,3.113,3.084
2017-08-16,3.094,3.092,3.099,3.071
2017-08-17,3.098,3.121,3.122,3.096
2017-08-18,3.109,3.123,3.132,3.097
2017-08-21,3.133,3.139,3.148,3.124
2017-08-22,3.138,3.145,3.153,3.128
2017-08-23,3.145,3.155,3.171,3.139
2017-08-24,3.155,3.135,3.164,3.13
2017-08-25,3.134,3.201,3.202,3.133
2017-08-28,3.204,3.245,3.27,3.204
2017-08-29,3.246,3.237,3.249,3.23
2017-08-30,3.236,3.233,3.254,3.231
2017-08-31,3.233,3.226,3.243,3.204
2017-09-01,3.226,3.231,3.244,3.217
2017-09-04,3.231,3.245,3.248,3.212
2017-09-05,3.245,3.259,3.266,3.242
2017-09-06,3.25,3.247,3.26,3.233
2017-09-07,3.25,3.23,3.262,3.229
2017-09-08,3.232,3.226,3.246,3.21
2017-09-11,3.231,3.232,3.259,3.223
2017-09-12,3.242,3.242,3.255,3.226
2017-09-13,3.244,3.245,3.25,3.227
2017-09-14,3.243,3.232,3.257,3.223
2017-09-15,3.23,3.238,3.243,3.219
2017-09-18,3.235,3.253,3.272,3.232
2017-09-19,3.254,3.228,3.257,3.214
2017-09-20,3.226,3.246,3.251,3.224
2017-09-21,3.246,3.247,3.258,3.233
2017-09-22,3.232,3.236,3.241,3.218
2017-09-25,3.231,3.22,3.233,3.212
2017-09-26,3.215,3.222,3.224,3.213
2017-09-27,3.221,3.225,3.236,3.216
2017-09-28,3.225,3.231,3.235,3.215
2017-09-29,3.231,3.244,3.261,3.231
2017-10-09,3.314,3.285,3.327,3.283
2017-10-10,3.282,3.29,3.299,3.262
2017-10-11,3.29,3.305,3.311,3.283
2017-10-12,3.304,3.322,3.323,3.298
2017-10-13,3.313,3.33,3.331,3.313
2017-10-16,3.33,3.316,3.345,3.315
2017-10-17,3.316,3.314,3.324,3.305
2017-10-18,3.313,3.338,3.343,3.313
2017-10-19,3.34,3.327,3.34,3.322
2017-10-20,3.324,3.325,3.329,3.315
2017-10-23,3.329,3.337,3.34,3.318
2017-10-24,3.328,3.363,3.364,3.326
2017-10-25,3.357,3.376,3.381,3.353
2017-10-26,3.377,3.405,3.419,3.369
2017-10-27,3.4,3.425,3.426,3.398
2017-10-30,3.428,3.407,3.432,3.361
2017-10-31,3.394,3.404,3.409,3.384
2017-11-01,3.403,3.39,3.43,3.386
2017-11-02,3.39,3.397,3.398,3.373
2017-11-03,3.393,3.386,3.402,3.36
2017-11-06,3.38,3.422,3.424,3.373
2017-11-07,3.421,3.462,3.472,3.419
2017-11-08,3.458,3.453,3.497,3.445
2017-11-09,3.449,3.484,3.485,3.444
2017-11-10,3.476,3.521,3.527,3.468
2017-11-13,3.522,3.53,3.542,3.519
2017-11-14,3.532,3.498,3.535,3.494
2017-11-15,3.491,3.468,3.501,3.461
2017-11-16,3.467,3.507,3.511,3.463
2017-11-17,3.5,3.512,3.517,3.484
2017-11-20,3.5,3.545,3.546,3.466
2017-11-21,3.539,3.628,3.63,3.532
2017-11-22,3.629,3.627,3.667,3.592
2017-11-23,3.621,3.491,3.621,3.481
2017-11-24,3.481,3.495,3.514,3.458
2017-11-27,3.482,3.428,3.489,3.425
2017-11-28,3.423,3.447,3.452,3.412
2017-11-29,3.451,3.443,3.462,3.393
2017-11-30,3.439,3.396,3.448,3.386
2017-12-01,3.395,3.399,3.427,3.382
2017-12-04,3.395,3.416,3.433,3.378
2017-12-05,3.406,3.441,3.448,3.405
2017-12-06,3.432,3.41,3.432,3.368
2017-12-07,3.405,3.364,3.418,3.35
2017-12-08,3.364,3.403,3.414,3.359
2017-12-11,3.402,3.47,3.472,3.402
2017-12-12,3.466,3.405,3.466,3.403
2017-12-13,3.405,3.434,3.443,3.398
2017-12-14,3.435,3.421,3.446,3.405
2017-12-15,3.41,3.367,3.412,3.363
2017-12-18,3.37,3.368,3.399,3.355
2017-12-19,3.372,3.421,3.423,3.372
2017-12-20,3.418,3.412,3.43,3.403
2017-12-21,3.404,3.462,3.476,3.402
2017-12-22,3.46,3.443,3.465,3.439
2017-12-25,3.446,3.424,3.478,3.414
2017-12-26,3.427,3.436,3.446,3.407
2017-12-27,3.437,3.368,3.44,3.364
2017-12-28,3.373,3.405,3.42,3.363
2017-12-29,3.408,3.418,3.425,3.396
2018-01-02,3.428,3.478,3.48,3.426
2018-01-03,3.478,3.5,3.528,3.474
2018-01-04,3.5,3.513,3.522,3.492
2018-01-05,3.521,3.529,3.539,3.507
2018-01-08,3.528,3.546,3.556,3.515
2018-01-09,3.546,3.58,3.583,3.539
2018-01-10,3.576,3.598,3.602,3.563
2018-01-11,3.591,3.592,3.598,3.574
2018-01-12,3.592,3.615,3.619,3.587
2018-01-15,3.615,3.607,3.652,3.603
2018-01-16,3.607,3.65,3.653,3.602
2018-01-17,3.651,3.637,3.669,3.623
2018-01-18,3.643,3.665,3.678,3.64
2018-01-19,3.667,3.677,3.707,3.664
2018-01-22,3.664,3.732,3.735,3.664
2018-01-23,3.741,3.776,3.777,3.738
2018-01-24,3.776,3.779,3.788,3.744
2018-01-25,3.776,3.751,3.778,3.729
2018-01-26,3.738,3.773,3.802,3.733
2018-01-29,3.783,3.69,3.788,3.679
2018-01-30,3.68,3.646,3.698,3.643
2018-01-31,3.634,3.659,3.674,3.628
2018-02-01,3.658,3.629,3.676,3.604
2018-02-02,3.598,3.655,3.661,3.576
2018-02-05,3.617,3.651,3.656,3.598
2018-02-06,3.588,3.531,3.601,3.524
2018-02-07,3.588,3.433,3.597,3.427
2018-02-08,3.428,3.4,3.46,3.369
2018-02-09,3.293,3.215,3.309,3.152
2018-02-12,3.224,3.27,3.293,3.212
2018-02-13,3.305,3.317,3.369,3.305
2018-02-14,3.329,3.352,3.359,3.315
2018-02-22,3.404,3.434,3.441,3.39
2018-02-23,3.442,3.456,3.466,3.421
2018-02-26,3.486,3.508,3.521,3.438
2018-02-27,3.516,3.449,3.517,3.443
2018-02-28,3.416,3.408,3.443,3.383
2018-03-01,3.388,3.437,3.455,3.381
2018-03-02,3.408,3.41,3.431,3.396
2018-03-05,3.413,3.401,3.437,3.378
2018-03-06,3.43,3.461,3.462,3.385
2018-03-07,3.458,3.428,3.481,3.419
2018-03-08,3.43,3.469,3.471,3.419
2018-03-09,3.476,3.499,3.505,3.462
2018-03-12,3.519,3.511,3.536,3.505
2018-03-13,3.508,3.467,3.515,3.465
2018-03-14,3.458,3.453,3.473,3.449
2018-03-15,3.448,3.483,3.486,3.44
2018-03-16,3.478,3.438,3.493,3.437
2018-03-19,3.437,3.46,3.463,3.417
2018-03-20,3.447,3.458,3.47,3.422
2018-03-21,3.474,3.437,3.502,3.428
2018-03-22,3.444,3.401,3.457,3.391
2018-03-23,3.288,3.282,3.311,3.213
2018-03-26,3.251,3.264,3.274,3.215
2018-03-27,3.309,3.299,3.318,3.273
2018-03-28,3.262,3.22,3.292,3.217
2018-03-29,3.235,3.29,3.307,3.181
2018-03-30,3.291,3.284,3.303,3.266
2018-04-02,3.285,3.271,3.324,3.268
2018-04-03,3.247,3.246,3.266,3.225
2018-04-04,3.255,3.236,3.284,3.231
2018-04-09,3.24,3.241,3.263,3.216
2018-04-10,3.245,3.316,3.317,3.241
2018-04-11,3.326,3.321,3.345,3.314
2018-04-12,3.32,3.28,3.326,3.279
2018-04-13,3.303,3.253,3.315,3.246
2018-04-16,3.246,3.192,3.258,3.179
2018-04-17,3.203,3.136,3.208,3.133
2018-04-18,3.169,3.144,3.183,3.098
2018-04-19,3.153,3.197,3.207,3.152
2018-04-20,3.185,3.138,3.198,3.131
2018-04-23,3.131,3.154,3.177,3.119
2018-04-24,3.162,3.233,3.243,3.162
2018-04-25,3.217,3.21,3.225,3.201
2018-04-26,3.215,3.134,3.222,3.128
2018-04-27,3.154,3.142,3.157,3.1
2018-05-02,3.158,3.154,3.177,3.129
2018-05-03,3.144,3.176,3.19,3.119
2018-05-04,3.174,3.158,3.187,3.152
2018-05-07,3.164,3.219,3.223,3.158
2018-05-08,3.223,3.269,3.279,3.218
2018-05-09,3.268,3.258,3.269,3.241
2018-05-10,3.269,3.284,3.286,3.25
2018-05-11,3.291,3.261,3.298,3.257
2018-05-14,3.269,3.295,3.304,3.269
2018-05-15,3.303,3.31,3.31,3.272
2018-05-16,3.296,3.278,3.305,3.27
2018-05-17,3.28,3.245,3.285,3.244
2018-05-18,3.25,3.287,3.292,3.232
2018-05-21,3.313,3.306,3.33,3.294
2018-05-22,3.306,3.29,3.306,3.266
2018-05-23,3.28,3.239,3.281,3.238
2018-05-24,3.238,3.208,3.248,3.204
2018-05-25,3.207,3.199,3.227,3.189
2018-05-28,3.207,3.223,3.238,3.189
2018-05-29,3.218,3.187,3.228,3.185
2018-05-30,3.15,3.115,3.155,3.114
2018-05-31,3.136,3.191,3.194,3.13
2018-06-01,3.174,3.165,3.187,3.148
2018-06-04,3.185,3.202,3.206,3.172
2018-06-05,3.198,3.234,3.238,3.191
2018-06-06,3.229,3.227,3.237,3.219
2018-06-07,3.241,3.226,3.257,3.219
2018-06-08,3.218,3.175,3.218,3.156
2018-06-11,3.159,3.185,3.193,3.158
2018-06-12,3.186,3.223,3.236,3.167
2018-06-13,3.21,3.184,3.215,3.178
2018-06-14,3.173,3.174,3.209,3.164
2018-06-15,3.168,3.168,3.19,3.148
2018-06-19,3.143,3.038,3.143,2.999
2018-06-20,3.025,3.038,3.055,2.993
2018-06-21,3.04,3.008,3.084,3.002
2018-06-22,2.998,3.024,3.025,2.96
2018-06-25,3.036,2.973,3.042,2.972
2018-06-26,2.939,2.938,2.959,2.895
2018-06-27,2.941,2.854,2.948,2.845
2018-06-28,2.838,2.834,2.887,2.828
2018-06-29,2.837,2.925,2.931,2.837
2018-07-02,2.919,2.831,2.923,2.793
2018-07-03,2.83,2.818,2.841,2.737
2018-07-04,2.811,2.782,2.828,2.777
2018-07-05,2.783,2.754,2.815,2.748
2018-07-06,2.76,2.783,2.819,2.718
2018-07-09,2.798,2.882,2.885,2.798
2018-07-10,2.888,2.891,2.895,2.857
2018-07-11,2.828,2.833,2.848,2.787
2018-07-12,2.831,2.916,2.934,2.829
2018-07-13,2.917,2.922,2.931,2.905
2018-07-16,2.919,2.907,2.947,2.894
2018-07-17,2.903,2.885,2.907,2.858
2018-07-18,2.89,2.869,2.923,2.868
2018-07-19,2.887,2.871,2.91,2.856
2018-07-20,2.869,2.938,2.953,2.842
2018-07-23,2.918,2.961,2.97,2.908
2018-07-24,2.969,3.027,3.045,2.969
2018-07-25,3.028,3.026,3.033,3.009
2018-07-26,3.023,2.979,3.037,2.97
2018-07-27,2.974,2.97,2.992,2.958
2018-07-30,2.969,2.95,2.995,2.932
2018-07-31,2.945,2.963,2.982,2.941
2018-08-01,2.983,2.883,2.997,2.882
2018-08-02,2.872,2.805,2.875,2.766
2018-08-03,2.804,2.757,2.818,2.756
2018-08-06,2.757,2.722,2.788,2.701
2018-08-07,2.728,2.815,2.817,2.711
2018-08-08,2.809,2.765,2.81,2.751
2018-08-09,2.763,2.846,2.857,2.751
2018-08-10,2.841,2.852,2.87,2.824
2018-08-13,2.818,2.837,2.846,2.78
2018-08-14,2.834,2.822,2.839,2.8
2018-08-15,2.82,2.74,2.822,2.733
2018-08-16,2.718,2.726,2.765,2.68
2018-08-17,2.75,2.675,2.754,2.666
2018-08-20,2.683,2.71,2.713,2.658
2018-08-21,2.709,2.767,2.784,2.709
2018-08-22,2.773,2.761,2.773,2.744
2018-08-23,2.763,2.771,2.791,2.733
2018-08-24,2.765,2.776,2.804,2.737
2018-08-27,2.783,2.861,2.862,2.783
2018-08-28,2.862,2.851,2.872,2.841
2018-08-29,2.847,2.838,2.851,2.829
2018-08-30,2.838,2.804,2.856,2.798
2018-08-31,2.79,2.778,2.812,2.76
2018-09-03,2.774,2.771,2.783,2.739
2018-09-04,2.77,2.811,2.826,2.758
2018-09-05,2.798,2.741,2.804,2.74
2018-09-06,2.739,2.712,2.766,2.702
2018-09-07,2.722,2.734,2.772,2.701
2018-09-10,2.721,2.686,2.731,2.682
2018-09-11,2.687,2.674,2.702,2.662
2018-09-12,2.673,2.651,2.679,2.647
2018-09-13,2.684,2.686,2.703,2.645
2018-09-14,2.69,2.691,2.703,2.676
2018-09-17,2.673,2.66,2.679,2.652
2018-09-18,2.649,2.723,2.727,2.648
2018-09-19,2.718,2.768,2.795,2.711
2018-09-20,2.768,2.766,2.801,2.759
2018-09-21,2.776,2.872,2.874,2.765
2018-09-25,2.835,2.837,2.846,2.818
2018-09-26,2.838,2.875,2.904,2.836
2018-09-27,2.863,2.86,2.875,2.848
2018-09-28,2.865,2.896,2.9,2.861
2018-10-08,2.819,2.729,2.822,2.728
2018-10-09,2.736,2.736,2.759,2.724
2018-10-10,2.739,2.734,2.766,2.702
2018-10-11,2.638,2.562,2.66,2.538
2018-10-12,2.566,2.621,2.637,2.549
2018-10-15,2.627,2.574,2.63,2.571
2018-10-16,2.578,2.553,2.616,2.541
2018-10-17,2.593,2.564,2.603,2.513
2018-10-18,2.543,2.494,2.553,2.493
2018-10-19,2.478,2.573,2.588,2.461
2018-10-22,2.638,2.741,2.758,2.588
2018-10-23,2.738,2.628,2.74,2.61
2018-10-24,2.624,2.633,2.697,2.617
2018-10-25,2.558,2.649,2.654,2.549
2018-10-26,2.656,2.616,2.673,2.591
2018-10-29,2.607,2.519,2.614,2.498
2018-10-30,2.509,2.556,2.59,2.496
2018-10-31,2.563,2.593,2.621,2.552
2018-11-01,2.629,2.616,2.668,2.61
2018-11-02,2.738,2.751,2.766,2.671
2018-11-05,2.728,2.708,2.732,2.674
2018-11-06,2.696,2.687,2.703,2.655
2018-11-07,2.69,2.66,2.724,2.657
2018-11-08,2.692,2.657,2.7,2.653
2018-11-09,2.639,2.616,2.641,2.614
2018-11-12,2.608,2.652,2.657,2.603
2018-11-13,2.616,2.686,2.705,2.611
2018-11-14,2.676,2.646,2.685,2.638
2018-11-15,2.646,2.689,2.69,2.643
2018-11-16,2.694,2.699,2.732,2.666
2018-11-19,2.698,2.736,2.737,2.691
2018-11-20,2.714,2.663,2.722,2.652
2018-11-21,2.633,2.666,2.674,2.631
2018-11-22,2.673,2.657,2.675,2.634
2018-11-23,2.651,2.572,2.654,2.568
2018-11-26,2.581,2.577,2.608,2.562
2018-11-27,2.589,2.574,2.601,2.564
2018-11-28,2.575,2.622,2.626,2.568
2018-11-29,2.639,2.59,2.648,2.588
2018-11-30,2.588,2.623,2.624,2.579
2018-12-03,2.715,2.707,2.727,2.68
2018-12-04,2.702,2.712,2.717,2.69
2018-12-05,2.676,2.697,2.716,2.672
2018-12-06,2.669,2.63,2.669,2.625
2018-12-07,2.632,2.623,2.639,2.622
2018-12-10,2.601,2.593,2.618,2.58
2018-12-11,2.601,2.606,2.609,2.588
2018-12-12,2.623,2.617,2.634,2.605
2018-12-13,2.623,2.672,2.687,2.618
2018-12-14,2.661,2.615,2.662,2.612
2018-12-17,2.609,2.611,2.621,2.585
2018-12-18,2.595,2.571,2.618,2.558
2018-12-19,2.574,2.538,2.581,2.531
2018-12-20,2.531,2.515,2.544,2.491
2018-12-21,2.507,2.476,2.509,2.456
2018-12-24,2.465,2.483,2.486,2.454
2018-12-25,2.455,2.464,2.478,2.414
2018-12-26,2.455,2.447,2.473,2.439
2018-12-27,2.485,2.44,2.49,2.434
2018-12-28,2.446,2.447,2.475,2.434
2019-01-02,2.458,2.405,2.458,2.397
2019-01-03,2.404,2.405,2.449,2.398
2019-01-04,2.389,2.482,2.484,2.385
2019-01-07,2.497,2.495,2.506,2.479
2019-01-08,2.495,2.495,2.498,2.482
2019-01-09,2.507,2.518,2.567,2.506
2019-01-10,2.517,2.521,2.542,2.502
2019-01-11,2.519,2.544,2.553,2.517
2019-01-14,2.543,2.517,2.543,2.51
2019-01-15,2.521,2.576,2.578,2.514
2019-01-16,2.578,2.576,2.579,2.561
2019-01-17,2.576,2.559,2.592,2.557
2019-01-18,2.568,2.613,2.622,2.568
2019-01-21,2.613,2.63,2.647,2.61
2019-01-22,2.624,2.59,2.624,2.582
2019-01-23,2.582,2.582,2.609,2.574
2019-01-24,2.586,2.606,2.614,2.565
2019-01-25,2.609,2.63,2.65,2.609
2019-01-28,2.644,2.626,2.676,2.618
2019-01-29,2.619,2.64,2.65,2.597
2019-01-30,2.625,2.619,2.65,2.616
2019-01-31,2.631,2.649,2.663,2.625
2019-02-01,2.666,2.702,2.704,2.649
2019-02-11,2.692,2.747,2.752,2.679
2019-02-12,2.746,2.771,2.778,2.741
2019-02-13,2.776,2.84,2.857,2.77
2019-02-14,2.836,2.844,2.861,2.827
2019-02-15,2.828,2.788,2.842,2.783
2019-02-18,2.81,2.885,2.887,2.81
2019-02-19,2.892,2.876,2.918,2.858
2019-02-20,2.884,2.885,2.9,2.862
2019-02-21,2.886,2.881,2.935,2.865
2019-02-22,2.876,2.973,2.975,2.857
2019-02-25,3.027,3.222,3.227,3.007
2019-02-26,3.191,3.137,3.205,3.12
2019-02-27,3.136,3.117,3.17,3.077
2019-02-28,3.116,3.11,3.134,3.09
2019-03-01,3.137,3.185,3.196,3.104
2019-03-04,3.217,3.224,3.325,3.197
2019-03-05,3.221,3.256,3.261,3.208
2019-03-06,3.256,3.282,3.297,3.221
2019-03-07,3.277,3.24,3.282,3.21
2019-03-08,3.161,3.108,3.207,3.098
2019-03-11,3.108,3.157,3.169,3.094
2019-03-12,3.185,3.182,3.24,3.155
2019-03-13,3.185,3.16,3.195,3.14
2019-03-14,3.152,3.133,3.178,3.115
2019-03-15,3.143,3.182,3.226,3.143
2019-03-18,3.183,3.297,3.299,3.172
2019-03-19,3.299,3.269,3.309,3.252
2019-03-20,3.265,3.269,3.293,3.227
2019-03-21,3.273,3.271,3.301,3.257
2019-03-22,3.27,3.276,3.284,3.219
2019-03-25,3.215,3.181,3.243,3.174
2019-03-26,3.195,3.142,3.205,3.125
2019-03-27,3.156,3.174,3.185,3.148
2019-03-28,3.161,3.164,3.191,3.145
2019-03-29,3.172,3.316,3.325,3.172
2019-04-01,3.341,3.416,3.42,3.341
2019-04-02,3.418,3.409,3.435,3.393
2019-04-03,3.387,3.462,3.476,3.382
2019-04-04,3.474,3.509,3.519,3.454
2019-04-08,3.545,3.483,3.575,3.448
2019-04-09,3.489,3.507,3.523,3.468
2019-04-10,3.489,3.513,3.553,3.463
2019-04-11,3.513,3.443,3.531,3.42
2019-04-12,3.43,3.429,3.445,3.4
2019-04-15,3.491,3.404,3.521,3.403
2019-04-16,3.385,3.524,3.526,3.381
2019-04-17,3.523,3.514,3.544,3.489
2019-04-18,3.514,3.507,3.528,3.493
2019-04-19,3.51,3.567,3.567,3.476
2019-04-22,3.567,3.464,3.567,3.447
2019-04-23,3.452,3.457,3.498,3.441
2019-04-24,3.466,3.463,3.479,3.4
2019-04-25,3.447,3.38,3.457,3.378
2019-04-26,3.366,3.326,3.385,3.318
2019-04-29,3.335,3.341,3.392,3.318
2019-04-30,3.335,3.343,3.358,3.325
2019-05-06,3.225,3.12,3.237,3.087
2019-05-07,3.135,3.154,3.178,3.114
2019-05-08,3.104,3.106,3.164,3.09
2019-05-09,3.082,3.054,3.099,3.016
2019-05-10,3.082,3.167,3.175,3.02
2019-05-13,3.132,3.099,3.135,3.089
2019-05-14,3.077,3.081,3.124,3.07
2019-05-15,3.109,3.159,3.187,3.109
2019-05-16,3.154,3.177,3.182,3.138
2019-05-17,3.177,3.093,3.181,3.077
2019-05-20,3.081,3.053,3.091,3.023
2019-05-21,3.052,3.098,3.132,3.051
2019-05-22,3.101,3.089,3.11,3.067
2019-05-23,3.072,3.031,3.079,3.025
2019-05-24,3.033,3.037,3.07,3.02
2019-05-27,3.038,3.08,3.096,3.001
2019-05-28,3.075,3.097,3.125,3.072
2019-05-29,3.087,3.099,3.137,3.079
2019-05-30,3.093,3.097,3.101,3.054
2019-05-31,3.089,3.079,3.122,3.076
2019-06-03,3.092,3.087,3.129,3.06
2019-06-04,3.084,3.054,3.092,3.039
2019-06-05,3.079,3.046,3.087,3.043
2019-06-06,3.046,3.015,3.055,3.014
2019-06-10,3.027,3.061,3.082,3.024
2019-06-11,3.067,3.174,3.183,3.067
2019-06-12,3.169,3.146,3.169,3.138
2019-06-13,3.142,3.139,3.158,3.107
2019-06-14,3.141,3.117,3.164,3.105
2019-06-17,3.111,3.12,3.146,3.107
2019-06-18,3.125,3.128,3.139,3.094
2019-06-19,3.219,3.182,3.254,3.179
2019-06-20,3.181,3.29,3.322,3.179
2019-06-21,3.302,3.297,3.327,3.28
2019-06-24,3.302,3.303,3.316,3.279
2019-06-25,3.302,3.264,3.302,3.217
2019-06-26,3.242,3.265,3.277,3.237
2019-06-27,3.267,3.307,3.327,3.267
2019-06-28,3.307,3.306,3.307,3.276
2019-07-01,3.369,3.401,3.412,3.357
2019-07-02,3.401,3.407,3.413,3.384
2019-07-03,3.398,3.374,3.398,3.359
2019-07-04,3.367,3.348,3.386,3.324
2019-07-05,3.347,3.368,3.376,3.335
2019-07-08,3.35,3.278,3.35,3.247
2019-07-09,3.283,3.269,3.291,3.253
2019-07-10,3.282,3.27,3.295,3.257
2019-07-11,3.285,3.271,3.319,3.257
2019-07-12,3.268,3.302,3.317,3.266
2019-07-15,3.288,3.316,3.348,3.237
2019-07-16,3.31,3.3,3.323,3.292
2019-07-17,3.289,3.294,3.313,3.275
2019-07-18,3.281,3.269,3.286,3.267
2019-07-19,3.279,3.309,3.33,3.279
2019-07-22,3.309,3.279,3.319,3.257
2019-07-23,3.283,3.288,3.292,3.269
2019-07-24,3.301,3.319,3.347,3.299
2019-07-25,3.318,3.354,3.355,3.313
2019-07-26,3.337,3.359,3.368,3.334
2019-07-29,3.357,3.353,3.361,3.339
2019-07-30,3.357,3.371,3.396,3.356
2019-07-31,3.358,3.343,3.361,3.334
2019-08-01,3.326,3.307,3.335,3.292
2019-08-02,3.237,3.248,3.257,3.22
2019-08-05,3.232,3.182,3.238,3.177
2019-08-06,3.123,3.143,3.151,3.084
2019-08-07,3.152,3.119,3.158,3.115
2019-08-08,3.143,3.173,3.177,3.143
2019-08-09,3.186,3.144,3.192,3.136
2019-08-12,3.155,3.203,3.205,3.148
2019-08-13,3.174,3.171,3.187,3.159
2019-08-14,3.216,3.185,3.221,3.184
2019-08-15,3.127,3.2,3.206,3.123
2019-08-16,3.198,3.216,3.242,3.188
2019-08-19,3.245,3.306,3.307,3.227
2019-08-20,3.298,3.29,3.312,3.288
2019-08-21,3.288,3.289,3.299,3.283
2019-08-22,3.299,3.297,3.302,3.277
2019-08-23,3.3,3.324,3.339,3.29
2019-08-26,3.27,3.281,3.293,3.263
2019-08-27,3.296,3.321,3.361,3.294
2019-08-28,3.32,3.309,3.33,3.3
2019-08-29,3.314,3.298,3.316,3.275
2019-08-30,3.323,3.308,3.344,3.283
2019-09-02,3.306,3.351,3.37,3.305
2019-09-03,3.357,3.355,3.361,3.34
2019-09-04,3.356,3.404,3.406,3.355
2019-09-05,3.418,3.441,3.495,3.418
2019-09-06,3.454,3.468,3.47,3.439
2019-09-09,3.495,3.484,3.504,3.464
2019-09-10,3.481,3.473,3.487,3.452
2019-09-11,3.485,3.444,3.487,3.441
2019-09-12,3.457,3.485,3.495,3.451
2019-09-16,3.493,3.471,3.494,3.451
2019-09-17,3.465,3.398,3.466,3.386
2019-09-18,3.413,3.415,3.432,3.406
2019-09-19,3.431,3.434,3.435,3.403
2019-09-20,3.441,3.44,3.451,3.432
2019-09-23,3.429,3.405,3.43,3.383
2019-09-24,3.407,3.408,3.444,3.401
2019-09-25,3.401,3.381,3.405,3.379
2019-09-26,3.396,3.354,3.405,3.351
2019-09-27,3.36,3.363,3.37,3.347
2019-09-30,3.357,3.316,3.366,3.311
2019-10-08,3.321,3.341,3.368,3.321
2019-10-09,3.332,3.352,3.354,3.31
2019-10-10,3.35,3.38,3.387,3.336
2019-10-11,3.388,3.428,3.44,3.374
2019-10-14,3.449,3.457,3.497,3.445
2019-10-15,3.456,3.444,3.461,3.442
2019-10-16,3.449,3.43,3.478,3.427
2019-10-17,3.434,3.436,3.449,3.424
2019-10-18,3.438,3.378,3.453,3.368
2019-10-21,3.369,3.387,3.39,3.364
2019-10-22,3.395,3.402,3.411,3.377
2019-10-23,3.403,3.381,3.408,3.369
2019-10-24,3.382,3.386,3.401,3.36
2019-10-25,3.38,3.41,3.415,3.356
2019-10-28,3.417,3.433,3.439,3.409
2019-10-29,3.436,3.42,3.436,3.416
2019-10-30,3.413,3.394,3.417,3.386
2019-10-31,3.403,3.392,3.412,3.383
2019-11-01,3.387,3.473,3.474,3.381
2019-11-04,3.472,3.486,3.494,3.47
2019-11-05,3.486,3.509,3.548,3.479
2019-11-06,3.507,3.492,3.513,3.48
2019-11-07,3.492,3.497,3.521,3.48
2019-11-08,3.527,3.481,3.531,3.477
2019-11-11,3.46,3.414,3.46,3.407
2019-11-12,3.409,3.409,3.426,3.385
2019-11-13,3.404,3.406,3.412,3.389
2019-11-14,3.406,3.409,3.423,3.399
2019-11-15,3.41,3.39,3.426,3.387
2019-11-18,3.388,3.418,3.425,3.379
2019-11-19,3.416,3.458,3.46,3.41
2019-11-20,3.457,3.417,3.457,3.406
2019-11-21,3.407,3.397,3.414,3.384
2019-11-22,3.406,3.355,3.433,3.341
2019-11-25,3.362,3.383,3.384,3.35
2019-11-26,3.394,3.389,3.403,3.371
2019-11-27,3.387,3.383,3.401,3.368
2019-11-28,3.383,3.377,3.399,3.364
2019-11-29,3.369,3.334,3.375,3.315
2019-12-02,3.338,3.342,3.358,3.334
2019-12-03,3.333,3.358,3.36,3.317
2019-12-04,3.347,3.36,3.361,3.335
2019-12-05,3.368,3.389,3.396,3.367
2019-12-06,3.391,3.413,3.414,3.386
2019-12-09,3.413,3.4,3.422,3.389
2019-12-10,3.393,3.403,3.408,3.388
2019-12-11,3.411,3.409,3.413,3.392
2019-12-12,3.41,3.398,3.413,3.394
2019-12-13,3.433,3.477,3.484,3.432
2019-12-16,3.476,3.489,3.497,3.46
2019-12-17,3.487,3.551,3.577,3.483
2019-12-18,3.552,3.536,3.566,3.531
2019-12-19,3.539,3.529,3.542,3.521
2019-12-20,3.528,3.525,3.555,3.523
2019-12-23,3.524,3.473,3.541,3.471
2019-12-24,3.474,3.494,3.502,3.473
2019-12-25,3.494,3.501,3.506,3.482
2019-12-26,3.498,3.53,3.535,3.496
2019-12-27,3.534,3.526,3.577,3.525
2019-12-30,3.515,3.584,3.597,3.509
2019-12-31,3.578,3.605,3.608,3.571
2020-01-02,3.629,3.658,3.683,3.627
2020-01-03,3.665,3.648,3.671,3.642
2020-01-06,3.635,3.632,3.68,3.603
2020-01-07,3.643,3.664,3.669,3.637
2020-01-08,3.644,3.623,3.658,3.606
2020-01-09,3.647,3.667,3.674,3.643
2020-01-10,3.674,3.666,3.685,3.653
2020-01-13,3.665,3.711,3.714,3.65
2020-01-14,3.711,3.693,3.731,3.689
2020-01-15,3.693,3.661,3.699,3.654
2020-01-16,3.668,3.655,3.672,3.644
2020-01-17,3.661,3.66,3.684,3.646
2020-01-20,3.665,3.69,3.692,3.651
2020-01-21,3.672,3.614,3.672,3.609
2020-01-22,3.598,3.628,3.642,3.543
2020-01-23,3.59,3.505,3.599,3.465
2020-02-03,3.239,3.168,3.245,3.145
2020-02-04,3.159,3.279,3.285,3.158
2020-02-05,3.293,3.316,3.364,3.277
2020-02-06,3.332,3.406,3.422,3.306
2020-02-07,3.379,3.397,3.401,3.353
2020-02-10,3.377,3.41,3.419,3.36
2020-02-11,3.418,3.452,3.469,3.416
2020-02-12,3.448,3.48,3.486,3.439
2020-02-13,3.479,3.459,3.494,3.447
2020-02-14,3.454,3.486,3.504,3.452
2020-02-17,3.495,3.573,3.579,3.495
2020-02-18,3.566,3.548,3.571,3.521
2020-02-19,3.545,3.549,3.578,3.538
2020-02-20,3.564,3.64,3.653,3.548
2020-02-21,3.632,3.654,3.687,3.626
2020-02-24,3.632,3.621,3.645,3.591
2020-02-25,3.56,3.613,3.625,3.521
2020-02-26,3.573,3.579,3.627,3.557
2020-02-27,3.592,3.58,3.606,3.57
2020-02-28,3.519,3.442,3.528,3.433
2020-03-02,3.457,3.585,3.599,3.457
2020-03-03,3.626,3.582,3.648,3.564
2020-03-04,3.574,3.611,3.613,3.557
2020-03-05,3.66,3.709,3.717,3.62
2020-03-06,3.676,3.63,3.678,3.626
2020-03-09,3.577,3.499,3.577,3.49
2020-03-10,3.501,3.587,3.597,3.452
2020-03-11,3.587,3.52,3.587,3.518
2020-03-12,3.482,3.457,3.484,3.428
2020-03-13,3.342,3.398,3.439,3.259
2020-03-16,3.394,3.235,3.394,3.225
2020-03-17,3.268,3.202,3.297,3.124
2020-03-18,3.215,3.14,3.272,3.135
2020-03-19,3.143,3.105,3.156,3.001
2020-03-20,3.121,3.153,3.166,3.091
2020-03-23,3.049,3.035,3.091,3.022
2020-03-24,3.098,3.12,3.132,3.045
2020-03-25,3.202,3.215,3.23,3.179
2020-03-26,3.192,3.192,3.231,3.179
2020-03-27,3.238,3.209,3.263,3.207
2020-03-30,3.168,3.175,3.194,3.139
2020-03-31,3.212,3.178,3.215,3.169
2020-04-01,3.173,3.182,3.232,3.163
2020-04-02,3.167,3.232,3.237,3.15
2020-04-03,3.219,3.206,3.233,3.192
2020-04-07,3.269,3.289,3.302,3.267
2020-04-08,3.275,3.274,3.288,3.261
2020-04-09,3.29,3.285,3.297,3.279
2020-04-10,3.285,3.273,3.321,3.255
2020-04-13,3.259,3.252,3.267,3.241
2020-04-14,3.269,3.314,3.317,3.264
2020-04-15,3.314,3.292,3.323,3.29
2020-04-16,3.279,3.294,3.306,3.275
2020-04-17,3.323,3.328,3.354,3.319
2020-04-20,3.335,3.344,3.345,3.322
2020-04-21,3.329,3.304,3.334,3.279
2020-04-22,3.288,3.338,3.339,3.281
2020-04-23,3.341,3.331,3.351,3.321
2020-04-24,3.316,3.299,3.321,3.287
2020-04-27,3.301,3.316,3.342,3.296
2020-04-28,3.329,3.34,3.353,3.265
2020-04-29,3.335,3.36,3.374,3.332
2020-04-30,3.374,3.417,3.425,3.372
2020-05-06,3.374,3.427,3.435,3.369
2020-05-07,3.427,3.42,3.434,3.408
2020-05-08,3.438,3.462,3.481,3.436
2020-05-11,3.468,3.455,3.501,3.444
2020-05-12,3.456,3.454,3.469,3.426
2020-05-13,3.442,3.463,3.469,3.429
2020-05-14,3.449,3.43,3.449,3.426
2020-05-15,3.437,3.411,3.449,3.41
2020-05-18,3.41,3.423,3.447,3.401
2020-05-19,3.459,3.452,3.466,3.441
2020-05-20,3.449,3.436,3.453,3.429
2020-05-21,3.442,3.41,3.449,3.408
2020-05-22,3.407,3.324,3.407,3.322
2020-05-25,3.321,3.326,3.338,3.306
2020-05-26,3.343,3.372,3.375,3.343
2020-05-27,3.372,3.354,3.373,3.342
2020-05-28,3.356,3.359,3.393,3.324
2020-05-29,3.339,3.375,3.378,3.332
2020-06-01,3.407,3.477,3.485,3.404
2020-06-02,3.477,3.488,3.498,3.469
2020-06-03,3.507,3.487,3.529,3.485
2020-06-04,3.5,3.489,3.504,3.474
2020-06-05,3.488,3.512,3.513,3.474
2020-06-08,3.529,3.531,3.556,3.521
2020-06-09,3.533,3.558,3.559,3.522
2020-06-10,3.554,3.549,3.555,3.536
2020-06-11,3.542,3.512,3.559,3.493
2020-06-12,3.471,3.522,3.532,3.451
2020-06-15,3.491,3.465,3.518,3.464
2020-06-16,3.504,3.527,3.528,3.5
2020-06-17,3.529,3.531,3.532,3.505
2020-06-18,3.522,3.562,3.564,3.514
2020-06-19,3.559,3.614,3.634,3.559
2020-06-22,3.614,3.618,3.649,3.606
2020-06-23,3.609,3.637,3.642,3.595
2020-06-24,3.647,3.673,3.676,3.645
2020-06-29,3.659,3.637,3.669,3.615
2020-06-30,3.657,3.687,3.701,3.655
2020-07-01,3.696,3.781,3.785,3.692
2020-07-02,3.779,3.879,3.884,3.772
2020-07-03,3.895,3.966,3.973,3.878
2020-07-06,4.036,4.293,4.308,4.017
2020-07-07,4.33,4.245,4.359,4.233
2020-07-08,4.243,4.307,4.347,4.217
2020-07-09,4.305,4.381,4.393,4.269
2020-07-10,4.347,4.294,4.366,4.272
2020-07-13,4.291,4.394,4.436,4.286
2020-07-14,4.386,4.351,4.408,4.274
2020-07-15,4.369,4.293,4.404,4.274
2020-07-16,4.299,4.065,4.337,4.059
2020-07-17,4.079,4.114,4.163,4.05
2020-07-20,4.156,4.236,4.249,4.094
2020-07-21,4.258,4.248,4.273,4.22
2020-07-22,4.241,4.301,4.365,4.237
2020-07-23,4.251,4.275,4.298,4.171
2020-07-24,4.235,4.063,4.251,4.036
2020-07-27,4.092,4.091,4.125,4.046
2020-07-28,4.124,4.126,4.15,4.096
2020-07-29,4.114,4.258,4.262,4.108
2020-07-30,4.259,4.223,4.266,4.218
2020-07-31,4.219,4.259,4.318,4.181
2020-08-03,4.299,4.334,4.338,4.281
2020-08-04,4.358,4.338,4.372,4.313
2020-08-05,4.331,4.34,4.354,4.27
2020-08-06,4.34,4.322,4.361,4.256
2020-08-07,4.312,4.274,4.314,4.209
2020-08-10,4.242,4.29,4.327,4.204
2020-08-11,4.294,4.243,4.36,4.235
2020-08-12,4.234,4.211,4.249,4.131
2020-08-13,4.224,4.196,4.233,4.187
2020-08-14,4.197,4.287,4.289,4.179
2020-08-17,4.307,4.386,4.419,4.292
2020-08-18,4.391,4.379,4.401,4.353
2020-08-19,4.376,4.303,4.38,4.3
2020-08-20,4.279,4.252,4.29,4.232
2020-08-21,4.277,4.293,4.317,4.254
2020-08-24,4.315,4.323,4.341,4.288
2020-08-25,4.336,4.332,4.38,4.313
2020-08-26,4.329,4.273,4.359,4.257
2020-08-27,4.279,4.309,4.311,4.25
2020-08-28,4.302,4.426,4.434,4.287
2020-08-31,4.454,4.383,4.477,4.379
2020-09-01,4.375,4.417,4.419,4.369
2020-09-02,4.428,4.413,4.434,4.363
2020-09-03,4.407,4.393,4.449,4.37
2020-09-04,4.319,4.338,4.356,4.3
2020-09-07,4.329,4.241,4.364,4.219
2020-09-08,4.249,4.265,4.279,4.213
2020-09-09,4.209,4.154,4.219,4.124
2020-09-10,4.193,4.158,4.215,4.143
2020-09-11,4.139,4.194,4.202,4.136
2020-09-14,4.216,4.221,4.233,4.194
2020-09-15,4.214,4.256,4.264,4.203
2020-09-16,4.254,4.228,4.258,4.211
2020-09-17,4.212,4.199,4.244,4.176
2020-09-18,4.204,4.32,4.322,4.202
2020-09-21,4.324,4.265,4.359,4.259
2020-09-22,4.234,4.208,4.285,4.188
2020-09-23,4.212,4.222,4.238,4.193
2020-09-24,4.194,4.145,4.205,4.134
2020-09-25,4.152,4.148,4.175,4.13
2020-09-28,4.151,4.158,4.19,4.144
2020-09-29,4.179,4.169,4.196,4.161
2020-09-30,4.182,4.155,4.204,4.129
2020-10-09,4.23,4.248,4.274,4.229
2020-10-12,4.274,4.396,4.402,4.272
2020-10-13,4.397,4.412,4.423,4.369
2020-10-14,4.399,4.388,4.406,4.372
2020-10-15,4.383,4.376,4.41,4.367
2020-10-16,4.373,4.362,4.401,4.333
2020-10-19,4.389,4.331,4.429,4.313
2020-10-20,4.32,4.361,4.363,4.316
2020-10-21,4.364,4.367,4.373,4.327
2020-10-22,4.353,4.351,4.368,4.301
2020-10-23,4.341,4.295,4.376,4.29
2020-10-26,4.266,4.259,4.285,4.215
2020-10-27,4.246,4.273,4.279,4.242
2020-10-28,4.271,4.313,4.327,4.256
2020-10-29,4.268,4.357,4.38,4.261
2020-10-30,4.347,4.266,4.356,4.257
2020-11-02,4.268,4.294,4.313,4.268
2020-11-03,4.309,4.345,4.372,4.309
2020-11-04,4.354,4.382,4.404,4.339
2020-11-05,4.429,4.458,4.462,4.409
2020-11-06,4.467,4.46,4.471,4.417
2020-11-09,4.489,4.557,4.583,4.489
2020-11-10,4.569,4.53,4.572,4.501
2020-11-11,4.517,4.483,4.537,4.478
2020-11-12,4.489,4.48,4.503,4.465
2020-11-13,4.46,4.429,4.462,4.396
2020-11-16,4.454,4.482,4.484,4.42
2020-11-17,4.476,4.473,4.479,4.443
2020-11-18,4.469,4.466,4.491,4.443
2020-11-19,4.455,4.508,4.521,4.447
2020-11-20,4.509,4.523,4.529,4.495
2020-11-23,4.539,4.581,4.614,4.518
2020-11-24,4.578,4.549,4.584,4.54
2020-11-25,4.564,4.487,4.586,4.485
2020-11-26,4.485,4.494,4.499,4.446
2020-11-27,4.494,4.565,4.569,4.486
2020-11-30,4.578,4.54,4.639,4.537
2020-12-01,4.536,4.651,4.659,4.535
2020-12-02,4.654,4.64,4.674,4.617
2020-12-03,4.635,4.638,4.656,4.612
2020-12-04,4.629,4.649,4.656,4.589
2020-12-07,4.649,4.605,4.651,4.586
2020-12-08,4.605,4.589,4.629,4.581
2020-12-09,4.604,4.529,4.616,4.52
2020-12-10,4.519,4.519,4.541,4.501
2020-12-11,4.529,4.463,4.544,4.427
2020-12-14,4.468,4.507,4.511,4.457
2020-12-15,4.507,4.522,4.529,4.475
2020-12-16,4.529,4.532,4.539,4.513
2020-12-17,4.531,4.603,4.607,4.523
2020-12-18,4.599,4.574,4.604,4.552
2020-12-21,4.571,4.619,4.63,4.544
2020-12-22,4.608,4.542,4.626,4.535
2020-12-23,4.549,4.583,4.607,4.546
2020-12-24,4.583,4.583,4.606,4.559
2020-12-25,4.563,4.625,4.628,4.552
2020-12-28,4.621,4.639,4.669,4.612
2020-12-29,4.647,4.623,4.661,4.615
2020-12-30,4.619,4.687,4.689,4.616
2020-12-31,4.697,4.796,4.802,4.695
2021-01-04,4.789,4.843,4.875,4.769
2021-01-05,4.83,4.942,4.954,4.814
2021-01-06,4.956,4.991,5.023,4.926
2021-01-07,4.999,5.108,5.109,4.992
2021-01-08,5.117,5.08,5.14,5.028
2021-01-11,5.081,5.017,5.129,4.986
2021-01-12,5.005,5.177,5.181,5.001
2021-01-13,5.193,5.155,5.224,5.119
2021-01-14,5.155,5.052,5.155,5.047
2021-01-15,5.052,5.035,5.085,4.969
2021-01-18,5.032,5.094,5.128,4.996
2021-01-19,5.099,5.019,5.111,4.997
2021-01-20,5.017,5.049,5.076,5.011
2021-01-21,5.064,5.143,5.169,5.064
2021-01-22,5.138,5.146,5.151,5.087
2021-01-25,5.145,5.212,5.23,5.112
2021-01-26,5.188,5.092,5.191,5.084
2021-01-27,5.086,5.102,5.113,5.031
2021-01-28,5.041,4.966,5.041,4.945
2021-01-29,4.988,4.929,5.004,4.863
2021-02-01,4.929,4.992,4.995,4.927
2021-02-02,5.001,5.072,5.075,4.992
2021-02-03,5.072,5.066,5.106,5.045
2021-02-04,5.041,5.055,5.091,4.997
2021-02-05,5.067,5.063,5.128,5.057
2021-02-08,5.101,5.135,5.154,5.063
2021-02-09,5.156,5.273,5.275,5.131
2021-02-10,5.287,5.388,5.414,5.278
2021-02-18,5.504,5.345,5.514,5.329
2021-02-19,5.323,5.377,5.382,5.252
2021-02-22,5.366,5.17,5.367,5.165
2021-02-23,5.131,5.155,5.218,5.128
2021-02-24,5.169,5.008,5.181,4.952
2021-02-25,5.062,5.059,5.104,5.023
2021-02-26,4.97,4.91,5.001,4.902
2021-03-01,4.962,4.999,5.001,4.929
2021-03-02,5.027,4.93,5.032,4.888
2021-03-03,4.914,5.035,5.039,4.897
2021-03-04,4.981,4.868,4.981,4.839
2021-03-05,4.783,4.847,4.892,4.76
2021-03-08,4.881,4.661,4.906,4.651
2021-03-09,4.658,4.56,4.676,4.507
2021-03-10,4.618,4.581,4.642,4.564
2021-03-11,4.605,4.71,4.713,4.596
2021-03-12,4.726,4.723,4.733,4.661
2021-03-15,4.699,4.621,4.7,4.574
2021-03-16,4.623,4.654,4.667,4.593
2021-03-17,4.64,4.677,4.702,4.594
2021-03-18,4.689,4.717,4.74,4.687
2021-03-19,4.653,4.578,4.669,4.564
2021-03-22,4.576,4.635,4.653,4.571
2021-03-23,4.63,4.59,4.639,4.548
2021-03-24,4.569,4.514,4.611,4.493
2021-03-25,4.487,4.51,4.532,4.469
2021-03-26,4.531,4.614,4.637,4.527
2021-03-29,4.626,4.624,4.661,4.586
2021-03-30,4.621,4.668,4.685,4.611
2021-03-31,4.664,4.631,4.665,4.594
2021-04-01,4.637,4.693,4.701,4.633
2021-04-02,4.711,4.742,4.747,4.69
2021-04-06,4.754,4.714,4.758,4.701
2021-04-07,4.719,4.679,4.721,4.648
2021-04-08,4.662,4.69,4.711,4.638
2021-04-09,4.676,4.619,4.676,4.606
2021-04-12,4.607,4.535,4.63,4.518
2021-04-13,4.527,4.528,4.575,4.51
2021-04-14,4.533,4.556,4.57,4.524
2021-04-15,4.541,4.528,4.546,4.475
2021-04-16,4.54,4.544,4.556,4.499
2021-04-19,4.54,4.67,4.678,4.517
2021-04-20,4.652,4.662,4.697,4.643
2021-04-21,4.63,4.674,4.689,4.628
2021-04-22,4.682,4.67,4.699,4.646
2021-04-23,4.662,4.721,4.731,4.662
2021-04-26,4.732,4.657,4.772,4.652
2021-04-27,4.661,4.67,4.679,4.634
2021-04-28,4.652,4.708,4.711,4.637
2021-04-29,4.709,4.754,4.761,4.701
2021-04-30,4.742,4.709,4.753,4.675
2021-05-06,4.69,4.642,4.723,4.616
2021-05-07,4.654,4.581,4.678,4.577
2021-05-10,4.585,4.58,4.606,4.536
2021-05-11,4.548,4.606,4.625,4.513
2021-05-12,4.595,4.637,4.644,4.577
2021-05-13,4.597,4.582,4.608,4.557
2021-05-14,4.601,4.708,4.71,4.573
2021-05-17,4.704,4.769,4.796,4.698
2021-05-18,4.78,4.771,4.793,4.748
2021-05-19,4.761,4.757,4.777,4.734
2021-05-20,4.753,4.771,4.787,4.733
2021-05-21,4.778,4.716,4.808,4.704
2021-05-24,4.716,4.744,4.745,4.677
2021-05-25,4.744,4.908,4.919,4.744
2021-05-26,4.912,4.909,4.934,4.897
2021-05-27,4.901,4.928,4.975,4.877
2021-05-28,4.927,4.913,4.954,4.881
2021-05-31,4.91,4.919,4.92,4.871
2021-06-01,4.914,4.927,4.931,4.852
2021-06-02,4.932,4.884,4.938,4.857
2021-06-03,4.881,4.843,4.904,4.841
2021-06-04,4.831,4.876,4.933,4.814
2021-06-07,4.876,4.87,4.879,4.832
2021-06-08,4.87,4.828,4.921,4.794
2021-06-09,4.814,4.836,4.847,4.812
2021-06-10,4.83,4.87,4.905,4.829
2021-06-11,4.874,4.821,4.888,4.817
2021-06-15,4.821,4.762,4.831,4.735
2021-06-16,4.756,4.691,4.764,4.675
2021-06-17,4.681,4.702,4.725,4.678
2021-06-18,4.701,4.707,4.736,4.67
2021-06-21,4.689,4.7,4.736,4.668
2021-06-22,4.721,4.726,4.732,4.692
2021-06-23,4.733,4.757,4.784,4.717
2021-06-24,4.761,4.77,4.771,4.736
2021-06-25,4.774,4.851,4.87,4.772
2021-06-28,4.859,4.86,4.871,4.838
2021-06-29,4.86,4.806,4.86,4.796
2021-06-30,4.807,4.837,4.848,4.806
2021-07-01,4.854,4.835,4.865,4.803
2021-07-02,4.801,4.694,4.803,4.692
2021-07-05,4.694,4.701,4.713,4.671
2021-07-06,4.701,4.708,4.711,4.652
2021-07-07,4.686,4.761,4.783,4.678
2021-07-08,4.77,4.717,4.777,4.702
2021-07-09,4.701,4.693,4.709,4.637
2021-07-12,4.731,4.761,4.79,4.703
2021-07-13,4.76,4.777,4.795,4.749
2021-07-14,4.772,4.72,4.772,4.709
2021-07-15,4.712,4.788,4.795,4.705
2021-07-16,4.781,4.737,4.786,4.733
2021-07-19,4.728,4.759,4.769,4.687
2021-07-20,4.721,4.746,4.76,4.712
2021-07-21,4.761,4.785,4.806,4.753
2021-07-22,4.786,4.79,4.814,4.779
2021-07-23,4.791,4.738,4.792,4.726
2021-07-26,4.718,4.563,4.719,4.504
2021-07-27,4.56,4.39,4.581,4.384
2021-07-28,4.384,4.4,4.424,4.316
2021-07-29,4.48,4.487,4.498,4.439
2021-07-30,4.464,4.453,4.465,4.402
2021-08-02,4.437,4.574,4.585,4.405
2021-08-03,4.552,4.576,4.6,4.536
2021-08-04,4.565,4.62,4.621,4.563
2021-08-05,4.585,4.59,4.639,4.562
2021-08-06,4.581,4.574,4.586,4.543
2021-08-09,4.551,4.629,4.648,4.533
2021-08-10,4.617,4.686,4.689,4.583
2021-08-11,4.679,4.659,4.705,4.656
2021-08-12,4.641,4.627,4.662,4.617
2021-08-13,4.614,4.6,4.647,4.571
2021-08-16,4.594,4.597,4.625,4.582
2021-08-17,4.591,4.485,4.623,4.476
2021-08-18,4.485,4.538,4.567,4.473
2021-08-19,4.521,4.504,4.538,4.482
2021-08-20,4.493,4.414,4.494,4.369
2021-08-23,4.424,4.486,4.492,4.421
2021-08-24,4.491,4.538,4.559,4.491
2021-08-25,4.546,4.552,4.554,4.519
2021-08-26,4.549,4.467,4.55,4.451
2021-08-27,4.46,4.48,4.525,4.457
2021-08-30,4.492,4.462,4.503,4.44
2021-08-31,4.463,4.46,4.478,4.391
2021-09-01,4.461,4.53,4.569,4.421
2021-09-02,4.541,4.526,4.549,4.501
2021-09-03,4.526,4.499,4.55,4.49
2021-09-06,4.499,4.583,4.597,4.495
2021-09-07,4.581,4.646,4.67,4.567
2021-09-08,4.65,4.625,4.674,4.609
2021-09-09,4.612,4.623,4.624,4.583
2021-09-10,4.618,4.672,4.708,4.615
2021-09-13,4.666,4.645,4.69,4.616
2021-09-14,4.646,4.579,4.663,4.558
2021-09-15,4.571,4.526,4.572,4.498
2021-09-16,4.526,4.47,4.536,4.462
2021-09-17,4.469,4.509,4.515,4.449
2021-09-22,4.441,4.476,4.493,4.433
2021-09-23,4.498,4.505,4.536,4.487
2021-09-24,4.509,4.512,4.556,4.499
2021-09-27,4.526,4.544,4.579,4.502
2021-09-28,4.536,4.535,4.561,4.507
2021-09-29,4.503,4.502,4.53,4.459
2021-09-30,4.504,4.516,4.534,4.502
2021-10-08,4.559,4.587,4.596,4.552
2021-10-11,4.595,4.586,4.641,4.582
2021-10-12,4.568,4.534,4.579,4.494
2021-10-13,4.526,4.59,4.606,4.524
2021-10-14,4.584,4.563,4.609,4.552
2021-10-15,4.56,4.587,4.598,4.541
2021-10-18,4.584,4.529,4.585,4.497
2021-10-19,4.521,4.576,4.581,4.518
2021-10-20,4.581,4.562,4.603,4.552
2021-10-21,4.561,4.584,4.608,4.543
2021-10-22,4.591,4.617,4.653,4.591
2021-10-25,4.603,4.634,4.642,4.592
2021-10-26,4.636,4.617,4.669,4.604
2021-10-27,4.605,4.551,4.605,4.539
2021-10-28,4.541,4.53,4.558,4.507
2021-10-29,4.527,4.562,4.563,4.515
2021-11-01,4.538,4.546,4.569,4.52
2021-11-02,4.543,4.494,4.576,4.455
2021-11-03,4.491,4.474,4.517,4.46
2021-11-04,4.494,4.521,4.532,4.493
2021-11-05,4.511,4.504,4.548,4.503
2021-11-08,4.501,4.5,4.529,4.483
2021-11-09,4.516,4.498,4.533,4.473
2021-11-10,4.494,4.473,4.494,4.407
2021-11-11,4.463,4.553,4.556,4.461
2021-11-12,4.557,4.551,4.572,4.535
2021-11-15,4.555,4.545,4.572,4.524
2021-11-16,4.547,4.541,4.577,4.531
2021-11-17,4.534,4.54,4.555,4.522
2021-11-18,4.528,4.496,4.533,4.483
2021-11-19,4.491,4.551,4.557,4.486
2021-11-22,4.555,4.564,4.576,4.548
2021-11-23,4.557,4.567,4.581,4.547
2021-11-24,4.567,4.578,4.597,4.555
2021-11-25,4.579,4.559,4.58,4.551
2021-11-26,4.546,4.517,4.547,4.508
2021-11-29,4.481,4.51,4.519,4.481
2021-11-30,4.513,4.492,4.53,4.469
2021-12-01,4.492,4.505,4.51,4.488
2021-12-02,4.501,4.515,4.526,4.484
2021-12-03,4.515,4.56,4.561,4.507
2021-12-06,4.563,4.555,4.597,4.55
2021-12-07,4.576,4.583,4.59,4.559
2021-12-08,4.588,4.655,4.66,4.57
2021-12-09,4.659,4.739,4.785,4.657
2021-12-10,4.724,4.724,4.731,4.704
2021-12-13,4.748,4.737,4.808,4.73
2021-12-14,4.718,4.706,4.736,4.696
2021-12-15,4.701,4.66,4.717,4.656
2021-12-16,4.663,4.687,4.688,4.646
2021-12-17,4.679,4.614,4.682,4.612
2021-12-20,4.6,4.539,4.631,4.528
2021-12-21,4.534,4.56,4.573,4.53
2021-12-22,4.573,4.563,4.585,4.551
2021-12-23,4.574,4.601,4.607,4.559
2021-12-24,4.607,4.578,4.613,4.559
2021-12-27,4.578,4.582,4.599,4.551
2021-12-28,4.582,4.608,4.618,4.573
2021-12-29,4.606,4.541,4.612,4.54
2021-12-30,4.541,4.577,4.598,4.536
2021-12-31,4.591,4.589,4.61,4.575
2022-01-04,4.606,4.571,4.608,4.523
2022-01-05,4.56,4.524,4.573,4.506
2022-01-06,4.504,4.468,4.514,4.438
2022-01-07,4.481,4.48,4.511,4.474
2022-01-10,4.469,4.493,4.504,4.44
2022-01-11,4.493,4.448,4.505,4.445
2022-01-12,4.465,4.5,4.514,4.465
2022-01-13,4.511,4.419,4.513,4.417
2022-01-14,4.406,4.375,4.421,4.372
2022-01-17,4.379,4.416,4.432,4.378
2022-01-18,4.413,4.462,4.478,4.396
2022-01-19,4.471,4.436,4.495,4.412
2022-01-20,4.431,4.474,4.503,4.43
2022-01-21,4.466,4.44,4.471,4.42
2022-01-24,4.416,4.442,4.455,4.404
2022-01-25,4.418,4.336,4.433,4.332
2022-01-26,4.351,4.362,4.367,4.306
2022-01-27,4.349,4.281,4.355,4.272
2022-01-28,4.293,4.21,4.315,4.206
2022-02-07,4.281,4.282,4.319,4.262
2022-02-08,4.282,4.26,4.282,4.171
2022-02-09,4.262,4.299,4.309,4.246
2022-02-10,4.306,4.288,4.309,4.262
2022-02-11,4.27,4.252,4.314,4.249
2022-02-14,4.236,4.203,4.25,4.182
2022-02-15,4.204,4.245,4.249,4.202
2022-02-16,4.266,4.266,4.29,4.254
2022-02-17,4.261,4.276,4.3,4.255
2022-02-18,4.256,4.3,4.301,4.251
2022-02-21,4.292,4.283,4.293,4.261
2022-02-22,4.246,4.223,4.253,4.205
2022-02-23,4.236,4.271,4.274,4.227
2022-02-24,4.246,4.186,4.258,4.145
2022-02-25,4.209,4.221,4.267,4.209
2022-02-28,4.218,4.227,4.229,4.178
2022-03-01,4.244,4.265,4.273,4.229
2022-03-02,4.245,4.23,4.246,4.208
2022-03-03,4.246,4.201,4.256,4.191
2022-03-04,4.161,4.15,4.19,4.136
2022-03-07,4.115,4.002,4.115,3.984
2022-03-08,4.003,3.92,4.027,3.904
2022-03-09,3.928,3.88,3.95,3.726
2022-03-10,3.956,3.94,3.982,3.938
2022-03-11,3.884,3.968,3.974,3.831
2022-03-14,3.906,3.828,3.93,3.827
2022-03-15,3.791,3.629,3.82,3.624
2022-03-16,3.691,3.802,3.826,3.598
2022-03-17,3.879,3.886,3.95,3.861
2022-03-18,3.866,3.914,3.932,3.845
2022-03-21,3.919,3.908,3.936,3.868
2022-03-22,3.888,3.904,3.938,3.887
2022-03-23,3.914,3.929,3.942,3.896
2022-03-24,3.906,3.902,3.926,3.869
2022-03-25,3.901,3.825,3.91,3.823
2022-03-28,3.79,3.8,3.83,3.739
2022-03-29,3.811,3.782,3.829,3.775
2022-03-30,3.81,3.905,3.908,3.81
2022-03-31,3.895,3.874,3.9,3.866
2022-04-01,3.843,3.925,3.945,3.841
2022-04-06,3.899,3.913,3.925,3.884
2022-04-07,3.893,3.861,3.924,3.858
2022-04-08,3.864,3.889,3.892,3.831
2022-04-11,3.861,3.757,3.862,3.744
2022-04-12,3.759,3.827,3.832,3.732
2022-04-13,3.807,3.795,3.843,3.791
2022-04-14,3.832,3.839,3.868,3.809
2022-04-15,3.816,3.837,3.862,3.806
2022-04-18,3.801,3.817,3.82,3.773
2022-04-19,3.816,3.79,3.842,3.766
2022-04-20,3.788,3.72,3.794,3.714
2022-04-21,3.708,3.652,3.737,3.631
2022-04-22,3.621,3.662,3.693,3.608
2022-04-25,3.601,3.469,3.615,3.463
2022-04-26,3.472,3.439,3.529,3.43
2022-04-27,3.427,3.545,3.547,3.416
2022-04-28,3.528,3.571,3.591,3.525
2022-04-29,3.585,3.671,3.675,3.549
2022-05-05,3.636,3.656,3.687,3.626
2022-05-06,3.581,3.559,3.599,3.556
2022-05-09,3.534,3.527,3.562,3.506
2022-05-10,3.489,3.572,3.589,3.464
2022-05-11,3.565,3.627,3.682,3.565
2022-05-12,3.611,3.607,3.635,3.589
2022-05-13,3.644,3.638,3.655,3.608
2022-05-16,3.656,3.607,3.67,3.596
2022-05-17,3.616,3.656,3.657,3.605
2022-05-18,3.663,3.642,3.673,3.616
2022-05-19,3.603,3.651,3.653,3.592
2022-05-20,3.676,3.735,3.736,3.666
2022-05-23,3.735,3.703,3.735,3.677
2022-05-24,3.702,3.621,3.705,3.616
2022-05-25,3.616,3.638,3.64,3.604
2022-05-26,3.639,3.648,3.676,3.588
2022-05-27,3.678,3.658,3.713,3.641
2022-05-30,3.676,3.681,3.699,3.663
2022-05-31,3.681,3.745,3.759,3.672
2022-06-01,3.745,3.739,3.752,3.716
2022-06-02,3.722,3.75,3.754,3.714
2022-06-06,3.748,3.832,3.833,3.721
2022-06-07,3.817,3.838,3.858,3.811
2022-06-08,3.841,3.88,3.886,3.821
2022-06-09,3.871,3.846,3.89,3.829
2022-06-10,3.815,3.904,3.916,3.814
2022-06-13,3.866,3.852,3.879,3.826
2022-06-14,3.821,3.892,3.896,3.771
2022-06-15,3.889,3.941,4.02,3.889
2022-06-16,3.954,3.914,3.973,3.905
2022-06-17,3.897,3.977,3.993,3.891
2022-06-20,3.987,3.998,4.044,3.964
2022-06-21,3.998,3.996,4.034,3.961
2022-06-22,3.996,3.946,4.003,3.938
2022-06-23,3.947,4.021,4.023,3.94
2022-06-24,4.031,4.069,4.082,4.019
2022-06-27,4.085,4.117,4.155,4.085
2022-06-28,4.116,4.169,4.182,4.089
2022-06-29,4.154,4.114,4.183,4.099
2022-06-30,4.11,4.164,4.201,4.109
2022-07-01,4.176,4.149,4.181,4.13
2022-07-04,4.134,4.177,4.179,4.105
2022-07-05,4.182,4.167,4.221,4.118
2022-07-06,4.156,4.108,4.166,4.079
2022-07-07,4.101,4.124,4.144,4.078
2022-07-08,4.147,4.12,4.169,4.113
2022-07-11,4.102,4.044,4.102,4.026
2022-07-12,4.038,4.008,4.063,3.994
2022-07-13,4.011,4.015,4.035,3.984
2022-07-14,4.011,4.016,4.045,3.992
2022-07-15,4.006,3.951,4.056,3.949
2022-07-18,3.968,3.997,4.015,3.93
2022-07-19,3.993,3.975,3.993,3.941
2022-07-20,3.996,3.987,4.016,3.974
2022-07-21,3.971,3.942,3.994,3.941
2022-07-22,3.957,3.945,3.991,3.915
2022-07-25,3.941,3.927,3.944,3.909
2022-07-26,3.933,3.956,3.976,3.93
2022-07-27,3.946,3.932,3.953,3.924
2022-07-28,3.948,3.935,3.986,3.931
2022-07-29,3.939,3.876,3.961,3.867
2022-08-01,3.862,3.894,3.904,3.837
2022-08-02,3.866,3.823,3.866,3.788
2022-08-03,3.836,3.778,3.865,3.767
2022-08-04,3.795,3.809,3.818,3.778
2022-08-05,3.812,3.874,3.88,3.809
2022-08-08,3.857,3.86,3.875,3.849
2022-08-09,3.858,3.867,3.875,3.846
2022-08-10,3.858,3.822,3.872,3.804
2022-08-11,3.839,3.91,3.916,3.832
2022-08-12,3.908,3.911,3.922,3.894
2022-08-15,3.898,3.901,3.942,3.894
2022-08-16,3.906,3.891,3.928,3.883
2022-08-17,3.892,3.932,3.943,3.867
2022-08-18,3.926,3.895,3.93,3.89
2022-08-19,3.891,3.865,3.907,3.863
2022-08-22,3.856,3.892,3.904,3.852
2022-08-23,3.889,3.878,3.906,3.859
2022-08-24,3.89,3.801,3.894,3.792
2022-08-25,3.809,3.837,3.842,3.78
2022-08-26,3.835,3.831,3.857,3.824
2022-08-29,3.797,3.806,3.817,3.781
2022-08-30,3.81,3.797,3.812,3.762
2022-08-31,3.78,3.797,3.838,3.769
2022-09-01,3.786,3.763,3.809,3.754
2022-09-02,3.766,3.74,3.775,3.72
2022-09-05,3.731,3.738,3.739,3.696
2022-09-06,3.751,3.767,3.772,3.73
2022-09-07,3.753,3.775,3.787,3.75
2022-09-08,3.779,3.757,3.787,3.756
2022-09-09,3.763,3.815,3.823,3.762
2022-09-13,3.822,3.829,3.851,3.818
2022-09-14,3.79,3.783,3.811,3.77
2022-09-15,3.79,3.746,3.803,3.721
2022-09-16,3.733,3.656,3.743,3.652
2022-09-19,3.65,3.645,3.671,3.631
2022-09-20,3.662,3.647,3.679,3.636
2022-09-21,3.636,3.617,3.646,3.599
2022-09-22,3.601,3.588,3.62,3.576
2022-09-23,3.588,3.58,3.607,3.548
2022-09-26,3.556,3.555,3.614,3.55
2022-09-27,3.566,3.605,3.613,3.548
2022-09-28,3.591,3.549,3.594,3.546
2022-09-29,3.572,3.55,3.593,3.529
2022-09-30,3.551,3.524,3.571,3.521
2022-10-10,3.523,3.445,3.526,3.433
2022-10-11,3.447,3.442,3.46,3.426
2022-10-12,3.443,3.504,3.507,3.375
2022-10-13,3.472,3.471,3.503,3.462
2022-10-14,3.508,3.559,3.579,3.499
2022-10-17,3.551,3.558,3.562,3.525
2022-10-18,3.58,3.551,3.586,3.543
2022-10-19,3.546,3.492,3.558,3.49
2022-10-20,3.476,3.48,3.532,3.447
2022-10-21,3.493,3.458,3.495,3.44
2022-10-24,3.455,3.36,3.489,3.342
2022-10-25,3.348,3.344,3.395,3.317
2022-10-26,3.346,3.372,3.424,3.345
2022-10-27,3.395,3.346,3.406,3.345
2022-10-28,3.333,3.26,3.339,3.251
2022-10-31,3.236,3.221,3.272,3.208
2022-11-01,3.241,3.359,3.361,3.236
2022-11-02,3.341,3.393,3.423,3.334
2022-11-03,3.373,3.363,3.388,3.345
2022-11-04,3.361,3.49,3.507,3.36
2022-11-07,3.466,3.49,3.511,3.465
2022-11-08,3.49,3.467,3.499,3.443
2022-11-09,3.467,3.427,3.48,3.423
2022-11-10,3.406,3.406,3.422,3.383
2022-11-11,3.498,3.504,3.554,3.466
2022-11-14,3.554,3.506,3.575,3.496
2022-11-15,3.498,3.581,3.59,3.491
2022-11-16,3.574,3.552,3.594,3.547
2022-11-17,3.542,3.535,3.542,3.491
2022-11-18,3.538,3.522,3.558,3.515
2022-11-21,3.493,3.489,3.493,3.446
2022-11-22,3.483,3.487,3.527,3.461
2022-11-23,3.476,3.49,3.512,3.47
2022-11-24,3.506,3.472,3.524,3.466
2022-11-25,3.475,3.493,3.51,3.461
2022-11-28,3.428,3.448,3.455,3.386
2022-11-29,3.47,3.564,3.573,3.47
2022-11-30,3.554,3.567,3.583,3.551
2022-12-01,3.636,3.612,3.666,3.611
2022-12-02,3.611,3.589,3.62,3.587
2022-12-05,3.63,3.66,3.663,3.613
2022-12-06,3.648,3.683,3.706,3.644
2022-12-07,3.676,3.671,3.722,3.656
2022-12-08,3.671,3.68,3.689,3.659
2022-12-09,3.679,3.714,3.725,3.664
2022-12-12,3.701,3.672,3.701,3.668
2022-12-13,3.674,3.661,3.684,3.656
2022-12-14,3.666,3.671,3.689,3.651
2022-12-15,3.672,3.669,3.681,3.644
2022-12-16,3.667,3.673,3.682,3.648
2022-12-19,3.678,3.615,3.689,3.598
2022-12-20,3.601,3.552,3.604,3.529
2022-12-21,3.557,3.549,3.567,3.538
2022-12-22,3.572,3.557,3.6,3.537
2022-12-23,3.54,3.547,3.568,3.528
2022-12-26,3.546,3.556,3.576,3.544
2022-12-27,3.596,3.603,3.609,3.575
2022-12-28,3.595,3.59,3.601,3.573
2022-12-29,3.575,3.578,3.589,3.552
2022-12-30,3.593,3.594,3.607,3.59
2023-01-03,3.593,3.605,3.617,3.546
2023-01-04,3.604,3.61,3.621,3.587
2023-01-05,3.631,3.685,3.691,3.628
2023-01-06,3.686,3.701,3.718,3.682
2023-01-09,3.721,3.726,3.742,3.708
2023-01-10,3.724,3.732,3.748,3.718
2023-01-11,3.733,3.732,3.761,3.725
2023-01-12,3.739,3.738,3.751,3.724
2023-01-13,3.745,3.8,3.804,3.745
2023-01-16,3.805,3.863,3.904,3.803
2023-01-17,3.863,3.859,3.872,3.842
2023-01-18,3.866,3.85,3.872,3.846
2023-01-19,3.841,3.878,3.88,3.823
2023-01-20,3.893,3.901,3.914,3.885
2023-01-30,3.98,3.925,3.987,3.918
2023-01-31,3.928,3.879,3.937,3.872
2023-02-01,3.884,3.91,3.912,3.853
2023-02-02,3.922,3.9,3.925,3.883
2023-02-03,3.874,3.857,3.877,3.821
2023-02-06,3.823,3.8,3.824,3.778
2023-02-07,3.806,3.81,3.821,3.79
2023-02-08,3.812,3.793,3.829,3.785
2023-02-09,3.787,3.847,3.851,3.783
2023-02-10,3.848,3.823,3.848,3.806
2023-02-13,3.81,3.855,3.861,3.803
2023-02-14,3.861,3.864,3.867,3.839
2023-02-15,3.861,3.836,3.874,3.828
2023-02-16,3.84,3.807,3.888,3.782
2023-02-17,3.805,3.749,3.821,3.745
2023-02-20,3.754,3.854,3.857,3.748
2023-02-21,3.854,3.859,3.87,3.834
2023-02-22,3.843,3.819,3.854,3.812
2023-02-23,3.823,3.819,3.845,3.801
2023-02-24,3.818,3.78,3.818,3.76
2023-02-27,3.76,3.765,3.783,3.748
2023-02-28,3.777,3.791,3.796,3.74
2023-03-01,3.787,3.84,3.856,3.78
2023-03-02,3.83,3.835,3.854,3.827
2023-03-03,3.846,3.844,3.856,3.814
2023-03-06,3.845,3.819,3.847,3.8
2023-03-07,3.815,3.762,3.838,3.759
2023-03-08,3.75,3.746,3.755,3.73
2023-03-09,3.752,3.736,3.756,3.712
2023-03-10,3.71,3.681,3.724,3.679
2023-03-13,3.681,3.725,3.728,3.681
2023-03-14,3.72,3.7,3.72,3.665
2023-03-15,3.726,3.699,3.736,3.698
2023-03-16,3.68,3.653,3.699,3.65
2023-03-17,3.68,3.674,3.724,3.655
2023-03-20,3.674,3.652,3.696,3.646
2023-03-21,3.663,3.695,3.699,3.661
2023-03-22,3.705,3.713,3.729,3.699
2023-03-23,3.7,3.751,3.752,3.698
2023-03-24,3.743,3.746,3.754,3.734
2023-03-27,3.745,3.725,3.745,3.704
2023-03-28,3.726,3.717,3.738,3.71
2023-03-29,3.738,3.717,3.739,3.711
2023-03-30,3.718,3.76,3.761,3.701
2023-03-31,3.765,3.77,3.783,3.759
2023-04-03,3.77,3.8,3.811,3.765
2023-04-04,3.8,3.82,3.822,3.792
2023-04-06,3.805,3.808,3.813,3.793
2023-04-07,3.808,3.837,3.849,3.806
2023-04-10,3.848,3.822,3.849,3.818
2023-04-11,3.825,3.812,3.832,3.798
2023-04-12,3.813,3.808,3.818,3.8
2023-04-13,3.799,3.783,3.805,3.777
2023-04-14,3.795,3.804,3.814,3.791
2023-04-17,3.801,3.865,3.867,3.8
2023-04-18,3.864,3.872,3.883,3.856
2023-04-19,3.874,3.839,3.874,3.835
2023-04-20,3.838,3.823,3.842,3.81
2023-04-21,3.823,3.75,3.826,3.744
2023-04-24,3.749,3.699,3.752,3.683
2023-04-25,3.7,3.68,3.708,3.644
2023-04-26,3.678,3.671,3.69,3.654
2023-04-27,3.668,3.706,3.72,3.66
2023-04-28,3.717,3.745,3.75,3.711
2023-05-04,3.733,3.745,3.747,3.716
2023-05-05,3.746,3.729,3.758,3.709
2023-05-08,3.736,3.774,3.784,3.731
2023-05-09,3.779,3.739,3.805,3.739
2023-05-10,3.737,3.708,3.739,3.7
2023-05-11,3.718,3.703,3.728,3.7
2023-05-12,3.702,3.652,3.716,3.65
2023-05-15,3.654,3.715,3.716,3.643
2023-05-16,3.714,3.698,3.72,3.682
2023-05-17,3.691,3.671,3.702,3.661
2023-05-18,3.678,3.67,3.698,3.651
2023-05-19,3.66,3.664,3.686,3.642
2023-05-22,3.663,3.684,3.705,3.65
2023-05-23,3.687,3.627,3.691,3.626
2023-05-24,3.622,3.574,3.623,3.572
2023-05-25,3.568,3.565,3.578,3.532
2023-05-26,3.563,3.57,3.581,3.533
2023-05-29,3.578,3.554,3.59,3.539
2023-05-30,3.546,3.558,3.567,3.51
2023-05-31,3.548,3.522,3.548,3.505
2023-06-01,3.519,3.53,3.56,3.514
2023-06-02,3.55,3.583,3.593,3.55
2023-06-05,3.577,3.565,3.581,3.555
2023-06-06,3.566,3.528,3.594,3.524
2023-06-07,3.54,3.516,3.547,3.503
2023-06-08,3.516,3.548,3.563,3.503
2023-06-09,3.549,3.564,3.567,3.542
2023-06-12,3.56,3.568,3.59,3.545
2023-06-13,3.56,3.597,3.6,3.557
2023-06-14,3.599,3.597,3.624,3.595
2023-06-15,3.606,3.662,3.663,3.6
2023-06-16,3.669,3.699,3.708,3.669
2023-06-19,3.699,3.669,3.699,3.664
2023-06-20,3.661,3.662,3.679,3.656
2023-06-21,3.655,3.607,3.659,3.605
2023-06-26,3.586,3.563,3.59,3.551
2023-06-27,3.562,3.589,3.599,3.555
2023-06-28,3.583,3.597,3.598,3.557
2023-06-29,3.597,3.579,3.599,3.567
2023-06-30,3.578,3.602,3.62,3.573
2023-07-03,3.61,3.647,3.659,3.608
2023-07-04,3.645,3.654,3.656,3.639
2023-07-05,3.648,3.627,3.654,3.621
2023-07-06,3.62,3.599,3.64,3.594
2023-07-07,3.595,3.588,3.604,3.579
2023-07-10,3.606,3.604,3.63,3.592
2023-07-11,3.617,3.63,3.635,3.607
2023-07-12,3.634,3.611,3.64,3.601
2023-07-13,3.63,3.674,3.677,3.63
2023-07-14,3.68,3.672,3.684,3.67
2023-07-17,3.666,3.644,3.666,3.628
2023-07-18,3.645,3.638,3.652,3.625
2023-07-19,3.63,3.636,3.644,3.615
2023-07-20,3.643,3.608,3.662,3.601
2023-07-21,3.608,3.61,3.637,3.595
2023-07-24,3.59,3.593,3.617,3.584
2023-07-25,3.64,3.705,3.706,3.64
2023-07-26,3.7,3.696,3.702,3.681
2023-07-27,3.705,3.692,3.718,3.68
2023-07-28,3.673,3.788,3.795,3.673
2023-07-31,3.82,3.804,3.861,3.794
2023-08-01,3.8,3.786,3.825,3.775
2023-08-02,3.779,3.757,3.8,3.746
2023-08-03,3.751,3.793,3.795,3.751
2023-08-04,3.835,3.814,3.852,3.8
2023-08-07,3.796,3.783,3.796,3.769
2023-08-08,3.768,3.768,3.795,3.755
2023-08-09,3.758,3.76,3.775,3.754
2023-08-10,3.758,3.765,3.77,3.734
2023-08-11,3.765,3.67,3.768,3.668
2023-08-14,3.639,3.643,3.652,3.604
2023-08-15,3.647,3.639,3.655,3.601
2023-08-16,3.622,3.609,3.642,3.607
2023-08-17,3.591,3.622,3.629,3.575
2023-08-18,3.624,3.572,3.634,3.571
2023-08-21,3.563,3.52,3.574,3.517
2023-08-22,3.538,3.543,3.561,3.492
2023-08-23,3.53,3.488,3.541,3.479
2023-08-24,3.495,3.511,3.54,3.492
2023-08-25,3.496,3.504,3.529,3.488
2023-08-28,3.731,3.557,3.731,3.53
2023-08-29,3.54,3.579,3.608,3.538
2023-08-30,3.584,3.578,3.604,3.57
2023-08-31,3.578,3.559,3.585,3.55
2023-09-01,3.577,3.582,3.6,3.57
2023-09-04,3.61,3.64,3.65,3.594
2023-09-05,3.63,3.613,3.632,3.605
2023-09-06,3.6,3.603,3.613,3.586
2023-09-07,3.595,3.55,3.596,3.546
2023-09-08,3.535,3.529,3.548,3.516
2023-09-11,3.53,3.557,3.581,3.523
2023-09-12,3.554,3.552,3.566,3.545
2023-09-13,3.551,3.527,3.562,3.507
2023-09-14,3.526,3.524,3.538,3.505
2023-09-15,3.531,3.507,3.538,3.489
2023-09-18,3.498,3.52,3.531,3.484
2023-09-19,3.516,3.515,3.518,3.492
2023-09-20,3.505,3.497,3.513,3.497
2023-09-21,3.489,3.462,3.503,3.461
2023-09-22,3.456,3.537,3.538,3.455
2023-09-25,3.526,3.509,3.529,3.502
2023-09-26,3.506,3.488,3.517,3.486
2023-09-27,3.487,3.498,3.525,3.486
2023-09-28,3.505,3.484,3.511,3.476
2023-10-09,3.477,3.474,3.488,3.433
2023-10-10,3.486,3.447,3.498,3.444
2023-10-11,3.465,3.455,3.482,3.447
2023-10-12,3.49,3.491,3.505,3.472
2023-10-13,3.47,3.456,3.471,3.444
2023-10-16,3.456,3.413,3.458,3.402
2023-10-17,3.42,3.425,3.433,3.407
2023-10-18,3.419,3.397,3.423,3.395
2023-10-19,3.38,3.32,3.38,3.315
2023-10-20,3.303,3.302,3.32,3.285
2023-10-23,3.288,3.264,3.29,3.232
2023-10-24,3.273,3.269,3.283,3.24
2023-10-25,3.308,3.289,3.323,3.287
2023-10-26,3.275,3.302,3.306,3.268
2023-10-27,3.294,3.356,3.369,3.285
2023-10-30,3.342,3.372,3.383,3.34
2023-10-31,3.365,3.364,3.37,3.342
2023-11-01,3.4,3.362,3.4,3.352
2023-11-02,3.368,3.345,3.389,3.344
2023-11-03,3.351,3.373,3.388,3.35
2023-11-06,3.395,3.421,3.425,3.394
2023-11-07,3.412,3.41,3.421,3.396
2023-11-08,3.403,3.399,3.416,3.378
2023-11-09,3.391,3.402,3.415,3.389
2023-11-10,3.388,3.375,3.388,3.363
2023-11-13,3.379,3.37,3.386,3.35
2023-11-14,3.374,3.37,3.39,3.355
2023-11-15,3.4,3.395,3.411,3.383
2023-11-16,3.39,3.359,3.393,3.357
2023-11-17,3.35,3.354,3.358,3.332
2023-11-20,3.357,3.365,3.377,3.33
2023-11-21,3.375,3.37,3.406,3.36
2023-11-22,3.361,3.331,3.366,3.33
2023-11-23,3.329,3.35,3.352,3.315
2023-11-24,3.346,3.325,3.347,3.318
2023-11-27,3.324,3.301,3.324,3.277
2023-11-28,3.295,3.305,3.31,3.286
2023-11-29,3.306,3.278,3.309,3.265
2023-11-30,3.274,3.282,3.292,3.267
2023-12-01,3.281,3.268,3.287,3.239
2023-12-04,3.271,3.244,3.274,3.243
2023-12-05,3.239,3.178,3.239,3.177
2023-12-06,3.174,3.183,3.203,3.164
2023-12-07,3.181,3.174,3.188,3.151
2023-12-08,3.175,3.181,3.193,3.17
2023-12-11,3.16,3.205,3.217,3.135
2023-12-12,3.196,3.213,3.215,3.193
2023-12-13,3.202,3.155,3.206,3.152
2023-12-14,3.171,3.139,3.185,3.134
2023-12-15,3.15,3.132,3.174,3.125
2023-12-18,3.118,3.118,3.139,3.1
2023-12-19,3.117,3.12,3.134,3.1
2023-12-20,3.124,3.089,3.129,3.085
2023-12-21,3.075,3.12,3.131,3.072
2023-12-22,3.117,3.126,3.15,3.102
2023-12-25,3.125,3.135,3.14,3.121
2023-12-26,3.133,3.115,3.133,3.105
2023-12-27,3.116,3.125,3.131,3.098
2023-12-28,3.121,3.209,3.218,3.12
2023-12-29,3.208,3.219,3.225,3.202
2024-01-02,3.222,3.173,3.222,3.171
2024-01-03,3.166,3.163,3.18,3.148
2024-01-04,3.162,3.133,3.162,3.107
2024-01-05,3.124,3.116,3.159,3.097
2024-01-08,3.109,3.069,3.123,3.066
2024-01-09,3.071,3.077,3.091,3.059
2024-01-10,3.07,3.061,3.101,3.052
2024-01-11,3.061,3.08,3.1,3.054
2024-01-12,3.071,3.069,3.097,3.066
2024-01-15,3.05,3.065,3.095,3.044
2024-01-16,3.06,3.087,3.088,3.046
2024-01-17,3.077,3.012,3.077,3.01
2024-01-18,3.007,3.057,3.064,2.955
2024-01-19,3.038,3.064,3.074,3.031
2024-01-22,3.054,2.995,3.064,2.982
2024-01-23,2.988,3.017,3.036,2.975
2024-01-24,3.028,3.068,3.069,2.977
2024-01-25,3.059,3.124,3.129,3.05
2024-01-26,3.117,3.118,3.139,3.101
2024-01-29,3.12,3.088,3.134,3.087
2024-01-30,3.07,3.032,3.087,3.03
2024-01-31,3.022,3.011,3.038,2.986
2024-02-01,2.989,3.007,3.037,2.979
2024-02-02,3.007,2.977,3.021,2.891
2024-02-05,2.947,2.997,3.023,2.9
2024-02-06,2.974,3.1,3.103,2.971
2024-02-07,3.099,3.129,3.131,3.076
2024-02-08,3.141,3.151,3.155,3.122
2024-02-19,3.163,3.178,3.181,3.144
2024-02-20,3.172,3.19,3.194,3.161
2024-02-21,3.177,3.238,3.285,3.171
2024-02-22,3.236,3.264,3.266,3.23
2024-02-23,3.264,3.267,3.286,3.253
2024-02-26,3.265,3.232,3.271,3.226
2024-02-27,3.224,3.273,3.275,3.222
2024-02-28,3.276,3.237,3.303,3.235
2024-02-29,3.229,3.292,3.296,3.226
2024-03-01,3.29,3.319,3.329,3.284
2024-03-04,3.315,3.316,3.326,3.297
2024-03-05,3.304,3.345,3.355,3.297
2024-03-06,3.34,3.331,3.361,3.327
2024-03-07,3.33,3.312,3.349,3.304
2024-03-08,3.314,3.322,3.329,3.293
2024-03-11,3.32,3.37,3.373,3.319
2024-03-12,3.372,3.375,3.388,3.357
2024-03-13,3.374,3.354,3.374,3.344
2024-03-14,3.349,3.341,3.376,3.324
2024-03-15,3.331,3.35,3.355,3.311
2024-03-18,3.35,3.381,3.382,3.35
2024-03-19,3.375,3.358,3.389,3.354
2024-03-20,3.35,3.361,3.371,3.347
2024-03-21,3.369,3.359,3.383,3.354
2024-03-22,3.356,3.328,3.357,3.301
2024-03-25,3.319,3.309,3.344,3.306
2024-03-26,3.309,3.32,3.327,3.301
2024-03-27,3.315,3.282,3.321,3.281
2024-03-28,3.28,3.299,3.333,3.27
2024-03-29,3.296,3.315,3.319,3.294
2024-04-01,3.329,3.373,3.383,3.328
2024-04-02,3.372,3.361,3.376,3.35
2024-04-03,3.359,3.347,3.361,3.337
2024-04-08,3.339,3.318,3.345,3.313
2024-04-09,3.316,3.312,3.323,3.301
2024-04-10,3.313,3.286,3.313,3.269
2024-04-11,3.27,3.283,3.302,3.264
2024-04-12,3.283,3.255,3.294,3.246
2024-04-15,3.255,3.328,3.334,3.253
2024-04-16,3.313,3.296,3.324,3.28
2024-04-17,3.296,3.342,3.346,3.28
2024-04-18,3.333,3.348,3.383,3.33
2024-04-19,3.334,3.32,3.343,3.307
2024-04-22,3.319,3.313,3.341,3.307
2024-04-23,3.313,3.288,3.319,3.282
2024-04-24,3.294,3.302,3.306,3.278
2024-04-25,3.292,3.312,3.326,3.284
2024-04-26,3.313,3.362,3.37,3.313
2024-04-29,3.366,3.405,3.427,3.361
2024-04-30,3.404,3.387,3.413,3.385
2024-05-06,3.429,3.437,3.453,3.424
2024-05-07,3.434,3.439,3.445,3.426
2024-05-08,3.432,3.41,3.433,3.407
2024-05-09,3.409,3.445,3.451,3.408
2024-05-10,3.452,3.447,3.459,3.42
2024-05-13,3.426,3.444,3.455,3.408
2024-05-14,3.444,3.438,3.459,3.427
2024-05-15,3.436,3.412,3.44,3.406
2024-05-16,3.419,3.424,3.44,3.41
2024-05-17,3.424,3.465,3.468,3.412
2024-05-20,3.471,3.473,3.489,3.459
2024-05-21,3.468,3.461,3.472,3.449
2024-05-22,3.459,3.469,3.478,3.452
2024-05-23,3.46,3.432,3.463,3.42
2024-05-24,3.421,3.391,3.439,3.387
2024-05-27,3.394,3.421,3.423,3.39
2024-05-28,3.42,3.398,3.422,3.391
2024-05-29,3.397,3.399,3.422,3.39
2024-05-30,3.392,3.385,3.414,3.377
2024-05-31,3.391,3.371,3.405,3.369
2024-06-03,3.369,3.376,3.388,3.354
2024-06-04,3.374,3.401,3.413,3.368
2024-06-05,3.402,3.388,3.411,3.386
2024-06-06,3.395,3.388,3.419,3.374
2024-06-07,3.391,3.365,3.399,3.344
2024-06-11,3.356,3.34,3.358,3.322
2024-06-12,3.333,3.336,3.345,3.325
2024-06-13,3.344,3.323,3.347,3.314
2024-06-14,3.316,3.343,3.347,3.306
2024-06-17,3.326,3.333,3.342,3.321
2024-06-18,3.338,3.344,3.354,3.332
2024-06-19,3.346,3.334,3.35,3.329
2024-06-20,3.332,3.311,3.34,3.305
2024-06-21,3.306,3.305,3.314,3.282
2024-06-24,3.291,3.288,3.315,3.282
2024-06-25,3.284,3.267,3.293,3.248
2024-06-26,3.259,3.288,3.296,3.253
2024-06-27,3.279,3.269,3.285,3.263
2024-06-28,3.263,3.276,3.3,3.262
2024-07-01,3.276,3.29,3.296,3.256
2024-07-02,3.283,3.285,3.3,3.278
2024-07-03,3.283,3.279,3.292,3.269
2024-07-04,3.282,3.264,3.298,3.262
2024-07-05,3.259,3.247,3.267,3.217
2024-07-08,3.24,3.223,3.247,3.215
2024-07-09,3.218,3.26,3.273,3.207
2024-07-10,3.253,3.252,3.271,3.249
2024-07-11,3.279,3.298,3.308,3.266
2024-07-12,3.3,3.308,3.313,3.294
2024-07-15,3.3,3.315,3.32,3.297
2024-07-16,3.309,3.34,3.344,3.306
2024-07-17,3.338,3.345,3.359,3.329
2024-07-18,3.33,3.366,3.368,3.321
2024-07-19,3.354,3.389,3.395,3.341
2024-07-22,3.384,3.36,3.387,3.34
2024-07-23,3.355,3.29,3.36,3.287
2024-07-24,3.284,3.268,3.298,3.255
2024-07-25,3.253,3.248,3.265,3.23
2024-07-26,3.249,3.263,3.272,3.241
2024-07-29,3.259,3.243,3.261,3.242
2024-07-30,3.235,3.22,3.235,3.206
2024-07-31,3.22,3.297,3.299,3.216
2024-08-01,3.291,3.272,3.304,3.27
2024-08-02,3.249,3.236,3.272,3.23
2024-08-05,3.22,3.197,3.263,3.196
2024-08-06,3.217,3.197,3.227,3.17
2024-08-07,3.19,3.19,3.214,3.18
2024-08-08,3.185,3.194,3.218,3.172
2024-08-09,3.205,3.182,3.219,3.181
2024-08-12,3.18,3.178,3.191,3.172
2024-08-13,3.18,3.183,3.187,3.161
2024-08-14,3.184,3.159,3.184,3.158
2024-08-15,3.154,3.197,3.212,3.15
2024-08-16,3.193,3.199,3.211,3.187
2024-08-19,3.198,3.208,3.233,3.196
2024-08-20,3.213,3.192,3.215,3.177
2024-08-21,3.18,3.177,3.195,3.163
2024-08-22,3.179,3.168,3.184,3.16
2024-08-23,3.16,3.182,3.194,3.16
2024-08-26,3.184,3.183,3.196,3.167
2024-08-27,3.176,3.166,3.179,3.156
2024-08-28,3.159,3.146,3.166,3.134
2024-08-29,3.138,3.136,3.151,3.129
2024-08-30,3.131,3.181,3.212,3.131
2024-09-02,3.17,3.121,3.172,3.119
2024-09-03,3.119,3.133,3.141,3.117
2024-09-04,3.12,3.112,3.132,3.11
2024-09-05,3.115,3.119,3.129,3.109
2024-09-06,3.124,3.091,3.134,3.089
2024-09-09,3.081,3.05,3.085,3.039
2024-09-10,3.052,3.05,3.064,3.028
2024-09-11,3.042,3.043,3.056,3.03
2024-09-12,3.048,3.032,3.061,3.03
2024-09-13,3.034,3.017,3.046,3.016
2024-09-18,3.016,3.027,3.04,3.004
2024-09-19,3.032,3.054,3.075,3.005
2024-09-20,3.047,3.063,3.068,3.028
2024-09-23,3.058,3.072,3.089,3.052
2024-09-24,3.103,3.216,3.218,3.082
2024-09-25,3.278,3.263,3.333,3.256
2024-09-26,3.257,3.429,3.432,3.256
2024-09-27,3.489,3.658,3.722,3.459
2024-09-30,3.796,4.022,4.029,3.665
2024-10-08,4.445,4.201,4.445,3.997
2024-10-09,4.074,3.811,4.074,3.794
2024-10-10,3.859,3.875,3.974,3.788
2024-10-11,3.846,3.766,3.849,3.712
2024-10-14,3.776,3.829,3.849,3.735
2024-10-15,3.803,3.72,3.835,3.716
2024-10-16,3.68,3.695,3.749,3.671
2024-10-17,3.719,3.652,3.749,3.651
2024-10-18,3.647,3.805,3.907,3.635
2024-10-21,3.806,3.805,3.849,3.769
2024-10-22,3.791,3.829,3.835,3.79
2024-10-23,3.829,3.844,3.886,3.81
2024-10-24,3.827,3.8,3.831,3.782
2024-10-25,3.801,3.829,3.867,3.792
2024-10-28,3.824,3.835,3.836,3.789
2024-10-29,3.839,3.802,3.868,3.792
2024-10-30,3.79,3.76,3.8,3.734
2024-10-31,3.758,3.76,3.796,3.727
2024-11-01,3.753,3.768,3.807,3.75
2024-11-04,3.771,3.821,3.823,3.76
2024-11-05,3.813,3.926,3.928,3.799
2024-11-06,3.926,3.9,3.969,3.874
2024-11-07,3.869,4.037,4.039,3.865
2024-11-08,4.071,3.983,4.079,3.967
2024-11-11,3.941,4.004,4.008,3.919
2024-11-12,3.999,3.958,4.057,3.934
2024-11-13,3.939,3.984,3.995,3.935
2024-11-14,3.977,3.913,3.992,3.906
2024-11-15,3.903,3.844,3.923,3.839
2024-11-18,3.86,3.827,3.907,3.802
2024-11-19,3.829,3.847,3.85,3.77
2024-11-20,3.835,3.857,3.874,3.827
2024-11-21,3.849,3.862,3.871,3.837
2024-11-22,3.86,3.742,3.863,3.735
2024-11-25,3.744,3.72,3.761,3.683
2024-11-26,3.703,3.712,3.745,3.702
2024-11-27,3.705,3.776,3.781,3.69
2024-11-28,3.773,3.747,3.778,3.737
2024-11-29,3.749,3.79,3.836,3.746
2024-12-02,3.786,3.82,3.832,3.776
2024-12-03,3.819,3.824,3.841,3.794
2024-12-04,3.819,3.803,3.83,3.792
2024-12-05,3.795,3.796,3.811,3.783
2024-12-06,3.796,3.846,3.874,3.795
2024-12-09,3.843,3.843,3.869,3.819
2024-12-10,3.968,3.874,3.987,3.862
2024-12-11,3.867,3.864,3.883,3.854
2024-12-12,3.866,3.906,3.911,3.855
2024-12-13,3.881,3.809,3.881,3.801
2024-12-16,3.807,3.785,3.81,3.775
2024-12-17,3.782,3.796,3.832,3.78
2024-12-18,3.809,3.813,3.828,3.804
2024-12-19,3.789,3.819,3.827,3.77
2024-12-20,3.813,3.807,3.834,3.801
2024-12-23,3.806,3.811,3.842,3.804
2024-12-24,3.813,3.858,3.865,3.811
2024-12-25,3.861,3.861,3.883,3.843
2024-12-26,3.861,3.862,3.868,3.845
2024-12-27,3.865,3.856,3.888,3.85
2024-12-30,3.855,3.875,3.882,3.854
2024-12-31,3.876,3.811,3.883,3.809
2025-01-02,3.809,3.698,3.81,3.67
2025-01-03,3.698,3.658,3.71,3.642
2025-01-06,3.654,3.642,3.662,3.617
2025-01-07,3.634,3.669,3.671,3.625
2025-01-08,3.659,3.663,3.688,3.604
2025-01-09,3.652,3.655,3.669,3.646
2025-01-10,3.654,3.612,3.664,3.611
2025-01-13,3.59,3.597,3.615,3.582
2025-01-14,3.604,3.695,3.707,3.598
2025-01-15,3.685,3.672,3.693,3.666
2025-01-16,3.685,3.674,3.722,3.65
2025-01-17,3.664,3.687,3.711,3.657
2025-01-20,3.71,3.706,3.738,3.697
2025-01-21,3.726,3.711,3.73,3.694
2025-01-22,3.705,3.675,3.705,3.657
2025-01-23,3.704,3.686,3.747,3.683
2025-01-24,3.678,3.718,3.732,3.672
2025-01-27,3.725,3.696,3.734,3.693
2025-02-05,3.719,3.676,3.723,3.668
2025-02-06,3.673,3.721,3.726,3.67
2025-02-07,3.722,3.777,3.803,3.715
2025-02-10,3.778,3.781,3.789,3.763
2025-02-11,3.786,3.765,3.787,3.752
2025-02-12,3.763,3.803,3.808,3.749
2025-02-13,3.798,3.793,3.823,3.787
2025-02-14,3.789,3.823,3.829,3.786
2025-02-17,3.833,3.83,3.842,3.801
2025-02-18,3.824,3.801,3.847,3.785
2025-02-19,3.794,3.822,3.83,3.789
2025-02-20,3.818,3.81,3.822,3.797
2025-02-21,3.821,3.864,3.869,3.809
2025-02-24,3.859,3.851,3.878,3.83
2025-02-25,3.824,3.81,3.84,3.797
2025-02-26,3.817,3.843,3.844,3.808
2025-02-27,3.845,3.856,3.858,3.817
2025-02-28,3.838,3.783,3.854,3.771
2025-03-03,3.784,3.77,3.816,3.755
2025-03-04,3.749,3.766,3.773,3.741
2025-03-05,3.769,3.783,3.788,3.757
2025-03-06,3.804,3.838,3.851,3.8
2025-03-07,3.829,3.828,3.85,3.819
2025-03-10,3.826,3.812,3.831,3.788
2025-03-11,3.783,3.824,3.825,3.779
2025-03-12,3.827,3.814,3.839,3.807
2025-03-13,3.813,3.794,3.822,3.782
2025-03-14,3.801,3.895,3.902,3.799
2025-03-17,3.907,3.883,3.912,3.877
2025-03-18,3.897,3.892,3.904,3.88
2025-03-19,3.887,3.898,3.91,3.873
2025-03-20,3.898,3.865,3.898,3.857
2025-03-21,3.852,3.799,3.868,3.789
2025-03-24,3.798,3.816,3.82,3.793
2025-03-25,3.817,3.818,3.828,3.806
2025-03-26,3.814,3.802,3.829,3.799
2025-03-27,3.8,3.816,3.839,3.784
2025-03-28,3.816,3.797,3.818,3.789
2025-03-31,3.793,3.773,3.813,3.758
2025-04-01,3.777,3.771,3.792,3.768
2025-04-02,3.772,3.768,3.785,3.76
2025-04-03,3.737,3.748,3.769,3.732
2025-04-07,3.589,3.484,3.629,3.393
2025-04-08,3.487,3.519,3.528,3.46
2025-04-09,3.484,3.555,3.563,3.467
2025-04-10,3.606,3.618,3.636,3.587
2025-04-11,3.599,3.629,3.64,3.589
2025-04-14,3.648,3.637,3.654,3.631
2025-04-15,3.633,3.64,3.646,3.614
2025-04-16,3.63,3.649,3.658,3.6
2025-04-17,3.631,3.652,3.66,3.63
2025-04-18,3.646,3.662,3.668,3.636
2025-04-21,3.654,3.664,3.675,3.646
2025-04-22,3.664,3.667,3.682,3.662
2025-04-23,3.681,3.671,3.696,3.662
2025-04-24,3.671,3.671,3.692,3.66
2025-04-25,3.676,3.671,3.688,3.664
2025-04-28,3.672,3.665,3.675,3.653
2025-04-29,3.663,3.658,3.669,3.651
2025-04-30,3.659,3.655,3.675,3.653
2025-05-06,3.675,3.692,3.695,3.669
2025-05-07,3.739,3.716,3.751,3.699
2025-05-08,3.707,3.739,3.755,3.707
2025-05-09,3.735,3.734,3.739,3.721
2025-05-12,3.752,3.779,3.781,3.746
2025-05-13,3.8,3.783,3.801,3.777
2025-05-14,3.784,3.834,3.855,3.781
2025-05-15,3.827,3.8,3.83,3.793
2025-05-16,3.791,3.778,3.798,3.766
2025-05-19,3.773,3.772,3.777,3.754
2025-05-20,3.773,3.792,3.805,3.769
2025-05-21,3.793,3.808,3.82,3.792
2025-05-22,3.807,3.806,3.816,3.792
2025-05-23,3.801,3.777,3.828,3.776
2025-05-26,3.771,3.756,3.782,3.745
2025-05-27,3.754,3.735,3.758,3.728
2025-05-28,3.736,3.731,3.745,3.727
2025-05-29,3.734,3.755,3.768,3.728
2025-05-30,3.748,3.748,3.753,3.721
2025-06-03,3.735,3.746,3.761,3.731
2025-06-04,3.748,3.763,3.774,3.747
2025-06-05,3.767,3.773,3.783,3.756
2025-06-06,3.776,3.775,3.788,3.767
2025-06-09,3.778,3.784,3.799,3.773
2025-06-10,3.786,3.761,3.794,3.747
2025-06-11,3.763,3.793,3.813,3.763
2025-06-12,3.787,3.795,3.802,3.769
2025-06-13,3.787,3.769,3.791,3.756
2025-06-16,3.763,3.779,3.783,3.76
2025-06-17,3.78,3.778,3.786,3.763
2025-06-18,3.78,3.781,3.787,3.759
2025-06-19,3.775,3.75,3.776,3.74
2025-06-20,3.749,3.755,3.765,3.748
2025-06-23,3.746,3.768,3.779,3.739
2025-06-24,3.773,3.813,3.827,3.773
2025-06-25,3.816,3.878,3.88,3.812
2025-06-26,3.872,3.863,3.881,3.862
2025-06-27,3.867,3.84,3.89,3.835
2025-06-30,3.838,3.859,3.862,3.833
2025-07-01,3.857,3.865,3.869,3.846
2025-07-02,3.862,3.869,3.876,3.852
2025-07-03,3.871,3.892,3.897,3.868
2025-07-04,3.888,3.909,3.942,3.881
2025-07-07,3.903,3.891,3.909,3.882
2025-07-08,3.893,3.925,3.933,3.89
2025-07-09,3.925,3.922,3.946,3.917
2025-07-10,3.922,3.942,3.967,3.921
2025-07-11,3.943,3.956,4.007,3.942
2025-07-14,3.955,3.955,3.971,3.953
2025-07-15,3.959,3.955,3.981,3.93
2025-07-16,3.956,3.946,3.97,3.933
2025-07-17,3.946,3.979,3.98,3.945
2025-07-18,3.985,4.009,4.013,3.982
2025-07-21,4.014,4.034,4.037,4.011
2025-07-22,4.036,4.078,4.08,4.019
2025-07-23,4.081,4.076,4.111,4.065
2025-07-24,4.072,4.102,4.105,4.067
2025-07-25,4.102,4.08,4.102,4.07
2025-07-28,4.08,4.091,4.1,4.063
2025-07-29,4.085,4.112,4.113,4.069
2025-07-30,4.104,4.109,4.142,4.084
2025-07-31,4.098,4.032,4.098,4.019
2025-08-01,4.025,4.01,4.039,3.995
2025-08-04,3.999,4.029,4.031,3.994
2025-08-05,4.031,4.06,4.062,4.028
2025-08-06,4.058,4.071,4.076,4.053
2025-08-07,4.073,4.07,4.087,4.048
2025-08-08,4.065,4.06,4.078,4.052
2025-08-11,4.06,4.079,4.095,4.06
2025-08-12,4.077,4.105,4.114,4.077
2025-08-13,4.111,4.14,4.149,4.106
2025-08-14,4.142,4.133,4.18,4.125
2025-08-15,4.119,4.172,4.179,4.117
2025-08-18,4.175,4.204,4.237,4.162
2025-08-19,4.203,4.182,4.224,4.174
2025-08-20,4.172,4.241,4.242,4.144
2025-08-21,4.245,4.255,4.271,4.235
2025-08-22,4.252,4.356,4.361,4.251
2025-08-25,4.378,4.442,4.449,4.374
2025-08-26,4.431,4.418,4.449,4.404
2025-08-27,4.418,4.352,4.462,4.35
2025-08-28,4.346,4.436,4.438,4.329
2025-08-29,4.427,4.478,4.49,4.417
2025-09-01,4.484,4.493,4.501,4.457
2025-09-02,4.49,4.467,4.52,4.427
2025-09-03,4.469,4.426,4.486,4.397
2025-09-04,4.423,4.333,4.432,4.293
2025-09-05,4.327,4.431,4.44,4.319
2025-09-08,4.431,4.432,4.45,4.401
2025-09-09,4.422,4.405,4.441,4.379
2025-09-10,4.403,4.415,4.439,4.384
2025-09-11,4.404,4.537,4.539,4.394
2025-09-12,4.539,4.498,4.541,4.492
2025-09-15,4.499,4.506,4.539,4.491
2025-09-16,4.509,4.497,4.529,4.468
2025-09-17,4.492,4.53,4.536,4.476
2025-09-18,4.532,4.471,4.553,4.431
2025-09-19,4.467,4.481,4.51,4.464
2025-09-22,4.481,4.496,4.498,4.459
2025-09-23,4.504,4.499,4.533,4.435
2025-09-24,4.474,4.54,4.541,4.473
2025-09-25,4.54,4.572,4.595,4.534
2025-09-26,4.554,4.528,4.576,4.527
2025-09-29,4.525,4.605,4.632,4.517
2025-09-30,4.611,4.618,4.627,4.597
2025-10-09,4.631,4.693,4.713,4.627
2025-10-10,4.664,4.596,4.671,4.581
2025-10-13,4.475,4.569,4.581,4.473
2025-10-14,4.602,4.522,4.617,4.497
2025-10-15,4.525,4.583,4.592,4.504
2025-10-16,4.566,4.598,4.624,4.566
2025-10-17,4.592,4.501,4.601,4.489
2025-10-20,4.528,4.517,4.555,4.501
2025-10-21,4.533,4.587,4.6,4.529
2025-10-22,4.567,4.572,4.585,4.545
2025-10-23,4.564,4.59,4.596,4.519
2025-10-24,4.605,4.647,4.649,4.604
2025-10-27,4.685,4.703,4.708,4.673
2025-10-28,4.692,4.679,4.727,4.669
2025-10-29,4.687,4.739,4.741,4.687
2025-10-30,4.735,4.7,4.751,4.693
2025-10-31,4.696,4.633,4.703,4.632
2025-11-03,4.629,4.64,4.644,4.582
2025-11-04,4.637,4.606,4.65,4.583
2025-11-05,4.569,4.612,4.628,4.545
2025-11-06,4.619,4.682,4.69,4.619
2025-11-07,4.667,4.672,4.689,4.651
2025-11-10,4.674,4.684,4.688,4.64
2025-11-11,4.691,4.64,4.701,4.634
2025-11-12,4.631,4.642,4.66,4.608
2025-11-13,4.634,4.689,4.692,4.629
2025-11-14,4.662,4.618,4.673,4.616
2025-11-17,4.607,4.587,4.617,4.568
2025-11-18,4.577,4.56,4.594,4.541
2025-11-19,4.555,4.574,4.594,4.555
2025-11-20,4.601,4.553,4.606,4.55
2025-11-21,4.522,4.441,4.531,4.439
2025-11-24,4.456,4.434,4.462,4.41
2025-11-25,4.457,4.474,4.5,4.456
2025-11-26,4.477,4.503,4.523,4.471
2025-11-27,4.506,4.499,4.551,4.495
2025-11-28,4.498,4.512,4.519,4.48
2025-12-01,4.523,4.564,4.565,4.516
2025-12-02,4.563,4.543,4.563,4.528
2025-12-03,4.542,4.522,4.561,4.512
2025-12-04,4.525,4.534,4.548,4.505
2025-12-05,4.533,4.575,4.587,4.52
2025-12-08,4.588,4.609,4.631,4.586
2025-12-09,4.604,4.585,4.616,4.571
2025-12-10,4.577,4.579,4.586,4.535
2025-12-11,4.585,4.545,4.599,4.539
2025-12-12,4.555,4.571,4.579,4.525
2025-12-15,4.551,4.544,4.589,4.427
2025-12-16,4.537,4.497,4.544,4.478
2025-12-17,4.496,4.576,4.592,4.493
2025-12-18,4.56,4.545,4.569,4.538
2025-12-19,4.557,4.565,4.591,4.543
2025-12-22,4.579,4.607,4.612,4.579
2025-12-23,4.612,4.617,4.64,4.603
2025-12-24,4.617,4.634,4.642,4.603
2025-12-25,4.627,4.643,4.654,4.621
2025-12-26,4.643,4.661,4.678,4.632
2025-12-29,4.657,4.64,4.671,4.626
2025-12-30,4.623,4.65,4.667,4.619
2025-12-31,4.654,4.63,4.666,4.619
2026-01-05,4.66,4.721,4.725,4.657
2026-01-06,4.727,4.796,4.797,4.725
2026-01-07,4.797,4.778,4.804,4.753
2026-01-08,4.765,4.74,4.771,4.72
2026-01-09,4.734,4.762,4.78,4.721
2026-01-12,4.77,4.79,4.806,4.738
2026-01-13,4.799,4.773,4.842,4.753
2026-01-14,4.773,4.743,4.826,4.718
2026-01-15,4.726,4.752,4.771,4.72
2026-01-16,4.782,4.736,4.796,4.715
2026-01-19,4.737,4.738,4.769,4.718
2026-01-20,4.735,4.724,4.751,4.688
2026-01-21,4.709,4.73,4.764,4.709
2026-01-22,4.741,4.727,4.76,4.703
2026-01-23,4.732,4.704,4.742,4.687
2026-01-26,4.712,4.712,4.76,4.694
2026-01-27,4.712,4.71,4.742,4.679
2026-01-28,4.725,4.725,4.743,4.704
2026-01-29,4.724,4.768,4.779,4.704
2026-01-30,4.736,4.711,4.758,4.642
2026-02-02,4.68,4.6,4.719,4.591
2026-02-03,4.64,4.664,4.668,4.585
2026-02-04,4.652,4.707,4.709,4.643
2026-02-05,4.68,4.679,4.695,4.645
2026-02-06,4.643,4.649,4.691,4.61
2026-02-09,4.695,4.727,4.73,4.686
2026-02-10,4.733,4.733,4.739,4.72
2026-02-11,4.727,4.723,4.732,4.714
2026-02-12,4.729,4.727,4.735,4.716
2026-02-13,4.714,4.671,4.714,4.667
2026-02-24,4.725,4.716,4.736,4.705
2026-02-25,4.717,4.75,4.778,4.716
2026-02-26,4.751,4.735,4.754,4.712
2026-02-27,4.72,4.725,4.732,4.7
2026-03-02,4.694,4.739,4.743,4.674
2026-03-03,4.741,4.678,4.751,4.665
2026-03-04,4.64,4.61,4.65,4.587
2026-03-05,4.647,4.654,4.678,4.639
2026-03-06,4.64,4.667,4.682,4.624
2026-03-09,4.623,4.629,4.638,4.56
2026-03-10,4.642,4.683,4.689,4.641
2026-03-11,4.686,4.711,4.719,4.682
2026-03-12,4.711,4.694,4.711,4.665
2026-03-13,4.672,4.677,4.716,4.67
2026-03-16,4.675,4.68,4.686,4.632
2026-03-17,4.686,4.646,4.731,4.645
2026-03-18,4.652,4.662,4.67,4.616
2026-03-19,4.621,4.599,4.641,4.581
2026-03-20,4.598,4.576,4.635,4.573
2026-03-23,4.528,4.43,4.537,4.406
2026-03-24,4.463,4.479,4.48,4.405
2026-03-25,4.51,4.544,4.549,4.504
2026-03-26,4.536,4.488,4.547,4.477
2026-03-27,4.45,4.508,4.53,4.445
2026-03-30,4.462,4.5,4.505,4.453
2026-03-31,4.501,4.463,4.529,4.462
2026-04-01,4.52,4.534,4.542,4.501
2026-04-02,4.521,4.489,4.526,4.47
2026-04-03,4.495,4.454,4.506,4.446
2026-04-07,4.455,4.446,4.47,4.431
2026-04-08,4.519,4.602,4.604,4.517
2026-04-09,4.573,4.572,4.586,4.56
2026-04-10,4.588,4.642,4.664,4.588
2026-04-13,4.629,4.652,4.66,4.623
2026-04-14,4.679,4.712,4.712,4.663
2026-04-15,4.732,4.694,4.746,4.684
2026-04-16,4.704,4.746,4.747,4.7
2026-04-17,4.737,4.739,4.75,4.722
2026-04-20,4.735,4.765,4.777,4.728
2026-04-21,4.764,4.776,4.786,4.73
2026-04-22,4.76,4.811,4.813,4.756
2026-04-23,4.82,4.801,4.834,4.772
2026-04-24,4.785,4.782,4.798,4.75
2026-04-27,4.786,4.782,4.81,4.773
2026-04-28,4.766,4.77,4.79,4.757
2026-04-29,4.755,4.821,4.828,4.755
2026-04-30,4.83,4.824,4.841,4.808
2026-05-06,4.866,4.888,4.914,4.852
2026-05-07,4.905,4.912,4.914,4.879
2026-05-08,4.89,4.886,4.902,4.862
2026-05-11,4.911,4.966,4.98,4.9
2026-05-12,4.975,4.963,4.987,4.944
2026-05-13,4.94,5.017,5.023,4.939
2026-05-14,5.037,4.941,5.041,4.931
2026-05-15,4.935,4.878,4.954,4.852
2026-05-18,4.855,4.852,4.885,4.819
2026-05-19,4.843,4.869,4.874,4.789
2026-05-20,4.845,4.871,4.882,4.84
2026-05-21,4.897,4.808,4.954,4.801
2026-05-22,4.828,4.862,4.868,4.807
2026-05-25,4.88,4.937,4.938,4.872
2026-05-26,4.912,4.972,4.975,4.91
2026-05-27,4.963,4.932,4.993,4.913
2026-05-28,4.917,4.932,4.948,4.866
2026-05-29,4.946,4.923,4.978,4.9
2026-06-01,4.923,4.868,4.94,4.861
2026-06-02,4.867,4.936,4.956,4.856
2026-06-03,4.938,4.965,5.016,4.928
2026-06-04,4.919,4.926,4.961,4.91
2026-06-05,4.909,4.843,4.948,4.825
2026-06-08,4.79,4.739,4.808,4.705
2026-06-09,4.764,4.826,4.828,4.741
2026-06-10,4.79,4.784,4.814,4.751
2026-06-11,4.766,4.751,4.793,4.718
2026-06-12,4.81,4.818,4.846,4.789
2026-06-15,4.858,4.919,4.92,4.839
2026-06-16,4.92,4.91,4.933,4.893
2026-06-17,4.898,4.958,4.96,4.894
2026-06-18,4.943,4.984,5.001,4.941
2026-06-22,4.983,5.091,5.095,4.954
2026-06-23,5.079,4.942,5.095,4.915
2026-06-24,4.929,4.967,4.978,4.916
2026-06-25,4.973,5.048,5.055,4.966
2026-06-26,5.008,4.907,5.015,4.88
2026-06-29,4.897,4.959,4.966,4.866
2026-06-30,4.947,5.019,5.022,4.942
2026-07-01,5.009,4.998,5.054,4.957
2026-07-02,4.955,4.85,4.96,4.835
2026-07-03,4.83,4.876,4.927,4.828
2026-07-06,4.9,4.877,4.914,4.831
2026-07-07,4.858,4.826,4.877,4.796
2026-07-08,4.836,4.798,4.872,4.793
2026-07-09,4.813,4.916,4.925,4.777
2026-07-10,4.918,4.829,4.949,4.827
2026-07-13,4.802,4.744,4.821,4.719
2026-07-14,4.744,4.837,4.838,4.696
2026-07-15,4.829,4.838,4.87,4.819
2026-07-16,4.775,4.753,4.825,4.724
2026-07-17,4.72,4.589,4.73,4.546
2026-07-20,4.63,4.65,4.685,4.577
2026-07-21,4.677,4.787,4.789,4.617
2026-07-22,4.75,4.765,4.823,4.75
2026-07-23,4.774,4.787,4.795,4.755
2026-07-24,4.75,4.701,4.759,4.699
2026-07-27,4.702,4.753,4.758,4.674
2026-07-28,4.69,4.627,4.7,4.609
2026-07-29,4.624,4.657,4.686,4.574
2026-07-30,4.63,4.605,4.655,4.536
2026-07-31,4.68,4.653,4.703,4.644
2026-08-03,4.624,4.599,4.638,4.591
2026-08-04,4.618,4.651,4.672,4.615
