date,open,close,high,low
2010-01-04,1.293,1.248,1.301,1.241
2010-01-05,1.251,1.284,1.291,1.221
2010-01-06,1.284,1.279,1.321,1.261
2010-01-07,1.269,1.209,1.281,1.191
2010-01-08,1.192,1.21,1.211,1.171
2010-01-11,1.306,1.212,1.321,1.191
2010-01-12,1.206,1.253,1.251,1.171
2010-01-13,1.192,1.145,1.211,1.141
2010-01-14,1.158,1.181,1.191,1.141
2010-01-15,1.185,1.189,1.211,1.161
2010-01-18,1.181,1.198,1.201,1.171
2010-01-19,1.207,1.203,1.231,1.201
2010-01-20,1.204,1.121,1.221,1.111
2010-01-21,1.124,1.126,1.141,1.111
2010-01-22,1.096,1.125,1.141,1.061
2010-01-25,1.099,1.079,1.121,1.071
2010-01-26,1.079,1.013,1.091,1.011
2010-01-27,1.016,0.978,1.021,0.971
2010-01-28,0.982,0.963,0.991,0.951
2010-01-29,0.961,0.961,0.991,0.951
2010-02-01,0.957,0.92,0.961,0.901
2010-02-02,0.921,0.918,0.961,0.911
2010-02-03,0.926,0.987,0.991,0.891
2010-02-04,0.966,0.975,0.991,0.951
2010-02-05,0.921,0.92,0.931,0.911
2010-02-08,0.914,0.922,0.931,0.911
2010-02-09,0.92,0.935,0.951,0.911
2010-02-10,0.947,0.962,0.971,0.941
2010-02-11,0.962,0.964,0.971,0.951
2010-02-12,0.967,0.99,0.991,0.971
2010-02-22,0.992,0.982,1.001,0.981
2010-02-23,0.976,0.96,0.971,0.931
2010-02-24,0.945,0.993,1.001,0.931
2010-02-25,1.001,1.026,1.031,1.001
2010-02-26,1.012,1.007,1.031,1.001
2010-03-01,1.008,1.042,1.051,1.011
2010-03-02,1.047,1.027,1.061,1.021
2010-03-03,1.024,1.042,1.051,1.021
2010-03-04,1.037,0.984,1.051,0.981
2010-03-05,0.986,0.991,1.001,0.981
2010-03-08,0.991,1.016,1.031,0.991
2010-03-09,1.008,1.029,1.051,0.991
2010-03-10,1.029,1.016,1.051,1.011
2010-03-11,1.013,1.023,1.031,1.001
2010-03-12,1.021,0.984,1.031,0.981
2010-03-15,0.981,0.956,0.981,0.941
2010-03-16,0.956,0.958,0.961,0.941
2010-03-17,0.965,1.001,1.001,0.961
2010-03-18,1.006,0.997,1.011,0.981
2010-03-19,0.997,1.01,1.011,0.981
2010-03-22,1.01,1.015,1.021,1.001
2010-03-23,1.011,0.997,1.021,0.991
2010-03-24,0.998,1.0,1.011,0.991
2010-03-25,0.994,0.973,0.991,0.971
2010-03-26,0.968,1.014,1.031,0.971
2010-03-29,1.021,1.074,1.081,1.021
2010-03-30,1.073,1.075,1.081,1.061
2010-03-31,1.073,1.053,1.071,1.051
2010-04-01,1.052,1.083,1.091,1.051
2010-04-02,1.086,1.096,1.101,1.081
2010-04-06,1.093,1.104,1.121,1.091
2010-04-07,1.101,1.088,1.111,1.071
2010-04-08,1.085,1.054,1.091,1.051
2010-04-09,1.053,1.072,1.081,1.051
2010-04-12,1.081,1.04,1.081,1.031
2010-04-13,1.04,1.083,1.088,1.037
2010-04-14,1.083,1.083,1.091,1.071
2010-04-15,1.088,1.083,1.101,1.071
2010-04-16,1.081,1.048,1.081,1.051
2010-04-19,1.024,0.924,1.031,0.911
2010-04-20,0.924,0.917,0.931,0.901
2010-04-21,0.918,0.957,0.961,0.901
2010-04-22,0.942,0.902,0.941,0.891
2010-04-23,0.901,0.89,0.931,0.881
2010-04-26,0.891,0.868,0.901,0.871
2010-04-27,0.867,0.82,0.871,0.801
2010-04-28,0.811,0.823,0.841,0.791
2010-04-29,0.828,0.809,0.851,0.811
2010-04-30,0.804,0.828,0.851,0.781
2010-05-04,0.788,0.794,0.811,0.781
2010-05-05,0.787,0.808,0.811,0.751
2010-05-06,0.782,0.703,0.801,0.701
2010-05-07,0.591,0.672,0.691,0.591
2010-05-10,0.672,0.684,0.691,0.641
2010-05-11,0.734,0.656,0.741,0.641
2010-05-12,0.631,0.686,0.691,0.621
2010-05-13,0.68,0.73,0.731,0.661
2010-05-14,0.716,0.708,0.721,0.701
2010-05-17,0.687,0.613,0.691,0.601
2010-05-18,0.625,0.656,0.661,0.601
2010-05-19,0.645,0.63,0.671,0.611
2010-05-20,0.621,0.619,0.661,0.621
2010-05-21,0.587,0.642,0.641,0.551
2010-05-24,0.647,0.716,0.721,0.651
2010-05-25,0.697,0.665,0.701,0.651
2010-05-26,0.667,0.655,0.681,0.651
2010-05-27,0.655,0.693,0.701,0.631
2010-05-28,0.706,0.688,0.721,0.671
2010-05-31,0.671,0.633,0.691,0.631
2010-06-01,0.625,0.611,0.661,0.591
2010-06-02,0.611,0.609,0.611,0.581
2010-06-03,0.602,0.608,0.641,0.601
2010-06-04,0.606,0.607,0.611,0.591
2010-06-07,0.586,0.552,0.591,0.551
2010-06-08,0.549,0.557,0.571,0.551
2010-06-09,0.57,0.616,0.621,0.551
2010-06-10,0.608,0.596,0.611,0.591
2010-06-11,0.608,0.61,0.611,0.601
2010-06-17,0.617,0.593,0.621,0.591
2010-06-18,0.582,0.571,0.601,0.561
2010-06-21,0.571,0.618,0.621,0.561
2010-06-22,0.614,0.614,0.621,0.601
2010-06-23,0.61,0.594,0.611,0.581
2010-06-24,0.601,0.602,0.621,0.581
2010-06-25,0.596,0.588,0.611,0.581
2010-06-28,0.58,0.581,0.591,0.571
2010-06-29,0.586,0.492,0.591,0.481
2010-06-30,0.481,0.466,0.481,0.461
2010-07-01,0.454,0.441,0.471,0.441
2010-07-02,0.45,0.45,0.461,0.411
2010-07-05,0.439,0.432,0.471,0.411
2010-07-06,0.426,0.477,0.481,0.421
2010-07-07,0.479,0.477,0.481,0.441
2010-07-08,0.481,0.477,0.491,0.471
2010-07-09,0.48,0.531,0.541,0.461
2010-07-12,0.535,0.557,0.572,0.523
2010-07-13,0.555,0.525,0.551,0.511
2010-07-14,0.529,0.54,0.561,0.531
2010-07-15,0.55,0.503,0.571,0.501
2010-07-16,0.498,0.515,0.511,0.471
2010-07-19,0.501,0.56,0.571,0.491
2010-07-20,0.556,0.598,0.601,0.551
2010-07-21,0.591,0.6,0.621,0.591
2010-07-22,0.591,0.619,0.621,0.581
2010-07-23,0.619,0.63,0.641,0.611
2010-07-26,0.628,0.632,0.641,0.611
2010-07-27,0.629,0.624,0.631,0.611
2010-07-28,0.621,0.675,0.681,0.611
2010-07-29,0.674,0.691,0.701,0.671
2010-07-30,0.69,0.678,0.691,0.661
2010-08-02,0.679,0.716,0.731,0.671
2010-08-03,0.719,0.681,0.721,0.681
2010-08-04,0.675,0.692,0.701,0.641
2010-08-05,0.689,0.655,0.691,0.641
2010-08-06,0.65,0.691,0.691,0.631
2010-08-09,0.696,0.693,0.7,0.676
2010-08-10,0.693,0.635,0.701,0.631
2010-08-11,0.631,0.64,0.651,0.631
2010-08-12,0.627,0.614,0.641,0.611
2010-08-13,0.614,0.64,0.641,0.611
2010-08-16,0.641,0.688,0.691,0.631
2010-08-17,0.693,0.691,0.701,0.681
2010-08-18,0.69,0.682,0.701,0.681
2010-08-19,0.684,0.693,0.701,0.671
2010-08-20,0.679,0.667,0.691,0.661
2010-08-23,0.649,0.646,0.671,0.641
2010-08-24,0.646,0.654,0.681,0.631
2010-08-25,0.649,0.603,0.653,0.599
2010-08-26,0.604,0.606,0.623,0.604
2010-08-27,0.605,0.615,0.618,0.592
2010-08-30,0.625,0.646,0.653,0.625
2010-08-31,0.641,0.628,0.643,0.623
2010-09-01,0.63,0.625,0.665,0.617
2010-09-02,0.649,0.647,0.649,0.632
2010-09-03,0.642,0.635,0.648,0.624
2010-09-06,0.647,0.685,0.69,0.641
2010-09-07,0.69,0.682,0.695,0.672
2010-09-08,0.672,0.674,0.677,0.661
2010-09-09,0.676,0.645,0.676,0.636
2010-09-10,0.646,0.638,0.661,0.618
2010-09-13,0.637,0.655,0.659,0.63
2010-09-14,0.655,0.649,0.666,0.641
2010-09-15,0.647,0.624,0.649,0.622
2010-09-16,0.62,0.573,0.63,0.563
2010-09-17,0.581,0.569,0.588,0.567
2010-09-20,0.576,0.572,0.584,0.562
2010-09-21,0.58,0.573,0.581,0.567
2010-09-27,0.574,0.591,0.591,0.573
2010-09-28,0.591,0.57,0.591,0.567
2010-09-29,0.571,0.575,0.593,0.57
2010-09-30,0.57,0.612,0.621,0.566
2010-10-08,0.631,0.677,0.687,0.622
2010-10-11,0.681,0.741,0.756,0.681
2010-10-12,0.739,0.764,0.771,0.723
2010-10-13,0.765,0.781,0.787,0.751
2010-10-14,0.794,0.813,0.834,0.793
2010-10-15,0.794,0.906,0.907,0.791
2010-10-18,0.92,0.901,0.971,0.891
2010-10-19,0.901,0.936,0.936,0.881
2010-10-20,0.901,0.941,0.966,0.889
2010-10-21,0.944,0.913,0.956,0.899
2010-10-22,0.912,0.908,0.931,0.9
2010-10-25,0.906,0.963,0.964,0.902
2010-10-26,0.964,0.943,0.977,0.931
2010-10-27,0.931,0.929,0.965,0.923
2010-10-28,0.919,0.929,0.94,0.912
2010-10-29,0.93,0.893,0.937,0.887
2010-11-01,0.894,0.961,0.963,0.894
2010-11-02,0.957,0.948,0.984,0.892
2010-11-03,0.942,0.931,0.962,0.928
2010-11-04,0.931,0.965,0.972,0.931
2010-11-05,0.992,0.99,1.008,0.973
2010-11-08,0.997,1.02,1.026,0.987
2010-11-09,1.021,0.996,1.021,0.985
2010-11-10,0.989,0.969,0.99,0.958
2010-11-11,0.966,0.983,1.019,0.963
2010-11-12,0.981,0.865,0.986,0.86
2010-11-15,0.878,0.878,0.882,0.821
2010-11-16,0.873,0.781,0.873,0.777
2010-11-17,0.77,0.744,0.781,0.74
2010-11-18,0.759,0.766,0.775,0.742
2010-11-19,0.779,0.786,0.787,0.715
2010-11-22,0.769,0.759,0.785,0.745
2010-11-23,0.752,0.729,0.752,0.698
2010-11-24,0.707,0.737,0.745,0.707
2010-11-25,0.741,0.762,0.766,0.734
2010-11-26,0.758,0.752,0.771,0.74
2010-11-29,0.742,0.732,0.746,0.723
2010-11-30,0.732,0.706,0.749,0.665
2010-12-01,0.705,0.712,0.721,0.683
2010-12-02,0.739,0.725,0.761,0.725
2010-12-03,0.726,0.721,0.73,0.708
2010-12-06,0.724,0.728,0.737,0.713
2010-12-07,0.713,0.741,0.748,0.692
2010-12-08,0.747,0.717,0.747,0.714
2010-12-09,0.722,0.693,0.722,0.692
2010-12-10,0.684,0.704,0.716,0.68
2010-12-13,0.703,0.77,0.772,0.703
2010-12-14,0.775,0.77,0.785,0.763
2010-12-15,0.768,0.764,0.786,0.76
2010-12-16,0.762,0.762,0.771,0.758
2010-12-17,0.752,0.757,0.763,0.75
2010-12-20,0.764,0.716,0.772,0.689
2010-12-21,0.728,0.765,0.774,0.713
2010-12-22,0.756,0.746,0.775,0.738
2010-12-23,0.749,0.749,0.772,0.739
2010-12-24,0.74,0.726,0.74,0.717
2010-12-27,0.732,0.693,0.765,0.692
2010-12-28,0.677,0.666,0.7,0.662
2010-12-29,0.671,0.663,0.672,0.65
2010-12-30,0.663,0.666,0.676,0.647
2010-12-31,0.672,0.69,0.691,0.658
2011-01-04,0.694,0.732,0.747,0.694
2011-01-05,0.72,0.732,0.736,0.71
2011-01-06,0.732,0.718,0.737,0.717
2011-01-07,0.713,0.734,0.757,0.705
2011-01-10,0.72,0.704,0.741,0.696
2011-01-11,0.7,0.722,0.724,0.695
2011-01-12,0.727,0.732,0.742,0.713
2011-01-13,0.74,0.733,0.748,0.728
2011-01-14,0.736,0.715,0.736,0.705
2011-01-17,0.714,0.652,0.714,0.645
2011-01-18,0.651,0.643,0.652,0.635
2011-01-19,0.645,0.681,0.687,0.636
2011-01-20,0.677,0.622,0.68,0.621
2011-01-21,0.623,0.648,0.675,0.62
2011-01-24,0.65,0.639,0.658,0.63
2011-01-25,0.639,0.632,0.646,0.625
2011-01-26,0.632,0.64,0.646,0.632
2011-01-27,0.632,0.675,0.682,0.622
2011-01-28,0.672,0.681,0.684,0.663
2011-01-31,0.68,0.698,0.699,0.677
2011-02-01,0.702,0.703,0.707,0.694
2011-02-09,0.695,0.682,0.71,0.681
2011-02-10,0.682,0.71,0.712,0.667
2011-02-11,0.709,0.712,0.716,0.697
2011-02-14,0.712,0.795,0.804,0.712
2011-02-15,0.796,0.79,0.817,0.79
2011-02-16,0.787,0.804,0.806,0.78
2011-02-17,0.805,0.8,0.817,0.789
2011-02-18,0.796,0.782,0.8,0.775
2011-02-21,0.777,0.817,0.817,0.771
2011-02-22,0.816,0.755,0.822,0.752
2011-02-23,0.751,0.755,0.758,0.746
2011-02-24,0.756,0.769,0.778,0.748
2011-02-25,0.773,0.776,0.787,0.752
2011-02-28,0.778,0.797,0.8,0.762
2011-03-01,0.793,0.807,0.822,0.792
2011-03-02,0.798,0.793,0.809,0.785
2011-03-03,0.792,0.802,0.825,0.792
2011-03-04,0.802,0.835,0.84,0.799
2011-03-07,0.836,0.895,0.896,0.836
2011-03-08,0.894,0.892,0.9,0.882
2011-03-09,0.892,0.881,0.9,0.88
2011-03-10,0.879,0.842,0.879,0.839
2011-03-11,0.839,0.82,0.848,0.818
2011-03-14,0.813,0.822,0.829,0.808
2011-03-15,0.824,0.782,0.824,0.752
2011-03-16,0.782,0.814,0.821,0.782
2011-03-17,0.797,0.792,0.821,0.783
2011-03-18,0.799,0.798,0.816,0.795
2011-03-21,0.799,0.785,0.808,0.781
2011-03-22,0.787,0.802,0.808,0.776
2011-03-23,0.8,0.827,0.83,0.794
2011-03-24,0.827,0.827,0.834,0.822
2011-03-25,0.823,0.859,0.864,0.823
2011-03-28,0.863,0.851,0.872,0.85
2011-03-29,0.845,0.848,0.879,0.842
2011-03-30,0.843,0.842,0.852,0.83
2011-03-31,0.842,0.823,0.848,0.82
2011-04-01,0.831,0.857,0.859,0.824
2011-04-06,0.845,0.901,0.909,0.838
2011-04-07,0.899,0.899,0.909,0.89
2011-04-08,0.902,0.912,0.915,0.893
2011-04-11,0.913,0.911,0.942,0.909
2011-04-12,0.907,0.913,0.932,0.895
2011-04-13,0.902,0.928,0.93,0.895
2011-04-14,0.929,0.927,0.943,0.925
2011-04-15,0.919,0.935,0.944,0.914
2011-04-18,0.918,0.942,0.952,0.918
2011-04-19,0.932,0.892,0.932,0.885
2011-04-20,0.894,0.887,0.907,0.879
2011-04-21,0.894,0.91,0.917,0.894
2011-04-22,0.91,0.893,0.919,0.891
2011-04-25,0.892,0.854,0.892,0.854
2011-04-26,0.853,0.838,0.86,0.834
2011-04-27,0.854,0.834,0.858,0.824
2011-04-28,0.835,0.816,0.858,0.81
2011-04-29,0.816,0.834,0.834,0.797
2011-05-03,0.832,0.841,0.842,0.816
2011-05-04,0.838,0.786,0.838,0.782
2011-05-05,0.797,0.785,0.797,0.77
2011-05-06,0.777,0.782,0.795,0.765
2011-05-09,0.788,0.787,0.797,0.78
2011-05-10,0.787,0.8,0.8,0.784
2011-05-11,0.8,0.792,0.803,0.787
2011-05-12,0.787,0.77,0.787,0.768
2011-05-13,0.772,0.787,0.787,0.76
2011-05-16,0.786,0.761,0.786,0.76
2011-05-17,0.752,0.773,0.78,0.74
2011-05-18,0.774,0.783,0.79,0.762
2011-05-19,0.776,0.77,0.792,0.769
2011-05-20,0.763,0.764,0.777,0.763
2011-05-23,0.761,0.702,0.765,0.698
2011-05-24,0.7,0.692,0.7,0.685
2011-05-25,0.694,0.672,0.695,0.67
2011-05-26,0.677,0.679,0.691,0.675
2011-05-27,0.682,0.67,0.692,0.67
2011-05-30,0.67,0.673,0.684,0.658
2011-05-31,0.68,0.699,0.699,0.671
2011-06-01,0.699,0.693,0.699,0.687
2011-06-02,0.681,0.661,0.682,0.644
2011-06-03,0.654,0.677,0.679,0.654
2011-06-07,0.675,0.681,0.684,0.667
2011-06-08,0.681,0.679,0.681,0.66
2011-06-09,0.669,0.654,0.677,0.652
2011-06-10,0.652,0.661,0.667,0.642
2011-06-13,0.656,0.655,0.657,0.635
2011-06-14,0.655,0.668,0.679,0.643
2011-06-15,0.66,0.661,0.674,0.66
2011-06-16,0.651,0.637,0.651,0.63
2011-06-17,0.635,0.622,0.644,0.62
2011-06-20,0.62,0.615,0.622,0.608
2011-06-21,0.613,0.628,0.631,0.613
2011-06-22,0.629,0.629,0.635,0.622
2011-06-23,0.627,0.659,0.661,0.617
2011-06-24,0.657,0.716,0.725,0.65
2011-06-27,0.707,0.709,0.727,0.704
2011-06-28,0.712,0.71,0.715,0.693
2011-06-29,0.71,0.69,0.712,0.688
2011-06-30,0.688,0.707,0.719,0.688
2011-07-01,0.695,0.708,0.717,0.694
2011-07-04,0.717,0.751,0.758,0.712
2011-07-05,0.754,0.749,0.756,0.741
2011-07-06,0.749,0.74,0.751,0.725
2011-07-07,0.747,0.74,0.755,0.733
2011-07-08,0.733,0.738,0.744,0.728
2011-07-11,0.734,0.734,0.738,0.724
2011-07-12,0.73,0.694,0.73,0.692
2011-07-13,0.69,0.719,0.723,0.69
2011-07-14,0.717,0.727,0.732,0.715
2011-07-15,0.713,0.732,0.735,0.713
2011-07-18,0.733,0.729,0.738,0.723
2011-07-19,0.726,0.712,0.727,0.709
2011-07-20,0.717,0.705,0.727,0.702
2011-07-21,0.712,0.692,0.712,0.691
2011-07-22,0.692,0.689,0.702,0.688
2011-07-25,0.692,0.632,0.692,0.623
2011-07-26,0.632,0.628,0.638,0.62
2011-07-27,0.622,0.637,0.639,0.614
2011-07-28,0.627,0.624,0.629,0.61
2011-07-29,0.624,0.63,0.646,0.618
2011-08-01,0.627,0.637,0.644,0.62
2011-08-02,0.632,0.622,0.632,0.602
2011-08-03,0.62,0.615,0.625,0.605
2011-08-04,0.622,0.619,0.631,0.614
2011-08-05,0.572,0.573,0.592,0.562
2011-08-08,0.57,0.5,0.57,0.478
2011-08-09,0.489,0.501,0.52,0.437
2011-08-10,0.515,0.519,0.54,0.515
2011-08-11,0.483,0.544,0.544,0.483
2011-08-12,0.546,0.55,0.562,0.545
2011-08-15,0.541,0.578,0.579,0.541
2011-08-16,0.578,0.569,0.587,0.566
2011-08-17,0.567,0.571,0.577,0.562
2011-08-18,0.569,0.546,0.569,0.542
2011-08-19,0.512,0.52,0.528,0.503
2011-08-22,0.522,0.507,0.533,0.501
2011-08-23,0.512,0.536,0.536,0.504
2011-08-24,0.54,0.529,0.549,0.526
2011-08-25,0.529,0.597,0.599,0.529
2011-08-26,0.592,0.591,0.594,0.577
2011-08-29,0.58,0.561,0.58,0.554
2011-08-30,0.573,0.559,0.593,0.557
2011-08-31,0.56,0.559,0.565,0.547
2011-09-01,0.567,0.553,0.575,0.552
2011-09-02,0.553,0.531,0.555,0.528
2011-09-05,0.527,0.492,0.528,0.491
2011-09-06,0.482,0.478,0.492,0.476
2011-09-07,0.492,0.522,0.522,0.485
2011-09-08,0.53,0.512,0.53,0.512
2011-09-09,0.52,0.515,0.542,0.507
2011-09-13,0.508,0.506,0.51,0.489
2011-09-14,0.511,0.512,0.515,0.484
2011-09-15,0.519,0.511,0.524,0.509
2011-09-16,0.512,0.511,0.523,0.507
2011-09-19,0.502,0.48,0.531,0.479
2011-09-20,0.479,0.491,0.496,0.472
2011-09-21,0.491,0.54,0.542,0.483
2011-09-22,0.53,0.483,0.53,0.482
2011-09-23,0.473,0.477,0.497,0.457
2011-09-26,0.477,0.448,0.482,0.442
2011-09-27,0.46,0.463,0.473,0.453
2011-09-28,0.472,0.458,0.48,0.449
2011-09-29,0.455,0.448,0.458,0.432
2011-09-30,0.444,0.449,0.456,0.44
2011-10-10,0.449,0.439,0.457,0.431
2011-10-11,0.472,0.427,0.492,0.416
2011-10-12,0.422,0.48,0.482,0.412
2011-10-13,0.476,0.485,0.49,0.472
2011-10-14,0.478,0.485,0.49,0.468
2011-10-17,0.489,0.486,0.5,0.483
2011-10-18,0.485,0.444,0.485,0.442
2011-10-19,0.445,0.449,0.457,0.443
2011-10-20,0.447,0.404,0.447,0.397
2011-10-21,0.399,0.414,0.42,0.399
2011-10-24,0.429,0.447,0.452,0.407
2011-10-25,0.448,0.481,0.482,0.441
2011-10-26,0.467,0.488,0.506,0.462
2011-10-27,0.495,0.495,0.506,0.487
2011-10-28,0.505,0.523,0.535,0.505
2011-10-31,0.523,0.511,0.523,0.504
2011-11-01,0.503,0.512,0.532,0.5
2011-11-02,0.502,0.538,0.541,0.492
2011-11-03,0.547,0.543,0.563,0.542
2011-11-04,0.547,0.55,0.562,0.543
2011-11-07,0.545,0.539,0.555,0.538
2011-11-08,0.539,0.545,0.558,0.539
2011-11-09,0.55,0.556,0.558,0.537
2011-11-10,0.543,0.525,0.544,0.525
2011-11-11,0.527,0.52,0.534,0.518
2011-11-14,0.536,0.558,0.558,0.534
2011-11-15,0.553,0.55,0.556,0.548
2011-11-16,0.548,0.5,0.558,0.497
2011-11-17,0.5,0.503,0.521,0.499
2011-11-18,0.482,0.467,0.517,0.462
2011-11-21,0.465,0.467,0.474,0.457
2011-11-22,0.462,0.464,0.467,0.45
2011-11-23,0.458,0.449,0.474,0.444
2011-11-24,0.448,0.443,0.457,0.432
2011-11-25,0.447,0.438,0.455,0.427
2011-11-28,0.438,0.442,0.456,0.43
2011-11-29,0.454,0.467,0.469,0.444
2011-11-30,0.466,0.407,0.466,0.397
2011-12-01,0.457,0.443,0.472,0.437
2011-12-02,0.438,0.424,0.441,0.413
2011-12-05,0.418,0.405,0.418,0.405
2011-12-06,0.407,0.412,0.413,0.398
2011-12-07,0.411,0.412,0.419,0.398
2011-12-08,0.408,0.412,0.425,0.394
2011-12-09,0.41,0.405,0.412,0.398
2011-12-12,0.399,0.39,0.405,0.389
2011-12-13,0.387,0.373,0.39,0.373
2011-12-14,0.36,0.352,0.374,0.352
2011-12-15,0.353,0.327,0.353,0.325
2011-12-16,0.325,0.349,0.351,0.306
2011-12-19,0.345,0.337,0.345,0.301
2011-12-20,0.328,0.332,0.352,0.327
2011-12-21,0.345,0.309,0.347,0.309
2011-12-22,0.306,0.312,0.326,0.287
2011-12-23,0.312,0.326,0.334,0.312
2011-12-26,0.325,0.315,0.335,0.314
2011-12-27,0.32,0.309,0.322,0.305
2011-12-28,0.303,0.307,0.307,0.287
2011-12-29,0.3,0.31,0.313,0.3
2011-12-30,0.31,0.323,0.332,0.31
2012-01-04,0.334,0.305,0.34,0.305
2012-01-05,0.288,0.299,0.326,0.288
2012-01-06,0.292,0.312,0.314,0.292
2012-01-09,0.323,0.362,0.362,0.304
2012-01-10,0.357,0.407,0.408,0.349
2012-01-11,0.422,0.394,0.422,0.39
2012-01-12,0.385,0.4,0.41,0.382
2012-01-13,0.394,0.379,0.401,0.368
2012-01-16,0.386,0.362,0.386,0.361
2012-01-17,0.363,0.433,0.433,0.349
2012-01-18,0.434,0.408,0.441,0.404
2012-01-19,0.405,0.44,0.449,0.405
2012-01-20,0.447,0.461,0.467,0.433
2012-01-30,0.467,0.428,0.467,0.427
2012-01-31,0.432,0.431,0.433,0.42
2012-02-01,0.417,0.407,0.434,0.405
2012-02-02,0.405,0.442,0.445,0.405
2012-02-03,0.442,0.455,0.464,0.427
2012-02-06,0.456,0.453,0.466,0.445
2012-02-07,0.447,0.422,0.447,0.41
2012-02-08,0.42,0.464,0.473,0.417
2012-02-09,0.457,0.464,0.47,0.45
2012-02-10,0.464,0.457,0.479,0.451
2012-02-13,0.454,0.45,0.465,0.439
2012-02-14,0.45,0.447,0.451,0.435
2012-02-15,0.449,0.457,0.471,0.435
2012-02-16,0.459,0.457,0.466,0.445
2012-02-17,0.46,0.458,0.467,0.45
2012-02-20,0.471,0.456,0.48,0.456
2012-02-21,0.456,0.469,0.47,0.447
2012-02-22,0.466,0.488,0.489,0.464
2012-02-23,0.489,0.489,0.499,0.485
2012-02-24,0.492,0.518,0.519,0.488
2012-02-27,0.52,0.53,0.546,0.52
2012-02-28,0.527,0.537,0.538,0.522
2012-02-29,0.537,0.508,0.537,0.506
2012-03-01,0.507,0.516,0.523,0.502
2012-03-02,0.516,0.537,0.537,0.516
2012-03-05,0.538,0.527,0.547,0.523
2012-03-06,0.521,0.498,0.525,0.493
2012-03-07,0.49,0.482,0.496,0.481
2012-03-08,0.486,0.499,0.507,0.486
2012-03-09,0.507,0.512,0.516,0.496
2012-03-12,0.51,0.502,0.521,0.492
2012-03-13,0.504,0.519,0.52,0.496
2012-03-14,0.523,0.477,0.533,0.476
2012-03-15,0.479,0.46,0.483,0.453
2012-03-16,0.46,0.477,0.481,0.46
2012-03-19,0.477,0.48,0.486,0.467
2012-03-20,0.477,0.465,0.482,0.461
2012-03-21,0.46,0.46,0.476,0.452
2012-03-22,0.457,0.464,0.469,0.451
2012-03-23,0.457,0.445,0.457,0.442
2012-03-26,0.445,0.449,0.451,0.442
2012-03-27,0.45,0.447,0.457,0.444
2012-03-28,0.444,0.41,0.445,0.402
2012-03-29,0.408,0.387,0.408,0.384
2012-03-30,0.387,0.395,0.405,0.387
2012-04-05,0.396,0.433,0.434,0.389
2012-04-06,0.423,0.427,0.434,0.423
2012-04-09,0.422,0.415,0.427,0.399
2012-04-10,0.408,0.427,0.429,0.398
2012-04-11,0.423,0.425,0.437,0.415
2012-04-12,0.427,0.464,0.466,0.427
2012-04-13,0.466,0.476,0.482,0.461
2012-04-16,0.471,0.47,0.475,0.458
2012-04-17,0.467,0.449,0.471,0.448
2012-04-18,0.455,0.485,0.487,0.45
2012-04-19,0.486,0.487,0.49,0.477
2012-04-20,0.481,0.509,0.512,0.481
2012-04-23,0.507,0.497,0.512,0.497
2012-04-24,0.49,0.502,0.526,0.477
2012-04-25,0.501,0.509,0.513,0.488
2012-04-26,0.51,0.505,0.516,0.5
2012-04-27,0.505,0.505,0.51,0.499
2012-05-02,0.523,0.532,0.544,0.517
2012-05-03,0.532,0.534,0.536,0.525
2012-05-04,0.536,0.544,0.545,0.525
2012-05-07,0.539,0.542,0.545,0.533
2012-05-08,0.54,0.531,0.543,0.526
2012-05-09,0.526,0.502,0.526,0.501
2012-05-10,0.499,0.5,0.509,0.499
2012-05-11,0.498,0.487,0.513,0.487
2012-05-14,0.5,0.478,0.509,0.478
2012-05-15,0.475,0.476,0.476,0.459
2012-05-16,0.474,0.447,0.474,0.443
2012-05-17,0.445,0.473,0.478,0.445
2012-05-18,0.466,0.456,0.466,0.447
2012-05-21,0.45,0.46,0.464,0.448
2012-05-22,0.467,0.478,0.48,0.46
2012-05-23,0.476,0.467,0.481,0.457
2012-05-24,0.473,0.473,0.477,0.458
2012-05-25,0.466,0.446,0.471,0.437
2012-05-28,0.447,0.468,0.469,0.435
2012-05-29,0.467,0.496,0.497,0.459
2012-05-30,0.495,0.482,0.495,0.48
2012-05-31,0.478,0.477,0.485,0.469
2012-06-01,0.478,0.477,0.485,0.471
2012-06-04,0.462,0.433,0.462,0.426
2012-06-05,0.428,0.428,0.442,0.425
2012-06-06,0.435,0.421,0.436,0.407
2012-06-07,0.434,0.417,0.445,0.412
2012-06-08,0.433,0.407,0.433,0.403
2012-06-11,0.412,0.43,0.432,0.406
2012-06-12,0.423,0.406,0.423,0.398
2012-06-13,0.408,0.43,0.431,0.404
2012-06-14,0.419,0.415,0.43,0.415
2012-06-15,0.424,0.428,0.433,0.415
2012-06-18,0.431,0.436,0.446,0.43
2012-06-19,0.43,0.426,0.434,0.425
2012-06-20,0.427,0.426,0.433,0.422
2012-06-21,0.427,0.391,0.427,0.388
2012-06-25,0.385,0.371,0.389,0.365
2012-06-26,0.369,0.365,0.369,0.352
2012-06-27,0.363,0.358,0.371,0.357
2012-06-28,0.361,0.348,0.367,0.348
2012-06-29,0.349,0.365,0.366,0.339
2012-07-02,0.373,0.357,0.373,0.348
2012-07-03,0.357,0.366,0.374,0.356
2012-07-04,0.366,0.364,0.37,0.357
2012-07-05,0.36,0.351,0.36,0.339
2012-07-06,0.364,0.361,0.365,0.337
2012-07-09,0.352,0.326,0.354,0.319
2012-07-10,0.321,0.323,0.326,0.316
2012-07-11,0.321,0.331,0.331,0.317
2012-07-12,0.332,0.345,0.35,0.317
2012-07-13,0.345,0.342,0.353,0.338
2012-07-16,0.344,0.321,0.346,0.319
2012-07-17,0.321,0.334,0.337,0.321
2012-07-18,0.335,0.342,0.344,0.323
2012-07-19,0.346,0.349,0.366,0.34
2012-07-20,0.355,0.334,0.355,0.332
2012-07-23,0.325,0.308,0.325,0.303
2012-07-24,0.305,0.31,0.313,0.297
2012-07-25,0.307,0.306,0.311,0.3
2012-07-26,0.302,0.294,0.305,0.292
2012-07-27,0.3,0.302,0.309,0.297
2012-07-30,0.313,0.299,0.313,0.298
2012-07-31,0.299,0.303,0.306,0.299
2012-08-01,0.305,0.311,0.319,0.303
2012-08-02,0.311,0.304,0.316,0.301
2012-08-03,0.307,0.315,0.315,0.303
2012-08-06,0.318,0.331,0.333,0.315
2012-08-07,0.325,0.329,0.332,0.323
2012-08-08,0.332,0.332,0.34,0.329
2012-08-09,0.334,0.34,0.34,0.32
2012-08-10,0.339,0.336,0.345,0.332
2012-08-13,0.337,0.302,0.337,0.297
2012-08-14,0.299,0.299,0.313,0.289
2012-08-15,0.297,0.282,0.297,0.281
2012-08-16,0.282,0.281,0.286,0.277
2012-08-17,0.279,0.277,0.288,0.271
2012-08-20,0.272,0.269,0.276,0.261
2012-08-21,0.267,0.278,0.282,0.264
2012-08-22,0.273,0.266,0.279,0.262
2012-08-23,0.262,0.271,0.278,0.262
2012-08-24,0.268,0.257,0.269,0.257
2012-08-27,0.256,0.228,0.256,0.227
2012-08-28,0.229,0.24,0.246,0.227
2012-08-29,0.237,0.231,0.245,0.23
2012-08-30,0.229,0.24,0.243,0.225
2012-08-31,0.24,0.238,0.243,0.235
2012-09-03,0.246,0.246,0.247,0.231
2012-09-04,0.246,0.229,0.247,0.223
2012-09-05,0.229,0.22,0.229,0.214
2012-09-06,0.22,0.223,0.229,0.215
2012-09-07,0.232,0.29,0.307,0.232
2012-09-10,0.3,0.293,0.3,0.285
2012-09-11,0.294,0.276,0.294,0.27
2012-09-12,0.286,0.279,0.291,0.269
2012-09-13,0.277,0.273,0.284,0.272
2012-09-14,0.277,0.285,0.295,0.275
2012-09-17,0.284,0.254,0.284,0.254
2012-09-18,0.251,0.23,0.251,0.23
2012-09-19,0.235,0.234,0.243,0.23
2012-09-20,0.233,0.212,0.233,0.211
2012-09-21,0.208,0.217,0.22,0.207
2012-09-24,0.192,0.212,0.22,0.192
2012-09-25,0.21,0.214,0.219,0.207
2012-09-26,0.209,0.205,0.217,0.203
2012-09-27,0.205,0.242,0.267,0.2
2012-09-28,0.239,0.274,0.277,0.236
2012-10-08,0.273,0.264,0.286,0.253
2012-10-09,0.263,0.289,0.3,0.263
2012-10-10,0.289,0.288,0.291,0.281
2012-10-11,0.291,0.278,0.291,0.278
2012-10-12,0.286,0.285,0.296,0.275
2012-10-15,0.277,0.274,0.284,0.269
2012-10-16,0.282,0.28,0.286,0.271
2012-10-17,0.281,0.281,0.289,0.27
2012-10-18,0.285,0.298,0.304,0.284
2012-10-19,0.288,0.297,0.302,0.288
2012-10-22,0.291,0.307,0.308,0.287
2012-10-23,0.308,0.287,0.308,0.287
2012-10-24,0.283,0.282,0.292,0.28
2012-10-25,0.282,0.275,0.291,0.275
2012-10-26,0.277,0.247,0.277,0.243
2012-10-29,0.242,0.24,0.25,0.238
2012-10-30,0.237,0.243,0.252,0.235
2012-10-31,0.246,0.245,0.247,0.235
2012-11-01,0.247,0.276,0.281,0.247
2012-11-02,0.277,0.289,0.291,0.273
2012-11-05,0.286,0.29,0.296,0.286
2012-11-06,0.295,0.281,0.295,0.262
2012-11-07,0.283,0.281,0.287,0.269
2012-11-08,0.275,0.261,0.275,0.258
2012-11-09,0.257,0.249,0.26,0.247
2012-11-12,0.25,0.262,0.263,0.249
2012-11-13,0.262,0.236,0.262,0.235
2012-11-14,0.236,0.244,0.247,0.236
2012-11-15,0.243,0.231,0.244,0.229
2012-11-16,0.23,0.209,0.23,0.208
2012-11-19,0.21,0.224,0.224,0.205
2012-11-20,0.224,0.208,0.226,0.207
2012-11-21,0.214,0.228,0.229,0.207
2012-11-22,0.227,0.219,0.227,0.215
2012-11-23,0.217,0.231,0.237,0.217
2012-11-26,0.231,0.227,0.231,0.219
2012-11-27,0.219,0.215,0.222,0.214
2012-11-28,0.213,0.204,0.213,0.202
2012-11-29,0.207,0.198,0.209,0.197
2012-11-30,0.197,0.202,0.203,0.184
2012-12-03,0.197,0.189,0.207,0.189
2012-12-04,0.192,0.2,0.202,0.185
2012-12-05,0.2,0.257,0.262,0.195
2012-12-06,0.256,0.255,0.259,0.249
2012-12-07,0.252,0.29,0.291,0.25
2012-12-10,0.29,0.302,0.307,0.29
2012-12-11,0.302,0.296,0.308,0.293
2012-12-12,0.296,0.298,0.304,0.292
2012-12-13,0.293,0.282,0.297,0.281
2012-12-14,0.279,0.369,0.37,0.279
2012-12-17,0.363,0.383,0.39,0.363
2012-12-18,0.388,0.388,0.408,0.374
2012-12-19,0.384,0.384,0.395,0.378
2012-12-20,0.382,0.396,0.4,0.372
2012-12-21,0.4,0.38,0.407,0.378
2012-12-24,0.378,0.384,0.396,0.378
2012-12-25,0.375,0.436,0.444,0.372
2012-12-26,0.438,0.435,0.444,0.428
2012-12-27,0.436,0.429,0.452,0.426
2012-12-28,0.426,0.462,0.464,0.426
2012-12-31,0.458,0.488,0.488,0.458
2013-01-04,0.49,0.497,0.526,0.485
2013-01-07,0.483,0.515,0.527,0.483
2013-01-08,0.511,0.499,0.518,0.486
2013-01-09,0.496,0.488,0.498,0.481
2013-01-10,0.487,0.495,0.511,0.487
2013-01-11,0.493,0.456,0.5,0.45
2013-01-14,0.451,0.537,0.541,0.45
2013-01-15,0.537,0.539,0.546,0.526
2013-01-16,0.538,0.512,0.54,0.493
2013-01-17,0.509,0.5,0.512,0.487
2013-01-18,0.499,0.532,0.543,0.499
2013-01-21,0.533,0.551,0.551,0.524
2013-01-22,0.551,0.554,0.578,0.534
2013-01-23,0.549,0.567,0.568,0.539
2013-01-24,0.558,0.563,0.621,0.548
2013-01-25,0.559,0.554,0.567,0.55
2013-01-28,0.548,0.626,0.626,0.548
2013-01-29,0.622,0.657,0.674,0.62
2013-01-30,0.663,0.667,0.671,0.645
2013-01-31,0.671,0.676,0.679,0.659
2013-02-01,0.669,0.74,0.741,0.664
2013-02-04,0.742,0.75,0.788,0.74
2013-02-05,0.738,0.748,0.757,0.721
2013-02-06,0.744,0.751,0.763,0.742
2013-02-07,0.747,0.711,0.749,0.679
2013-02-08,0.711,0.706,0.729,0.686
2013-02-18,0.708,0.688,0.718,0.684
2013-02-19,0.679,0.658,0.688,0.656
2013-02-20,0.658,0.649,0.664,0.623
2013-02-21,0.648,0.569,0.648,0.556
2013-02-22,0.563,0.543,0.577,0.54
2013-02-25,0.545,0.564,0.577,0.545
2013-02-26,0.562,0.542,0.595,0.542
2013-02-27,0.543,0.566,0.583,0.543
2013-02-28,0.575,0.632,0.633,0.568
2013-03-01,0.633,0.625,0.642,0.592
2013-03-04,0.61,0.523,0.61,0.514
2013-03-05,0.523,0.607,0.615,0.523
2013-03-06,0.614,0.636,0.646,0.603
2013-03-07,0.627,0.608,0.643,0.585
2013-03-08,0.609,0.603,0.623,0.594
2013-03-11,0.603,0.582,0.603,0.569
2013-03-12,0.583,0.547,0.598,0.531
2013-03-13,0.548,0.533,0.558,0.523
2013-03-14,0.526,0.534,0.545,0.518
2013-03-15,0.536,0.554,0.592,0.516
2013-03-18,0.538,0.523,0.553,0.52
2013-03-19,0.521,0.539,0.543,0.516
2013-03-20,0.54,0.616,0.617,0.54
2013-03-21,0.622,0.612,0.627,0.606
2013-03-22,0.616,0.619,0.626,0.606
2013-03-25,0.626,0.614,0.641,0.61
2013-03-26,0.608,0.573,0.608,0.557
2013-03-27,0.572,0.58,0.602,0.566
2013-03-28,0.566,0.49,0.566,0.481
2013-03-29,0.491,0.49,0.5,0.48
2013-04-01,0.49,0.49,0.501,0.487
2013-04-02,0.498,0.489,0.508,0.478
2013-04-03,0.492,0.496,0.511,0.488
2013-04-08,0.467,0.482,0.485,0.46
2013-04-09,0.488,0.494,0.507,0.487
2013-04-10,0.494,0.481,0.495,0.473
2013-04-11,0.496,0.48,0.502,0.48
2013-04-12,0.485,0.473,0.487,0.469
2013-04-15,0.473,0.455,0.473,0.453
2013-04-16,0.451,0.458,0.459,0.429
2013-04-17,0.458,0.443,0.458,0.426
2013-04-18,0.439,0.45,0.451,0.415
2013-04-19,0.447,0.516,0.528,0.447
2013-04-22,0.509,0.522,0.527,0.507
2013-04-23,0.519,0.466,0.526,0.439
2013-04-24,0.465,0.498,0.512,0.461
2013-04-25,0.496,0.477,0.499,0.468
2013-04-26,0.478,0.472,0.493,0.468
2013-05-02,0.464,0.474,0.474,0.452
2013-05-03,0.474,0.508,0.535,0.474
2013-05-06,0.52,0.524,0.536,0.513
2013-05-07,0.523,0.52,0.531,0.511
2013-05-08,0.533,0.525,0.546,0.519
2013-05-09,0.528,0.516,0.528,0.506
2013-05-10,0.514,0.528,0.533,0.509
2013-05-13,0.527,0.52,0.532,0.513
2013-05-14,0.52,0.503,0.52,0.499
2013-05-15,0.503,0.516,0.517,0.503
2013-05-16,0.513,0.542,0.544,0.499
2013-05-17,0.542,0.567,0.57,0.536
2013-05-20,0.567,0.585,0.604,0.567
2013-05-21,0.583,0.574,0.588,0.568
2013-05-22,0.574,0.581,0.585,0.539
2013-05-23,0.568,0.549,0.575,0.545
2013-05-24,0.549,0.55,0.563,0.54
2013-05-27,0.55,0.55,0.562,0.543
2013-05-28,0.552,0.582,0.584,0.541
2013-05-29,0.583,0.58,0.596,0.58
2013-05-30,0.576,0.572,0.582,0.569
2013-05-31,0.571,0.559,0.581,0.559
2013-06-03,0.562,0.558,0.575,0.555
2013-06-04,0.552,0.546,0.558,0.542
2013-06-05,0.548,0.528,0.548,0.519
2013-06-06,0.527,0.508,0.527,0.505
2013-06-07,0.507,0.487,0.518,0.48
2013-06-13,0.484,0.422,0.484,0.399
2013-06-14,0.424,0.428,0.435,0.422
2013-06-17,0.433,0.415,0.438,0.414
2013-06-18,0.419,0.426,0.433,0.415
2013-06-19,0.419,0.405,0.419,0.386
2013-06-20,0.397,0.353,0.397,0.346
2013-06-21,0.35,0.349,0.352,0.312
2013-06-24,0.343,0.25,0.343,0.238
2013-06-25,0.252,0.228,0.252,0.112
2013-06-26,0.236,0.207,0.241,0.196
2013-06-27,0.213,0.225,0.244,0.21
2013-06-28,0.221,0.283,0.287,0.211
2013-07-01,0.278,0.282,0.283,0.257
2013-07-02,0.283,0.278,0.283,0.26
2013-07-03,0.263,0.262,0.267,0.241
2013-07-04,0.258,0.276,0.295,0.246
2013-07-05,0.273,0.274,0.286,0.268
2013-07-08,0.259,0.249,0.266,0.243
2013-07-09,0.249,0.258,0.261,0.245
2013-07-10,0.26,0.292,0.293,0.256
2013-07-11,0.296,0.393,0.411,0.296
2013-07-12,0.387,0.346,0.397,0.34
2013-07-15,0.344,0.357,0.381,0.341
2013-07-16,0.354,0.359,0.36,0.333
2013-07-17,0.353,0.338,0.365,0.338
2013-07-18,0.338,0.298,0.338,0.298
2013-07-19,0.312,0.268,0.312,0.266
2013-07-22,0.261,0.27,0.27,0.243
2013-07-23,0.271,0.305,0.323,0.259
2013-07-24,0.301,0.284,0.301,0.263
2013-07-25,0.29,0.275,0.295,0.271
2013-07-26,0.269,0.275,0.279,0.26
2013-07-29,0.263,0.232,0.263,0.227
2013-07-30,0.238,0.251,0.278,0.231
2013-07-31,0.258,0.256,0.288,0.253
2013-08-01,0.256,0.285,0.288,0.253
2013-08-02,0.285,0.28,0.304,0.278
2013-08-05,0.293,0.294,0.297,0.276
2013-08-06,0.293,0.303,0.308,0.28
2013-08-07,0.303,0.292,0.315,0.289
2013-08-08,0.288,0.286,0.302,0.283
2013-08-09,0.291,0.284,0.303,0.272
2013-08-12,0.284,0.348,0.349,0.284
2013-08-13,0.347,0.362,0.367,0.335
2013-08-14,0.363,0.358,0.393,0.354
2013-08-15,0.358,0.352,0.378,0.352
2013-08-16,0.347,0.349,0.438,0.328
2013-08-19,0.334,0.365,0.374,0.334
2013-08-20,0.359,0.362,0.394,0.351
2013-08-21,0.362,0.35,0.367,0.338
2013-08-22,0.348,0.349,0.378,0.344
2013-08-23,0.351,0.331,0.367,0.306
2013-08-26,0.332,0.363,0.365,0.329
2013-08-27,0.361,0.364,0.373,0.352
2013-08-28,0.358,0.355,0.365,0.339
2013-08-29,0.355,0.353,0.365,0.347
2013-08-30,0.353,0.352,0.364,0.34
2013-09-02,0.358,0.356,0.367,0.347
2013-09-03,0.363,0.384,0.386,0.359
2013-09-04,0.375,0.383,0.391,0.375
2013-09-05,0.383,0.381,0.39,0.379
2013-09-06,0.38,0.394,0.403,0.379
2013-09-09,0.404,0.5,0.506,0.404
2013-09-10,0.504,0.512,0.514,0.484
2013-09-11,0.512,0.519,0.543,0.512
2013-09-12,0.519,0.549,0.58,0.503
2013-09-13,0.548,0.517,0.548,0.507
2013-09-16,0.518,0.506,0.531,0.493
2013-09-17,0.513,0.477,0.523,0.476
2013-09-18,0.477,0.477,0.486,0.458
2013-09-23,0.483,0.485,0.495,0.469
2013-09-24,0.485,0.442,0.485,0.433
2013-09-25,0.445,0.438,0.456,0.431
2013-09-26,0.437,0.407,0.437,0.398
2013-09-27,0.406,0.403,0.415,0.397
2013-09-30,0.405,0.418,0.42,0.405
2013-10-08,0.408,0.43,0.438,0.393
2013-10-09,0.428,0.438,0.445,0.421
2013-10-10,0.439,0.409,0.443,0.407
2013-10-11,0.413,0.438,0.445,0.409
2013-10-14,0.438,0.433,0.444,0.429
2013-10-15,0.437,0.418,0.437,0.41
2013-10-16,0.417,0.394,0.417,0.391
2013-10-17,0.4,0.393,0.407,0.39
2013-10-18,0.398,0.397,0.407,0.391
2013-10-21,0.399,0.417,0.419,0.388
2013-10-22,0.417,0.399,0.417,0.397
2013-10-23,0.405,0.402,0.435,0.397
2013-10-24,0.4,0.379,0.4,0.378
2013-10-25,0.379,0.368,0.395,0.363
2013-10-28,0.387,0.368,0.388,0.361
2013-10-29,0.369,0.39,0.421,0.369
2013-10-30,0.393,0.416,0.419,0.391
2013-10-31,0.422,0.397,0.422,0.394
2013-11-01,0.398,0.412,0.421,0.395
2013-11-04,0.418,0.41,0.426,0.406
2013-11-05,0.404,0.399,0.404,0.377
2013-11-06,0.399,0.379,0.399,0.378
2013-11-07,0.379,0.379,0.385,0.373
2013-11-08,0.378,0.365,0.384,0.36
2013-11-11,0.356,0.358,0.365,0.352
2013-11-12,0.363,0.376,0.378,0.356
2013-11-13,0.372,0.333,0.372,0.331
2013-11-14,0.333,0.325,0.341,0.315
2013-11-15,0.321,0.356,0.374,0.321
2013-11-18,0.361,0.429,0.429,0.358
2013-11-19,0.429,0.418,0.429,0.398
2013-11-20,0.423,0.415,0.427,0.402
2013-11-21,0.409,0.41,0.412,0.388
2013-11-22,0.414,0.403,0.416,0.402
2013-11-25,0.402,0.395,0.414,0.391
2013-11-26,0.393,0.388,0.403,0.386
2013-11-27,0.386,0.4,0.417,0.385
2013-11-28,0.404,0.413,0.429,0.403
2013-11-29,0.415,0.412,0.421,0.412
2013-12-02,0.416,0.435,0.448,0.409
2013-12-03,0.427,0.443,0.446,0.423
2013-12-04,0.428,0.451,0.462,0.428
2013-12-05,0.448,0.447,0.452,0.441
2013-12-06,0.44,0.433,0.443,0.427
2013-12-09,0.431,0.433,0.442,0.43
2013-12-10,0.437,0.436,0.441,0.431
2013-12-11,0.432,0.406,0.432,0.398
2013-12-12,0.403,0.398,0.408,0.398
2013-12-13,0.395,0.387,0.396,0.381
2013-12-16,0.387,0.368,0.388,0.367
2013-12-17,0.367,0.362,0.374,0.358
2013-12-18,0.358,0.357,0.365,0.357
2013-12-19,0.361,0.339,0.366,0.338
2013-12-20,0.339,0.312,0.345,0.308
2013-12-23,0.314,0.311,0.318,0.301
2013-12-24,0.31,0.306,0.324,0.301
2013-12-25,0.306,0.316,0.317,0.303
2013-12-26,0.31,0.286,0.317,0.286
2013-12-27,0.286,0.313,0.325,0.286
2013-12-30,0.314,0.313,0.326,0.309
2013-12-31,0.315,0.329,0.333,0.308
2014-01-02,0.326,0.318,0.326,0.315
2014-01-03,0.311,0.295,0.312,0.292
2014-01-06,0.295,0.26,0.295,0.256
2014-01-07,0.258,0.259,0.27,0.244
2014-01-08,0.259,0.26,0.278,0.25
2014-01-09,0.261,0.248,0.266,0.246
2014-01-10,0.241,0.244,0.25,0.237
2014-01-13,0.244,0.241,0.253,0.236
2014-01-14,0.241,0.25,0.252,0.236
2014-01-15,0.25,0.251,0.253,0.239
2014-01-16,0.251,0.252,0.258,0.239
2014-01-17,0.252,0.237,0.252,0.233
2014-01-20,0.234,0.227,0.243,0.218
2014-01-21,0.256,0.228,0.256,0.227
2014-01-22,0.228,0.261,0.262,0.228
2014-01-23,0.262,0.257,0.264,0.253
2014-01-24,0.255,0.267,0.272,0.253
2014-01-27,0.263,0.256,0.264,0.251
2014-01-28,0.257,0.256,0.268,0.251
2014-01-29,0.259,0.269,0.277,0.258
2014-01-30,0.267,0.258,0.269,0.257
2014-02-07,0.257,0.26,0.262,0.244
2014-02-10,0.266,0.295,0.298,0.262
2014-02-11,0.295,0.312,0.316,0.288
2014-02-12,0.309,0.315,0.318,0.307
2014-02-13,0.314,0.315,0.33,0.308
2014-02-14,0.313,0.329,0.329,0.312
2014-02-17,0.33,0.332,0.337,0.322
2014-02-18,0.333,0.316,0.333,0.314
2014-02-19,0.316,0.331,0.344,0.313
2014-02-20,0.333,0.343,0.365,0.333
2014-02-21,0.335,0.324,0.341,0.311
2014-02-24,0.315,0.295,0.315,0.281
2014-02-25,0.295,0.263,0.302,0.252
2014-02-26,0.26,0.262,0.264,0.244
2014-02-27,0.262,0.273,0.292,0.262
2014-02-28,0.269,0.283,0.283,0.254
2014-03-03,0.28,0.288,0.296,0.269
2014-03-04,0.286,0.278,0.286,0.267
2014-03-05,0.278,0.271,0.282,0.27
2014-03-06,0.268,0.271,0.274,0.253
2014-03-07,0.269,0.266,0.279,0.262
2014-03-10,0.258,0.217,0.263,0.215
2014-03-11,0.217,0.216,0.225,0.209
2014-03-12,0.216,0.217,0.235,0.207
2014-03-13,0.22,0.24,0.249,0.22
2014-03-14,0.233,0.237,0.244,0.23
2014-03-17,0.24,0.252,0.252,0.233
2014-03-18,0.252,0.252,0.262,0.24
2014-03-19,0.249,0.244,0.249,0.235
2014-03-20,0.238,0.228,0.257,0.228
2014-03-21,0.229,0.264,0.268,0.214
2014-03-24,0.265,0.277,0.287,0.257
2014-03-25,0.28,0.282,0.295,0.274
2014-03-26,0.281,0.277,0.286,0.271
2014-03-27,0.277,0.269,0.283,0.249
2014-03-28,0.268,0.262,0.274,0.253
2014-03-31,0.261,0.254,0.265,0.25
2014-04-01,0.257,0.266,0.269,0.256
2014-04-02,0.263,0.276,0.281,0.263
2014-04-03,0.277,0.262,0.283,0.259
2014-04-04,0.258,0.268,0.27,0.253
2014-04-08,0.269,0.302,0.309,0.263
2014-04-09,0.305,0.305,0.313,0.302
2014-04-10,0.312,0.329,0.34,0.298
2014-04-11,0.33,0.333,0.337,0.322
2014-04-14,0.331,0.327,0.342,0.317
2014-04-15,0.326,0.306,0.326,0.303
2014-04-16,0.305,0.305,0.311,0.298
2014-04-17,0.304,0.3,0.31,0.297
2014-04-18,0.297,0.3,0.308,0.287
2014-04-21,0.292,0.28,0.302,0.279
2014-04-22,0.278,0.284,0.285,0.268
2014-04-23,0.282,0.279,0.284,0.275
2014-04-24,0.281,0.28,0.287,0.276
2014-04-25,0.28,0.27,0.285,0.268
2014-04-28,0.269,0.248,0.269,0.247
2014-04-29,0.249,0.26,0.261,0.248
2014-04-30,0.26,0.267,0.273,0.256
2014-05-05,0.264,0.267,0.271,0.253
2014-05-06,0.264,0.271,0.276,0.264
2014-05-07,0.27,0.261,0.27,0.259
2014-05-08,0.257,0.261,0.276,0.257
2014-05-09,0.261,0.254,0.264,0.248
2014-05-12,0.259,0.285,0.287,0.257
2014-05-13,0.285,0.282,0.287,0.275
2014-05-14,0.279,0.281,0.284,0.275
2014-05-15,0.281,0.266,0.281,0.265
2014-05-16,0.265,0.265,0.268,0.258
2014-05-19,0.26,0.255,0.26,0.248
2014-05-20,0.254,0.252,0.261,0.25
2014-05-21,0.252,0.267,0.267,0.242
2014-05-22,0.264,0.261,0.278,0.256
2014-05-23,0.261,0.271,0.271,0.257
2014-05-26,0.273,0.28,0.282,0.273
2014-05-27,0.276,0.281,0.284,0.276
2014-05-28,0.281,0.289,0.29,0.276
2014-05-29,0.287,0.277,0.289,0.275
2014-05-30,0.274,0.276,0.281,0.268
2014-06-03,0.276,0.271,0.28,0.27
2014-06-04,0.27,0.259,0.271,0.255
2014-06-05,0.257,0.271,0.271,0.256
2014-06-06,0.27,0.261,0.27,0.258
2014-06-09,0.257,0.262,0.272,0.257
2014-06-10,0.263,0.276,0.281,0.26
2014-06-11,0.276,0.281,0.282,0.27
2014-06-12,0.276,0.274,0.279,0.272
2014-06-13,0.272,0.293,0.299,0.269
2014-06-16,0.288,0.306,0.308,0.287
2014-06-17,0.303,0.295,0.303,0.287
2014-06-18,0.295,0.286,0.295,0.285
2014-06-19,0.285,0.264,0.288,0.26
2014-06-20,0.267,0.271,0.273,0.261
2014-06-23,0.268,0.275,0.279,0.268
2014-06-24,0.275,0.276,0.277,0.27
2014-06-25,0.276,0.271,0.276,0.268
2014-06-26,0.272,0.277,0.279,0.271
2014-06-27,0.275,0.279,0.286,0.272
2014-06-30,0.279,0.291,0.295,0.279
2014-07-01,0.295,0.292,0.297,0.288
2014-07-02,0.291,0.3,0.302,0.289
2014-07-03,0.296,0.303,0.31,0.294
2014-07-04,0.305,0.304,0.308,0.3
2014-07-07,0.303,0.301,0.305,0.295
2014-07-08,0.297,0.307,0.31,0.297
2014-07-09,0.303,0.291,0.309,0.289
2014-07-10,0.291,0.29,0.294,0.287
2014-07-11,0.29,0.297,0.299,0.287
2014-07-14,0.297,0.318,0.319,0.297
2014-07-15,0.314,0.317,0.319,0.311
2014-07-16,0.315,0.316,0.328,0.315
2014-07-17,0.314,0.312,0.317,0.308
2014-07-18,0.312,0.315,0.324,0.309
2014-07-21,0.315,0.313,0.317,0.311
2014-07-22,0.312,0.333,0.345,0.309
2014-07-23,0.333,0.337,0.345,0.329
2014-07-24,0.336,0.363,0.367,0.336
2014-07-25,0.363,0.379,0.381,0.362
2014-07-28,0.379,0.417,0.428,0.379
2014-07-29,0.422,0.427,0.437,0.415
2014-07-30,0.421,0.418,0.431,0.413
2014-07-31,0.417,0.443,0.444,0.415
2014-08-01,0.436,0.435,0.459,0.435
2014-08-04,0.434,0.458,0.459,0.434
2014-08-05,0.459,0.457,0.461,0.449
2014-08-06,0.455,0.455,0.461,0.439
2014-08-07,0.45,0.436,0.457,0.432
2014-08-08,0.428,0.437,0.443,0.428
2014-08-11,0.437,0.468,0.469,0.437
2014-08-12,0.466,0.467,0.47,0.459
2014-08-13,0.465,0.464,0.473,0.451
2014-08-14,0.463,0.456,0.469,0.454
2014-08-15,0.456,0.467,0.469,0.451
2014-08-18,0.464,0.473,0.477,0.461
2014-08-19,0.473,0.474,0.477,0.465
2014-08-20,0.472,0.468,0.475,0.464
2014-08-21,0.468,0.455,0.468,0.442
2014-08-22,0.451,0.462,0.462,0.447
2014-08-25,0.463,0.451,0.463,0.447
2014-08-26,0.447,0.434,0.455,0.433
2014-08-27,0.435,0.435,0.445,0.432
2014-08-28,0.435,0.427,0.438,0.417
2014-08-29,0.427,0.444,0.445,0.424
2014-09-01,0.449,0.451,0.457,0.44
2014-09-02,0.45,0.475,0.476,0.448
2014-09-03,0.475,0.489,0.495,0.475
2014-09-04,0.49,0.503,0.504,0.485
2014-09-05,0.503,0.528,0.532,0.503
2014-09-09,0.527,0.52,0.528,0.517
2014-09-10,0.519,0.511,0.519,0.508
2014-09-11,0.511,0.513,0.535,0.507
2014-09-12,0.508,0.52,0.522,0.503
2014-09-15,0.52,0.522,0.527,0.511
2014-09-16,0.525,0.498,0.534,0.497
2014-09-17,0.5,0.498,0.502,0.487
2014-09-18,0.498,0.503,0.523,0.49
2014-09-19,0.501,0.526,0.527,0.5
2014-09-22,0.513,0.491,0.513,0.489
2014-09-23,0.491,0.502,0.507,0.491
2014-09-24,0.497,0.528,0.532,0.493
2014-09-25,0.534,0.532,0.546,0.522
2014-09-26,0.517,0.529,0.536,0.517
2014-09-29,0.527,0.544,0.544,0.527
2014-09-30,0.545,0.55,0.55,0.542
2014-10-08,0.547,0.557,0.559,0.54
2014-10-09,0.557,0.558,0.563,0.548
2014-10-10,0.557,0.545,0.557,0.539
2014-10-13,0.537,0.531,0.537,0.517
2014-10-14,0.529,0.533,0.555,0.523
2014-10-15,0.533,0.539,0.539,0.519
2014-10-16,0.536,0.535,0.557,0.526
2014-10-17,0.532,0.531,0.541,0.507
2014-10-20,0.528,0.54,0.54,0.527
2014-10-21,0.54,0.525,0.54,0.522
2014-10-22,0.523,0.516,0.529,0.515
2014-10-23,0.515,0.492,0.515,0.489
2014-10-24,0.492,0.491,0.498,0.488
2014-10-27,0.49,0.477,0.49,0.469
2014-10-28,0.479,0.508,0.508,0.479
2014-10-29,0.509,0.538,0.545,0.509
2014-10-30,0.537,0.566,0.573,0.532
2014-10-31,0.572,0.611,0.614,0.568
2014-11-03,0.612,0.612,0.621,0.603
2014-11-04,0.608,0.61,0.617,0.599
2014-11-05,0.616,0.61,0.622,0.597
2014-11-06,0.609,0.611,0.612,0.592
2014-11-07,0.611,0.61,0.64,0.603
2014-11-10,0.613,0.662,0.663,0.613
2014-11-11,0.678,0.667,0.696,0.633
2014-11-12,0.649,0.686,0.687,0.638
2014-11-13,0.692,0.681,0.701,0.672
2014-11-14,0.68,0.674,0.681,0.66
2014-11-17,0.692,0.676,0.71,0.672
2014-11-18,0.671,0.651,0.676,0.645
2014-11-19,0.645,0.643,0.651,0.639
2014-11-20,0.637,0.645,0.647,0.63
2014-11-21,0.645,0.677,0.686,0.635
2014-11-24,0.691,0.709,0.723,0.677
2014-11-25,0.709,0.746,0.746,0.704
2014-11-26,0.746,0.764,0.765,0.745
2014-11-27,0.765,0.771,0.781,0.756
2014-11-28,0.771,0.825,0.826,0.758
2014-12-01,0.831,0.835,0.86,0.829
2014-12-02,0.833,0.903,0.917,0.817
2014-12-03,0.904,0.905,0.947,0.862
2014-12-04,0.909,0.999,1.005,0.895
2014-12-05,1.006,1.014,1.066,0.927
2014-12-08,0.988,1.079,1.097,0.967
2014-12-09,1.065,0.984,1.157,0.977
2014-12-10,0.987,1.068,1.07,0.939
2014-12-11,1.047,1.063,1.106,1.032
2014-12-12,1.062,1.052,1.077,1.035
2014-12-15,1.051,1.059,1.067,1.013
2014-12-16,1.048,1.106,1.107,1.037
2014-12-17,1.109,1.146,1.167,1.086
2014-12-18,1.145,1.142,1.163,1.111
2014-12-19,1.138,1.237,1.237,1.128
2014-12-22,1.245,1.278,1.331,1.237
2014-12-23,1.267,1.178,1.272,1.159
2014-12-24,1.165,1.104,1.182,1.077
2014-12-25,1.108,1.194,1.197,1.106
2014-12-26,1.203,1.25,1.257,1.18
2014-12-29,1.265,1.239,1.292,1.202
2014-12-30,1.231,1.211,1.259,1.188
2014-12-31,1.217,1.272,1.282,1.21
2015-01-05,1.275,1.393,1.413,1.273
2015-01-06,1.377,1.388,1.446,1.342
2015-01-07,1.377,1.378,1.387,1.345
2015-01-08,1.377,1.315,1.381,1.307
2015-01-09,1.309,1.298,1.402,1.277
2015-01-12,1.304,1.244,1.304,1.213
2015-01-13,1.236,1.247,1.256,1.228
2015-01-14,1.253,1.238,1.276,1.233
2015-01-15,1.238,1.314,1.318,1.229
2015-01-16,1.317,1.339,1.362,1.315
2015-01-19,1.267,1.093,1.267,1.078
2015-01-20,1.157,1.153,1.173,1.109
2015-01-21,1.153,1.254,1.27,1.153
2015-01-22,1.257,1.255,1.267,1.232
2015-01-23,1.258,1.252,1.291,1.245
2015-01-26,1.254,1.283,1.285,1.237
2015-01-27,1.277,1.264,1.281,1.22
2015-01-28,1.258,1.246,1.272,1.234
2015-01-29,1.237,1.222,1.237,1.2
2015-01-30,1.224,1.204,1.243,1.195
2015-02-02,1.195,1.133,1.195,1.127
2015-02-03,1.137,1.169,1.172,1.129
2015-02-04,1.176,1.15,1.192,1.149
2015-02-05,1.197,1.113,1.226,1.107
2015-02-06,1.105,1.052,1.105,1.039
2015-02-09,1.05,1.053,1.073,1.027
2015-02-10,1.045,1.1,1.103,1.045
2015-02-11,1.112,1.105,1.115,1.097
2015-02-12,1.107,1.11,1.113,1.086
2015-02-13,1.114,1.137,1.163,1.114
2015-02-16,1.14,1.146,1.148,1.129
2015-02-17,1.146,1.169,1.175,1.146
2015-02-25,1.175,1.156,1.18,1.147
2015-02-26,1.154,1.23,1.232,1.154
2015-02-27,1.227,1.23,1.24,1.217
2015-03-02,1.238,1.254,1.257,1.227
2015-03-03,1.253,1.222,1.253,1.221
2015-03-04,1.222,1.225,1.234,1.208
2015-03-05,1.222,1.195,1.225,1.172
2015-03-06,1.198,1.193,1.21,1.187
2015-03-09,1.157,1.265,1.266,1.157
2015-03-10,1.262,1.251,1.268,1.229
2015-03-11,1.256,1.262,1.286,1.242
2015-03-12,1.267,1.317,1.327,1.267
2015-03-13,1.327,1.333,1.352,1.319
2015-03-16,1.343,1.383,1.384,1.337
2015-03-17,1.392,1.426,1.427,1.39
2015-03-18,1.433,1.512,1.513,1.433
2015-03-19,1.512,1.509,1.527,1.497
2015-03-20,1.517,1.545,1.553,1.509
2015-03-23,1.555,1.603,1.604,1.555
2015-03-24,1.602,1.626,1.639,1.549
2015-03-25,1.607,1.609,1.627,1.591
2015-03-26,1.595,1.592,1.639,1.563
2015-03-27,1.593,1.613,1.623,1.577
2015-03-30,1.617,1.698,1.699,1.617
2015-03-31,1.708,1.662,1.725,1.655
2015-04-01,1.661,1.708,1.725,1.658
2015-04-02,1.727,1.75,1.751,1.697
2015-04-03,1.747,1.802,1.805,1.727
2015-04-07,1.827,1.908,1.926,1.827
2015-04-08,1.91,1.958,1.959,1.879
2015-04-09,1.958,1.948,1.987,1.872
2015-04-10,1.936,2.019,2.021,1.909
2015-04-13,2.057,2.057,2.065,2.013
2015-04-14,2.029,2.073,2.102,2.017
2015-04-15,2.07,2.048,2.102,2.027
2015-04-16,2.007,2.12,2.121,1.973
2015-04-17,2.147,2.182,2.206,2.142
2015-04-20,2.152,2.077,2.201,2.071
2015-04-21,2.087,2.139,2.146,2.062
2015-04-22,2.149,2.244,2.245,2.149
2015-04-23,2.257,2.254,2.282,2.227
2015-04-24,2.237,2.198,2.237,2.147
2015-04-27,2.202,2.269,2.272,2.202
2015-04-28,2.267,2.202,2.277,2.177
2015-04-29,2.198,2.205,2.227,2.161
2015-04-30,2.215,2.204,2.242,2.197
2015-05-04,2.203,2.254,2.257,2.174
2015-05-05,2.254,2.101,2.272,2.077
2015-05-06,2.096,2.026,2.147,1.993
2015-05-07,2.017,1.918,2.017,1.91
2015-05-08,1.922,1.985,1.995,1.913
2015-05-11,1.998,2.096,2.096,1.977
2015-05-12,2.096,2.139,2.143,2.087
2015-05-13,2.137,2.11,2.142,2.102
2015-05-14,2.101,2.125,2.144,2.088
2015-05-15,2.109,2.076,2.111,2.047
2015-05-18,2.065,2.034,2.082,2.027
2015-05-19,2.027,2.14,2.145,2.027
2015-05-20,2.146,2.158,2.23,2.146
2015-05-21,2.16,2.254,2.257,2.16
2015-05-22,2.288,2.343,2.345,2.273
2015-05-25,2.351,2.469,2.47,2.339
2015-05-26,2.497,2.521,2.522,2.411
2015-05-27,2.591,2.521,2.591,2.472
2015-05-28,2.506,2.297,2.549,2.266
2015-05-29,2.272,2.26,2.387,2.118
2015-06-01,2.241,2.512,2.529,2.241
2015-06-02,2.517,2.567,2.572,2.467
2015-06-03,2.566,2.549,2.567,2.484
2015-06-04,2.537,2.601,2.607,2.393
2015-06-05,2.637,2.687,2.766,2.612
2015-06-08,2.717,2.78,2.806,2.681
2015-06-09,2.781,2.794,2.797,2.722
2015-06-10,2.767,2.782,2.817,2.713
2015-06-11,2.78,2.773,2.785,2.737
2015-06-12,2.776,2.881,2.886,2.776
2015-06-15,2.881,2.859,2.935,2.853
2015-06-16,2.827,2.702,2.848,2.663
2015-06-17,2.679,2.796,2.802,2.587
2015-06-18,2.797,2.707,2.824,2.687
2015-06-19,2.695,2.426,2.695,2.417
2015-06-23,2.427,2.482,2.482,2.23
2015-06-24,2.493,2.592,2.592,2.477
2015-06-25,2.587,2.465,2.617,2.422
2015-06-26,2.422,2.095,2.422,2.091
2015-06-29,2.207,2.066,2.26,1.881
2015-06-30,2.096,2.273,2.277,1.905
2015-07-01,2.247,2.041,2.287,2.027
2015-07-02,2.041,1.888,2.075,1.836
2015-07-03,1.872,1.667,1.917,1.657
2015-07-06,1.961,1.777,1.961,1.633
2015-07-07,1.775,1.669,1.775,1.522
2015-07-08,1.375,1.375,1.627,1.375
2015-07-09,1.327,1.64,1.64,1.327
2015-07-10,1.757,1.931,1.931,1.747
2015-07-13,2.065,2.12,2.122,1.877
2015-07-14,2.057,1.957,2.099,1.907
2015-07-15,1.926,1.782,1.957,1.771
2015-07-16,1.729,1.825,1.897,1.728
2015-07-17,1.832,1.965,1.982,1.832
2015-07-20,1.937,1.952,1.996,1.907
2015-07-21,1.922,1.983,2.007,1.897
2015-07-22,1.979,1.963,1.996,1.924
2015-07-23,1.964,2.052,2.053,1.949
2015-07-24,2.037,1.986,2.087,1.977
2015-07-27,1.942,1.683,1.972,1.661
2015-07-28,1.645,1.697,1.771,1.577
2015-07-29,1.705,1.821,1.841,1.693
2015-07-30,1.832,1.757,1.863,1.757
2015-07-31,1.727,1.745,1.817,1.713
2015-08-03,1.733,1.826,1.827,1.707
2015-08-04,1.797,1.884,1.906,1.784
2015-08-05,1.9,1.817,1.905,1.817
2015-08-06,1.796,1.787,1.827,1.767
2015-08-07,1.793,1.847,1.865,1.793
2015-08-10,1.863,1.991,2.007,1.863
2015-08-11,1.983,1.975,2.013,1.948
2015-08-12,1.948,1.924,1.975,1.923
2015-08-13,1.927,1.968,1.969,1.872
2015-08-14,1.995,1.965,2.0,1.945
2015-08-17,1.937,1.992,1.993,1.913
2015-08-18,1.995,1.83,2.016,1.68
2015-08-19,1.749,1.847,1.864,1.627
2015-08-20,1.812,1.74,1.812,1.737
2015-08-21,1.724,1.606,1.732,1.581
2015-08-24,1.557,1.318,1.557,1.318
2015-08-25,1.137,1.081,1.249,1.071
2015-08-26,1.177,1.1,1.227,1.032
2015-08-27,1.122,1.253,1.257,1.122
2015-08-28,1.26,1.375,1.38,1.26
2015-08-31,1.327,1.365,1.387,1.287
2015-09-01,1.357,1.357,1.367,1.25
2015-09-02,1.315,1.377,1.402,1.249
2015-09-07,1.352,1.295,1.437,1.227
2015-09-08,1.287,1.372,1.377,1.23
2015-09-09,1.377,1.427,1.607,1.357
2015-09-10,1.395,1.375,1.415,1.367
2015-09-11,1.367,1.371,1.395,1.325
2015-09-14,1.377,1.272,1.391,1.271
2015-09-15,1.257,1.19,1.259,1.182
2015-09-16,1.191,1.33,1.376,1.187
2015-09-17,1.241,1.253,1.338,1.241
2015-09-18,1.282,1.254,1.297,1.238
2015-09-21,1.233,1.285,1.287,1.228
2015-09-22,1.286,1.303,1.313,1.286
2015-09-23,1.293,1.281,1.293,1.267
2015-09-24,1.266,1.283,1.287,1.227
2015-09-25,1.277,1.244,1.283,1.218
2015-09-28,1.223,1.237,1.245,1.223
2015-09-29,1.228,1.205,1.236,1.202
2015-09-30,1.212,1.218,1.226,1.205
2015-10-08,1.293,1.282,1.297,1.258
2015-10-09,1.279,1.305,1.307,1.272
2015-10-12,1.305,1.388,1.407,1.304
2015-10-13,1.388,1.385,1.394,1.377
2015-10-14,1.394,1.367,1.394,1.358
2015-10-15,1.36,1.42,1.427,1.359
2015-10-16,1.407,1.458,1.477,1.407
2015-10-19,1.461,1.465,1.497,1.451
2015-10-20,1.487,1.487,1.489,1.459
2015-10-21,1.477,1.405,1.509,1.397
2015-10-22,1.41,1.445,1.447,1.377
2015-10-23,1.446,1.484,1.497,1.428
2015-10-26,1.502,1.507,1.523,1.497
2015-10-27,1.503,1.515,1.517,1.457
2015-10-28,1.507,1.483,1.517,1.482
2015-10-29,1.49,1.477,1.497,1.468
2015-10-30,1.477,1.477,1.487,1.463
2015-11-02,1.477,1.457,1.483,1.443
2015-11-03,1.461,1.426,1.461,1.421
2015-11-04,1.427,1.513,1.517,1.424
2015-11-05,1.524,1.566,1.615,1.507
2015-11-06,1.568,1.613,1.627,1.567
2015-11-09,1.628,1.672,1.757,1.628
2015-11-10,1.664,1.662,1.681,1.638
2015-11-11,1.647,1.659,1.682,1.627
2015-11-12,1.659,1.627,1.666,1.627
2015-11-13,1.627,1.604,1.627,1.603
2015-11-16,1.583,1.613,1.613,1.573
2015-11-17,1.623,1.629,1.667,1.623
2015-11-18,1.628,1.604,1.628,1.603
2015-11-19,1.607,1.633,1.636,1.599
2015-11-20,1.633,1.625,1.637,1.614
2015-11-23,1.617,1.62,1.65,1.605
2015-11-24,1.62,1.616,1.627,1.584
2015-11-25,1.607,1.645,1.652,1.588
2015-11-26,1.653,1.642,1.674,1.639
2015-11-27,1.637,1.559,1.637,1.508
2015-11-30,1.527,1.526,1.547,1.468
2015-12-01,1.526,1.505,1.526,1.487
2015-12-02,1.506,1.578,1.592,1.489
2015-12-03,1.579,1.607,1.609,1.56
2015-12-04,1.587,1.558,1.605,1.547
2015-12-07,1.558,1.552,1.574,1.53
2015-12-08,1.547,1.517,1.547,1.507
2015-12-09,1.504,1.512,1.515,1.495
2015-12-10,1.512,1.498,1.532,1.495
2015-12-11,1.493,1.48,1.506,1.471
2015-12-14,1.479,1.533,1.536,1.443
2015-12-15,1.532,1.515,1.532,1.507
2015-12-16,1.517,1.507,1.532,1.507
2015-12-17,1.523,1.561,1.577,1.523
2015-12-18,1.561,1.562,1.585,1.553
2015-12-21,1.562,1.637,1.647,1.553
2015-12-22,1.644,1.636,1.655,1.629
2015-12-23,1.642,1.654,1.677,1.636
2015-12-24,1.655,1.623,1.655,1.594
2015-12-25,1.623,1.626,1.632,1.617
2015-12-28,1.627,1.563,1.667,1.557
2015-12-29,1.566,1.576,1.597,1.555
2015-12-30,1.586,1.577,1.586,1.567
2015-12-31,1.592,1.58,1.593,1.567
2016-01-04,1.583,1.453,1.588,1.443
2016-01-05,1.447,1.413,1.447,1.337
2016-01-06,1.437,1.456,1.456,1.407
2016-01-07,1.413,1.322,1.445,1.29
2016-01-08,1.327,1.358,1.436,1.287
2016-01-11,1.347,1.264,1.347,1.255
2016-01-12,1.267,1.218,1.295,1.189
2016-01-13,1.229,1.197,1.243,1.197
2016-01-14,1.175,1.223,1.227,1.129
2016-01-15,1.187,1.143,1.217,1.125
2016-01-18,1.137,1.133,1.148,1.102
2016-01-19,1.139,1.204,1.205,1.127
2016-01-20,1.215,1.164,1.215,1.144
2016-01-21,1.152,1.114,1.178,1.102
2016-01-22,1.112,1.127,1.132,1.094
2016-01-25,1.132,1.141,1.148,1.126
2016-01-26,1.141,1.007,1.141,0.977
2016-01-27,1.002,0.983,1.015,0.927
2016-01-28,0.982,0.952,0.994,0.943
2016-01-29,0.954,0.997,1.007,0.947
2016-02-01,0.998,0.96,1.004,0.946
2016-02-02,0.959,0.999,1.004,0.959
2016-02-03,0.985,0.988,0.992,0.965
2016-02-04,0.994,1.009,1.016,0.994
2016-02-05,1.026,1.009,1.026,0.999
2016-02-15,0.977,0.99,1.004,0.965
2016-02-16,1.006,1.046,1.046,1.006
2016-02-17,1.041,1.065,1.067,1.037
2016-02-18,1.077,1.069,1.085,1.067
2016-02-19,1.069,1.07,1.076,1.057
2016-02-22,1.077,1.112,1.117,1.077
2016-02-23,1.115,1.091,1.115,1.077
2016-02-24,1.092,1.1,1.11,1.078
2016-02-25,1.095,1.008,1.099,0.966
2016-02-26,1.011,1.002,1.027,0.955
2016-02-29,1.002,0.962,1.002,0.925
2016-03-01,0.978,0.984,0.997,0.959
2016-03-02,0.995,1.089,1.09,0.995
2016-03-03,1.106,1.088,1.106,1.084
2016-03-04,1.096,1.117,1.137,1.067
2016-03-07,1.136,1.129,1.147,1.119
2016-03-08,1.128,1.123,1.129,1.077
2016-03-09,1.122,1.095,1.122,1.077
2016-03-10,1.105,1.083,1.126,1.08
2016-03-11,1.082,1.085,1.092,1.061
2016-03-14,1.087,1.106,1.132,1.086
2016-03-15,1.107,1.106,1.111,1.081
2016-03-16,1.106,1.118,1.139,1.106
2016-03-17,1.12,1.143,1.16,1.118
2016-03-18,1.157,1.177,1.182,1.146
2016-03-21,1.183,1.201,1.209,1.183
2016-03-22,1.201,1.195,1.201,1.187
2016-03-23,1.193,1.186,1.203,1.167
2016-03-24,1.177,1.156,1.181,1.155
2016-03-25,1.156,1.159,1.176,1.152
2016-03-28,1.16,1.16,1.203,1.139
2016-03-29,1.147,1.118,1.155,1.115
2016-03-30,1.122,1.181,1.183,1.122
2016-03-31,1.189,1.181,1.196,1.167
2016-04-01,1.182,1.185,1.185,1.158
2016-04-05,1.185,1.224,1.225,1.176
2016-04-06,1.207,1.215,1.225,1.207
2016-04-07,1.215,1.195,1.226,1.195
2016-04-08,1.185,1.186,1.187,1.175
2016-04-11,1.185,1.213,1.223,1.185
2016-04-12,1.213,1.202,1.213,1.195
2016-04-13,1.208,1.244,1.259,1.177
2016-04-14,1.248,1.247,1.257,1.232
2016-04-15,1.256,1.245,1.256,1.236
2016-04-18,1.242,1.228,1.242,1.212
2016-04-19,1.23,1.223,1.24,1.21
2016-04-20,1.227,1.186,1.378,1.138
2016-04-21,1.185,1.194,1.209,1.16
2016-04-22,1.193,1.193,1.193,1.168
2016-04-25,1.193,1.177,1.193,1.162
2016-04-26,1.186,1.189,1.197,1.177
2016-04-27,1.203,1.193,1.203,1.189
2016-04-28,1.197,1.187,1.206,1.167
2016-04-29,1.188,1.183,1.188,1.177
2016-05-03,1.195,1.209,1.212,1.172
2016-05-04,1.209,1.201,1.209,1.188
2016-05-05,1.2,1.192,1.2,1.181
2016-05-06,1.192,1.151,1.195,1.138
2016-05-09,1.156,1.081,1.156,1.068
2016-05-10,1.079,1.072,1.107,1.067
2016-05-11,1.079,1.073,1.085,1.065
2016-05-12,1.073,1.082,1.094,1.051
2016-05-13,1.074,1.083,1.093,1.074
2016-05-16,1.079,1.093,1.093,1.074
2016-05-17,1.094,1.095,1.101,1.086
2016-05-18,1.094,1.077,1.094,1.054
2016-05-19,1.074,1.069,1.085,1.061
2016-05-20,1.067,1.071,1.076,1.064
2016-05-23,1.083,1.082,1.097,1.077
2016-05-24,1.084,1.076,1.084,1.067
2016-05-25,1.084,1.074,1.087,1.074
2016-05-26,1.081,1.074,1.081,1.059
2016-05-27,1.074,1.079,1.086,0.993
2016-05-30,1.074,1.088,1.097,1.068
2016-05-31,1.088,1.154,1.157,1.088
2016-06-01,1.16,1.148,1.16,1.123
2016-06-02,1.154,1.148,1.154,1.139
2016-06-03,1.148,1.152,1.156,1.142
2016-06-06,1.158,1.153,1.158,1.149
2016-06-07,1.158,1.153,1.159,1.147
2016-06-08,1.158,1.141,1.158,1.139
2016-06-13,1.141,1.089,1.141,1.087
2016-06-14,1.091,1.095,1.103,1.077
2016-06-15,1.094,1.115,1.117,1.087
2016-06-16,1.115,1.098,1.116,1.097
2016-06-17,1.098,1.111,1.122,1.098
2016-06-20,1.121,1.117,1.125,1.107
2016-06-21,1.118,1.117,1.133,1.116
2016-06-22,1.127,1.147,1.156,1.116
2016-06-23,1.141,1.125,1.141,1.124
2016-06-24,1.127,1.104,1.133,1.09
2016-06-27,1.095,1.125,1.127,1.067
2016-06-28,1.12,1.121,1.124,1.106
2016-06-29,1.127,1.135,1.137,1.127
2016-06-30,1.137,1.143,1.155,1.135
2016-07-01,1.147,1.149,1.158,1.143
2016-07-04,1.152,1.188,1.197,1.149
2016-07-05,1.188,1.201,1.205,1.187
2016-07-06,1.199,1.193,1.199,1.185
2016-07-07,1.194,1.195,1.197,1.186
2016-07-08,1.189,1.185,1.195,1.184
2016-07-11,1.185,1.195,1.207,1.185
2016-07-12,1.202,1.253,1.255,1.185
2016-07-13,1.253,1.268,1.284,1.253
2016-07-14,1.268,1.26,1.272,1.255
2016-07-15,1.259,1.267,1.277,1.259
2016-07-18,1.266,1.276,1.28,1.261
2016-07-19,1.276,1.262,1.276,1.253
2016-07-20,1.262,1.263,1.27,1.257
2016-07-21,1.263,1.28,1.285,1.263
2016-07-22,1.279,1.263,1.28,1.256
2016-07-25,1.27,1.268,1.272,1.253
2016-07-26,1.267,1.297,1.297,1.266
2016-07-27,1.301,1.275,1.312,1.247
2016-07-28,1.267,1.293,1.305,1.259
2016-07-29,1.296,1.302,1.312,1.292
2016-08-01,1.307,1.286,1.307,1.269
2016-08-02,1.295,1.288,1.295,1.27
2016-08-03,1.288,1.285,1.291,1.276
2016-08-04,1.286,1.285,1.291,1.277
2016-08-05,1.285,1.297,1.301,1.285
2016-08-08,1.297,1.309,1.309,1.282
2016-08-09,1.309,1.334,1.335,1.309
2016-08-10,1.334,1.331,1.355,1.327
2016-08-11,1.332,1.322,1.358,1.322
2016-08-12,1.322,1.375,1.381,1.322
2016-08-15,1.38,1.434,1.456,1.38
2016-08-16,1.437,1.41,1.452,1.405
2016-08-17,1.412,1.421,1.432,1.405
2016-08-18,1.421,1.408,1.432,1.406
2016-08-19,1.408,1.418,1.422,1.397
2016-08-22,1.42,1.406,1.421,1.397
2016-08-23,1.406,1.403,1.412,1.395
2016-08-24,1.41,1.396,1.415,1.39
2016-08-25,1.394,1.383,1.396,1.367
2016-08-26,1.385,1.38,1.396,1.373
2016-08-29,1.38,1.384,1.386,1.369
2016-08-30,1.383,1.381,1.396,1.377
2016-08-31,1.382,1.394,1.401,1.379
2016-09-01,1.399,1.379,1.399,1.378
2016-09-02,1.381,1.386,1.39,1.368
2016-09-05,1.386,1.399,1.402,1.386
2016-09-06,1.4,1.408,1.409,1.392
2016-09-07,1.408,1.415,1.427,1.408
2016-09-08,1.415,1.414,1.422,1.406
2016-09-09,1.414,1.407,1.422,1.406
2016-09-12,1.402,1.346,1.402,1.336
2016-09-13,1.351,1.345,1.379,1.337
2016-09-14,1.344,1.334,1.344,1.329
2016-09-19,1.337,1.348,1.353,1.337
2016-09-20,1.349,1.35,1.352,1.337
2016-09-21,1.35,1.356,1.359,1.35
2016-09-22,1.364,1.377,1.387,1.363
2016-09-23,1.383,1.368,1.387,1.36
2016-09-26,1.36,1.334,1.363,1.331
2016-09-27,1.329,1.331,1.336,1.316
2016-09-28,1.34,1.328,1.34,1.325
2016-09-29,1.33,1.338,1.344,1.33
2016-09-30,1.337,1.347,1.347,1.335
2016-10-10,1.347,1.377,1.387,1.347
2016-10-11,1.378,1.381,1.384,1.373
2016-10-12,1.38,1.374,1.38,1.37
2016-10-13,1.374,1.386,1.387,1.373
2016-10-14,1.386,1.386,1.387,1.373
2016-10-17,1.396,1.371,1.396,1.367
2016-10-18,1.371,1.402,1.403,1.369
2016-10-19,1.402,1.403,1.417,1.4
2016-10-20,1.402,1.402,1.407,1.397
2016-10-21,1.405,1.42,1.425,1.402
2016-10-24,1.42,1.456,1.463,1.42
2016-10-25,1.456,1.456,1.459,1.447
2016-10-26,1.453,1.435,1.456,1.432
2016-10-27,1.437,1.435,1.438,1.423
2016-10-28,1.435,1.427,1.444,1.422
2016-10-31,1.434,1.421,1.434,1.411
2016-11-01,1.422,1.434,1.435,1.419
2016-11-02,1.435,1.416,1.435,1.411
2016-11-03,1.412,1.433,1.439,1.407
2016-11-04,1.433,1.43,1.446,1.427
2016-11-07,1.429,1.442,1.455,1.427
2016-11-08,1.453,1.454,1.462,1.442
2016-11-09,1.454,1.435,1.454,1.415
2016-11-10,1.438,1.468,1.473,1.438
2016-11-11,1.472,1.485,1.49,1.466
2016-11-14,1.484,1.491,1.505,1.477
2016-11-15,1.491,1.482,1.492,1.477
2016-11-16,1.483,1.488,1.491,1.478
2016-11-17,1.487,1.492,1.495,1.476
2016-11-18,1.491,1.484,1.503,1.482
2016-11-21,1.486,1.509,1.526,1.484
2016-11-22,1.513,1.536,1.538,1.509
2016-11-23,1.536,1.541,1.561,1.532
2016-11-24,1.542,1.547,1.561,1.536
2016-11-25,1.548,1.577,1.578,1.538
2016-11-28,1.58,1.597,1.619,1.58
2016-11-29,1.601,1.609,1.643,1.586
2016-11-30,1.609,1.573,1.609,1.567
2016-12-01,1.573,1.605,1.608,1.573
2016-12-02,1.599,1.585,1.615,1.574
2016-12-05,1.577,1.549,1.577,1.542
2016-12-06,1.537,1.542,1.566,1.537
2016-12-07,1.544,1.554,1.555,1.529
2016-12-08,1.555,1.561,1.566,1.555
2016-12-09,1.562,1.585,1.593,1.552
2016-12-12,1.582,1.536,1.588,1.518
2016-12-13,1.525,1.519,1.53,1.499
2016-12-14,1.515,1.504,1.53,1.504
2016-12-15,1.504,1.452,1.504,1.444
2016-12-16,1.465,1.457,1.465,1.447
2016-12-19,1.457,1.453,1.464,1.449
2016-12-20,1.456,1.432,1.456,1.417
2016-12-21,1.436,1.459,1.461,1.436
2016-12-22,1.46,1.464,1.468,1.453
2016-12-23,1.465,1.436,1.465,1.432
2016-12-26,1.439,1.446,1.447,1.41
2016-12-27,1.447,1.445,1.452,1.442
2016-12-28,1.445,1.433,1.448,1.427
2016-12-29,1.432,1.434,1.44,1.428
2016-12-30,1.435,1.44,1.443,1.431
2017-01-03,1.443,1.464,1.469,1.443
2017-01-04,1.467,1.484,1.488,1.462
2017-01-05,1.487,1.487,1.49,1.478
2017-01-06,1.49,1.486,1.497,1.478
2017-01-09,1.486,1.497,1.498,1.482
2017-01-10,1.495,1.488,1.498,1.483
2017-01-11,1.488,1.471,1.488,1.468
2017-01-12,1.472,1.463,1.476,1.459
2017-01-13,1.463,1.472,1.472,1.454
2017-01-16,1.472,1.499,1.506,1.451
2017-01-17,1.483,1.497,1.497,1.482
2017-01-18,1.496,1.51,1.514,1.493
2017-01-19,1.51,1.502,1.521,1.502
2017-01-20,1.504,1.521,1.523,1.504
2017-01-23,1.598,1.52,1.598,1.517
2017-01-24,1.522,1.534,1.537,1.518
2017-01-25,1.536,1.54,1.543,1.529
2017-01-26,1.541,1.544,1.554,1.541
2017-02-03,1.552,1.526,1.552,1.525
2017-02-06,1.524,1.53,1.537,1.523
2017-02-07,1.535,1.529,1.538,1.523
2017-02-08,1.53,1.536,1.537,1.516
2017-02-09,1.536,1.546,1.551,1.534
2017-02-10,1.546,1.562,1.568,1.546
2017-02-13,1.566,1.572,1.577,1.562
2017-02-14,1.572,1.568,1.574,1.561
2017-02-15,1.568,1.573,1.593,1.568
2017-02-16,1.572,1.585,1.586,1.572
2017-02-17,1.585,1.567,1.588,1.564
2017-02-20,1.566,1.603,1.603,1.566
2017-02-21,1.604,1.609,1.62,1.602
2017-02-22,1.608,1.623,1.625,1.603
2017-02-23,1.619,1.61,1.625,1.568
2017-02-24,1.61,1.607,1.613,1.596
2017-02-27,1.606,1.59,1.606,1.586
2017-02-28,1.578,1.598,1.601,1.578
2017-03-01,1.602,1.599,1.609,1.594
2017-03-02,1.6,1.583,1.604,1.58
2017-03-03,1.583,1.58,1.584,1.569
2017-03-06,1.578,1.589,1.591,1.578
2017-03-07,1.588,1.586,1.588,1.577
2017-03-08,1.585,1.581,1.587,1.578
2017-03-09,1.58,1.562,1.58,1.557
2017-03-10,1.564,1.562,1.566,1.556
2017-03-13,1.561,1.588,1.59,1.554
2017-03-14,1.589,1.592,1.594,1.582
2017-03-15,1.59,1.597,1.598,1.579
2017-03-16,1.598,1.606,1.613,1.598
2017-03-17,1.608,1.577,1.608,1.571
2017-03-20,1.586,1.596,1.603,1.576
2017-03-21,1.594,1.604,1.605,1.586
2017-03-22,1.598,1.583,1.599,1.58
2017-03-23,1.584,1.585,1.602,1.577
2017-03-24,1.588,1.614,1.62,1.586
2017-03-27,1.615,1.619,1.633,1.614
2017-03-28,1.619,1.606,1.62,1.601
2017-03-29,1.606,1.604,1.615,1.597
2017-03-30,1.599,1.598,1.608,1.581
2017-03-31,1.603,1.619,1.621,1.597
2017-04-05,1.628,1.651,1.652,1.628
2017-04-06,1.652,1.655,1.659,1.647
2017-04-07,1.655,1.66,1.661,1.644
2017-04-10,1.66,1.658,1.666,1.652
2017-04-11,1.657,1.66,1.663,1.628
2017-04-12,1.668,1.648,1.668,1.643
2017-04-13,1.648,1.656,1.659,1.643
2017-04-14,1.656,1.632,1.661,1.627
2017-04-17,1.632,1.622,1.632,1.605
2017-04-18,1.621,1.608,1.631,1.608
2017-04-19,1.604,1.59,1.604,1.572
2017-04-20,1.589,1.598,1.602,1.586
2017-04-21,1.599,1.617,1.62,1.596
2017-04-24,1.616,1.594,1.616,1.573
2017-04-25,1.596,1.601,1.605,1.588
2017-04-26,1.602,1.604,1.613,1.598
2017-04-27,1.605,1.602,1.605,1.576
2017-04-28,1.602,1.588,1.602,1.578
2017-05-02,1.587,1.573,1.588,1.569
2017-05-03,1.572,1.56,1.578,1.557
2017-05-04,1.562,1.553,1.567,1.546
2017-05-05,1.555,1.547,1.555,1.528
2017-05-08,1.546,1.547,1.55,1.528
2017-05-09,1.543,1.551,1.557,1.533
2017-05-10,1.548,1.533,1.554,1.53
2017-05-11,1.534,1.546,1.552,1.52
2017-05-12,1.547,1.573,1.574,1.543
2017-05-15,1.573,1.589,1.589,1.573
2017-05-16,1.587,1.598,1.599,1.565
2017-05-17,1.594,1.591,1.607,1.587
2017-05-18,1.589,1.575,1.589,1.565
2017-05-19,1.575,1.58,1.582,1.568
2017-05-22,1.578,1.578,1.593,1.564
2017-05-23,1.572,1.601,1.603,1.572
2017-05-24,1.6,1.598,1.6,1.579
2017-05-25,1.597,1.648,1.656,1.59
2017-05-26,1.648,1.655,1.661,1.638
2017-05-31,1.659,1.668,1.673,1.647
2017-06-01,1.666,1.675,1.676,1.656
2017-06-02,1.674,1.676,1.684,1.668
2017-06-05,1.674,1.652,1.678,1.648
2017-06-06,1.652,1.66,1.66,1.642
2017-06-07,1.66,1.685,1.686,1.66
2017-06-08,1.687,1.716,1.719,1.684
2017-06-09,1.715,1.72,1.734,1.708
2017-06-12,1.722,1.725,1.75,1.709
2017-06-13,1.733,1.733,1.735,1.714
2017-06-14,1.733,1.697,1.733,1.693
2017-06-15,1.699,1.682,1.702,1.676
2017-06-16,1.682,1.672,1.688,1.668
2017-06-19,1.674,1.689,1.694,1.664
2017-06-20,1.693,1.678,1.696,1.678
2017-06-21,1.69,1.71,1.711,1.676
2017-06-22,1.709,1.719,1.745,1.703
2017-06-23,1.718,1.74,1.741,1.703
2017-06-26,1.738,1.764,1.77,1.738
2017-06-27,1.763,1.765,1.769,1.75
2017-06-28,1.759,1.757,1.779,1.754
2017-06-29,1.757,1.771,1.774,1.756
2017-06-30,1.768,1.779,1.783,1.753
2017-07-03,1.78,1.781,1.785,1.763
2017-07-04,1.771,1.767,1.779,1.756
2017-07-05,1.762,1.784,1.787,1.758
2017-07-06,1.784,1.796,1.8,1.778
2017-07-07,1.798,1.807,1.807,1.788
2017-07-10,1.807,1.806,1.818,1.798
2017-07-11,1.806,1.823,1.837,1.803
2017-07-12,1.822,1.806,1.834,1.794
2017-07-13,1.806,1.831,1.832,1.805
2017-07-14,1.831,1.86,1.861,1.831
2017-07-17,1.861,1.843,1.878,1.81
2017-07-18,1.848,1.843,1.853,1.816
2017-07-19,1.844,1.872,1.873,1.841
2017-07-20,1.869,1.887,1.887,1.859
2017-07-21,1.886,1.888,1.895,1.879
2017-07-24,1.893,1.902,1.909,1.878
2017-07-25,1.903,1.888,1.904,1.883
2017-07-26,1.893,1.873,1.916,1.854
2017-07-27,1.873,1.873,1.873,1.854
2017-07-28,1.871,1.871,1.874,1.858
2017-07-31,1.871,1.875,1.878,1.865
2017-08-01,1.877,1.894,1.895,1.875
2017-08-02,1.896,1.888,1.91,1.591
2017-08-03,1.888,1.865,1.896,1.853
2017-08-04,1.858,1.853,1.87,1.852
2017-08-07,1.858,1.862,1.863,1.833
2017-08-08,1.86,1.848,1.862,1.845
2017-08-09,1.849,1.843,1.85,1.838
2017-08-10,1.842,1.835,1.848,1.816
2017-08-11,1.831,1.788,1.831,1.784
2017-08-14,1.778,1.801,1.807,1.778
2017-08-15,1.801,1.818,1.833,1.798
2017-08-16,1.818,1.811,1.818,1.805
2017-08-17,1.812,1.825,1.83,1.811
2017-08-18,1.818,1.829,1.835,1.808
2017-08-21,1.828,1.838,1.841,1.826
2017-08-22,1.838,1.841,1.851,1.835
2017-08-23,1.84,1.852,1.859,1.84
2017-08-24,1.852,1.846,1.863,1.845
2017-08-25,1.846,1.896,1.898,1.845
2017-08-28,1.896,1.905,1.927,1.896
2017-08-29,1.902,1.907,1.913,1.898
2017-08-30,1.912,1.9,1.921,1.896
2017-08-31,1.902,1.883,1.912,1.868
2017-09-01,1.883,1.882,1.9,1.875
2017-09-04,1.883,1.886,1.89,1.873
2017-09-05,1.887,1.894,1.9,1.88
2017-09-06,1.891,1.891,1.893,1.881
2017-09-07,1.891,1.881,1.896,1.88
2017-09-08,1.881,1.883,1.891,1.876
2017-09-11,1.883,1.887,1.901,1.88
2017-09-12,1.888,1.893,1.898,1.885
2017-09-13,1.893,1.892,1.896,1.884
2017-09-14,1.892,1.874,1.895,1.871
2017-09-15,1.875,1.865,1.877,1.861
2017-09-18,1.867,1.878,1.884,1.865
2017-09-19,1.879,1.872,1.893,1.868
2017-09-20,1.873,1.888,1.893,1.868
2017-09-21,1.888,1.897,1.902,1.881
2017-09-22,1.896,1.901,1.903,1.886
2017-09-25,1.9,1.898,1.901,1.889
2017-09-26,1.893,1.894,1.901,1.888
2017-09-27,1.894,1.898,1.902,1.891
2017-09-28,1.892,1.894,1.897,1.889
2017-09-29,1.894,1.904,1.905,1.894
2017-10-09,1.938,1.926,1.956,1.923
2017-10-10,1.926,1.918,1.936,1.9
2017-10-11,1.92,1.93,1.936,1.909
2017-10-12,1.93,1.936,1.94,1.925
2017-10-13,1.937,1.937,1.943,1.93
2017-10-16,1.937,1.933,1.937,1.928
2017-10-17,1.932,1.929,1.933,1.922
2017-10-18,1.928,1.944,1.945,1.927
2017-10-19,1.944,1.951,1.956,1.944
2017-10-20,1.949,1.961,1.963,1.944
2017-10-23,1.96,1.957,1.961,1.954
2017-10-24,1.955,1.974,1.975,1.95
2017-10-25,1.975,1.979,1.979,1.97
2017-10-26,1.979,1.972,1.992,1.967
2017-10-27,1.984,1.987,1.988,1.974
2017-10-30,1.988,1.98,1.993,1.953
2017-10-31,1.976,1.968,1.976,1.956
2017-11-01,1.968,1.943,1.972,1.943
2017-11-02,1.942,1.94,1.946,1.925
2017-11-03,1.94,1.931,1.94,1.911
2017-11-06,1.93,1.943,1.943,1.917
2017-11-07,1.943,1.961,1.973,1.943
2017-11-08,1.961,1.969,1.989,1.959
2017-11-09,1.972,1.985,1.987,1.968
2017-11-10,1.987,2.004,2.006,1.968
2017-11-13,2.004,2.027,2.035,2.004
2017-11-14,2.026,2.011,2.032,2.005
2017-11-15,2.011,1.992,2.011,1.987
2017-11-16,1.991,1.991,1.994,1.981
2017-11-17,1.991,2.026,2.029,1.989
2017-11-20,2.023,2.049,2.053,1.996
2017-11-21,2.049,2.075,2.089,2.04
2017-11-22,2.078,2.089,2.112,2.073
2017-11-23,2.088,2.023,2.1,2.006
2017-11-24,2.02,2.018,2.028,1.99
2017-11-27,2.018,1.989,2.018,1.972
2017-11-28,1.98,1.981,1.991,1.963
2017-11-29,1.982,1.98,1.998,1.959
2017-11-30,1.979,1.961,1.984,1.957
2017-12-01,1.961,1.958,1.966,1.945
2017-12-04,1.958,1.957,1.966,1.944
2017-12-05,1.957,1.992,2.0,1.956
2017-12-06,1.991,1.964,1.991,1.938
2017-12-07,1.961,1.939,1.963,1.929
2017-12-08,1.936,1.935,1.939,1.918
2017-12-11,1.933,1.965,1.965,1.922
2017-12-12,1.957,1.923,1.958,1.921
2017-12-13,1.923,1.936,1.937,1.91
2017-12-14,1.936,1.924,1.942,1.92
2017-12-15,1.919,1.9,1.924,1.899
2017-12-18,1.904,1.904,1.91,1.895
2017-12-19,1.905,1.929,1.929,1.905
2017-12-20,1.929,1.93,1.938,1.921
2017-12-21,1.933,1.937,1.946,1.913
2017-12-22,1.939,1.935,1.946,1.934
2017-12-25,1.934,1.938,1.963,1.933
2017-12-26,1.938,1.957,1.958,1.935
2017-12-27,1.958,1.938,1.966,1.933
2017-12-28,1.94,1.954,1.958,1.932
2017-12-29,1.955,1.97,1.97,1.954
2018-01-02,1.971,2.015,2.018,1.971
2018-01-03,2.016,2.03,2.045,2.008
2018-01-04,2.029,2.031,2.039,2.022
2018-01-05,2.031,2.063,2.071,2.026
2018-01-08,2.062,2.085,2.103,2.061
2018-01-09,2.087,2.084,2.091,2.075
2018-01-10,2.084,2.094,2.103,2.075
2018-01-11,2.093,2.086,2.1,2.072
2018-01-12,2.085,2.094,2.105,2.08
2018-01-15,2.095,2.089,2.117,2.083
2018-01-16,2.087,2.112,2.113,2.083
2018-01-17,2.118,2.122,2.152,2.103
2018-01-18,2.123,2.15,2.152,2.123
2018-01-19,2.154,2.166,2.185,2.153
2018-01-22,2.164,2.187,2.191,2.161
2018-01-23,2.194,2.236,2.237,2.189
2018-01-24,2.238,2.246,2.264,2.226
2018-01-25,2.245,2.232,2.252,2.206
2018-01-26,2.229,2.268,2.277,2.223
2018-01-29,2.261,2.236,2.301,2.217
2018-01-30,2.235,2.205,2.241,2.198
2018-01-31,2.199,2.202,2.209,2.173
2018-02-01,2.204,2.199,2.221,2.174
2018-02-02,2.189,2.23,2.234,2.158
2018-02-05,2.207,2.28,2.283,2.197
2018-02-06,2.245,2.192,2.246,2.177
2018-02-07,2.227,2.129,2.249,2.123
2018-02-08,2.123,2.071,2.125,2.037
2018-02-09,2.026,1.955,2.026,1.885
2018-02-12,1.96,1.961,1.977,1.937
2018-02-13,1.97,2.0,2.031,1.97
2018-02-14,2.0,2.009,2.012,1.977
2018-02-22,2.047,2.067,2.067,2.033
2018-02-23,2.067,2.081,2.089,2.054
2018-02-26,2.09,2.1,2.113,2.063
2018-02-27,2.107,2.061,2.111,2.055
2018-02-28,2.048,2.033,2.048,2.012
2018-03-01,2.026,2.027,2.047,2.004
2018-03-02,2.018,2.025,2.034,2.0
2018-03-05,2.025,2.027,2.047,2.012
2018-03-06,2.038,2.052,2.056,2.016
2018-03-07,2.053,2.048,2.079,2.045
2018-03-08,2.047,2.061,2.065,2.043
2018-03-09,2.071,2.063,2.071,2.054
2018-03-12,2.072,2.069,2.081,2.065
2018-03-13,2.069,2.057,2.078,2.054
2018-03-14,2.056,2.049,2.056,2.039
2018-03-15,2.047,2.043,2.054,2.035
2018-03-16,2.044,2.026,2.052,2.022
2018-03-19,2.025,2.011,2.027,2.001
2018-03-20,2.011,2.017,2.017,1.991
2018-03-21,2.023,2.007,2.034,2.002
2018-03-22,2.016,1.987,2.016,1.973
2018-03-23,1.945,1.92,1.945,1.882
2018-03-26,1.912,1.89,1.912,1.854
2018-03-27,1.901,1.89,1.957,1.879
2018-03-28,1.879,1.854,1.896,1.854
2018-03-29,1.855,1.905,1.911,1.838
2018-03-30,1.905,1.898,1.911,1.89
2018-04-02,1.898,1.882,1.912,1.88
2018-04-03,1.868,1.842,1.869,1.837
2018-04-04,1.844,1.843,1.867,1.842
2018-04-09,1.841,1.841,1.851,1.825
2018-04-10,1.842,1.893,1.894,1.842
2018-04-11,1.896,1.915,1.926,1.893
2018-04-12,1.915,1.885,1.915,1.883
2018-04-13,1.91,1.872,1.91,1.869
2018-04-16,1.872,1.819,1.872,1.81
2018-04-17,1.827,1.795,1.829,1.787
2018-04-18,1.81,1.797,1.822,1.765
2018-04-19,1.797,1.815,1.817,1.792
2018-04-20,1.813,1.78,1.823,1.772
2018-04-23,1.778,1.78,1.793,1.767
2018-04-24,1.779,1.835,1.855,1.779
2018-04-25,1.827,1.818,1.832,1.814
2018-04-26,1.821,1.778,1.825,1.774
2018-04-27,1.785,1.783,1.793,1.75
2018-05-02,1.789,1.795,1.799,1.783
2018-05-03,1.795,1.812,1.818,1.786
2018-05-04,1.812,1.811,1.819,1.807
2018-05-07,1.811,1.842,1.843,1.808
2018-05-08,1.842,1.867,1.871,1.837
2018-05-09,1.873,1.861,1.873,1.856
2018-05-10,1.864,1.882,1.884,1.864
2018-05-11,1.882,1.876,1.89,1.873
2018-05-14,1.879,1.882,1.894,1.877
2018-05-15,1.888,1.892,1.893,1.878
2018-05-16,1.889,1.881,1.893,1.879
2018-05-17,1.878,1.875,1.886,1.871
2018-05-18,1.875,1.905,1.906,1.866
2018-05-21,1.912,1.914,1.926,1.91
2018-05-22,1.914,1.9,1.916,1.893
2018-05-23,1.897,1.877,1.899,1.877
2018-05-24,1.877,1.854,1.878,1.852
2018-05-25,1.853,1.858,1.862,1.842
2018-05-28,1.855,1.853,1.862,1.842
2018-05-29,1.851,1.85,1.859,1.842
2018-05-30,1.841,1.811,1.841,1.805
2018-05-31,1.819,1.852,1.856,1.819
2018-06-01,1.848,1.841,1.86,1.83
2018-06-04,1.846,1.858,1.862,1.846
2018-06-05,1.861,1.872,1.875,1.848
2018-06-06,1.87,1.865,1.87,1.859
2018-06-07,1.866,1.855,1.874,1.855
2018-06-08,1.854,1.821,1.854,1.812
2018-06-11,1.819,1.817,1.82,1.804
2018-06-12,1.818,1.837,1.846,1.81
2018-06-13,1.836,1.834,1.843,1.831
2018-06-14,1.829,1.832,1.842,1.818
2018-06-15,1.832,1.83,1.841,1.822
2018-06-19,1.826,1.763,1.827,1.727
2018-06-20,1.753,1.758,1.762,1.735
2018-06-21,1.758,1.738,1.777,1.735
2018-06-22,1.735,1.733,1.738,1.71
2018-06-25,1.739,1.713,1.753,1.712
2018-06-26,1.697,1.68,1.697,1.65
2018-06-27,1.68,1.648,1.689,1.636
2018-06-28,1.651,1.621,1.652,1.616
2018-06-29,1.624,1.667,1.67,1.623
2018-07-02,1.668,1.592,1.668,1.576
2018-07-03,1.598,1.597,1.601,1.541
2018-07-04,1.596,1.59,1.61,1.587
2018-07-05,1.591,1.576,1.605,1.567
2018-07-06,1.579,1.593,1.607,1.55
2018-07-09,1.597,1.648,1.65,1.596
2018-07-10,1.648,1.658,1.663,1.637
2018-07-11,1.617,1.62,1.629,1.603
2018-07-12,1.617,1.665,1.677,1.617
2018-07-13,1.671,1.662,1.676,1.657
2018-07-16,1.663,1.652,1.671,1.637
2018-07-17,1.64,1.639,1.651,1.623
2018-07-18,1.639,1.653,1.672,1.639
2018-07-19,1.654,1.642,1.667,1.642
2018-07-20,1.643,1.709,1.717,1.635
2018-07-23,1.703,1.746,1.751,1.696
2018-07-24,1.747,1.768,1.779,1.747
2018-07-25,1.776,1.767,1.776,1.758
2018-07-26,1.767,1.75,1.779,1.745
2018-07-27,1.75,1.742,1.757,1.739
2018-07-30,1.742,1.747,1.77,1.733
2018-07-31,1.746,1.764,1.771,1.736
2018-08-01,1.766,1.713,1.775,1.711
2018-08-02,1.707,1.656,1.707,1.63
2018-08-03,1.659,1.643,1.674,1.642
2018-08-06,1.648,1.627,1.666,1.616
2018-08-07,1.63,1.683,1.683,1.619
2018-08-08,1.681,1.648,1.681,1.648
2018-08-09,1.647,1.692,1.7,1.64
2018-08-10,1.695,1.682,1.7,1.665
2018-08-13,1.667,1.661,1.667,1.629
2018-08-14,1.661,1.655,1.666,1.649
2018-08-15,1.657,1.609,1.661,1.608
2018-08-16,1.6,1.599,1.617,1.569
2018-08-17,1.614,1.574,1.619,1.572
2018-08-20,1.577,1.6,1.602,1.572
2018-08-21,1.602,1.626,1.635,1.602
2018-08-22,1.626,1.615,1.631,1.61
2018-08-23,1.615,1.624,1.636,1.602
2018-08-24,1.623,1.634,1.652,1.61
2018-08-27,1.637,1.686,1.688,1.637
2018-08-28,1.686,1.684,1.694,1.68
2018-08-29,1.682,1.681,1.686,1.664
2018-08-30,1.672,1.663,1.686,1.657
2018-08-31,1.656,1.653,1.668,1.639
2018-09-03,1.655,1.649,1.659,1.627
2018-09-04,1.65,1.673,1.679,1.643
2018-09-05,1.668,1.637,1.671,1.63
2018-09-06,1.625,1.612,1.64,1.61
2018-09-07,1.617,1.624,1.644,1.607
2018-09-10,1.62,1.612,1.627,1.607
2018-09-11,1.611,1.601,1.612,1.59
2018-09-12,1.604,1.597,1.611,1.583
2018-09-13,1.612,1.626,1.627,1.6
2018-09-14,1.627,1.629,1.636,1.62
2018-09-17,1.626,1.615,1.626,1.609
2018-09-18,1.611,1.653,1.654,1.607
2018-09-19,1.653,1.688,1.696,1.646
2018-09-20,1.691,1.679,1.694,1.676
2018-09-21,1.685,1.755,1.757,1.679
2018-09-25,1.732,1.732,1.74,1.724
2018-09-26,1.737,1.752,1.786,1.735
2018-09-27,1.749,1.756,1.76,1.745
2018-09-28,1.756,1.778,1.782,1.756
2018-10-08,1.746,1.684,1.746,1.68
2018-10-09,1.684,1.676,1.694,1.673
2018-10-10,1.68,1.686,1.7,1.666
2018-10-11,1.622,1.575,1.652,1.548
2018-10-12,1.574,1.591,1.601,1.538
2018-10-15,1.6,1.552,1.601,1.544
2018-10-16,1.55,1.531,1.567,1.527
2018-10-17,1.548,1.551,1.564,1.519
2018-10-18,1.542,1.507,1.542,1.502
2018-10-19,1.496,1.564,1.566,1.477
2018-10-22,1.579,1.652,1.672,1.579
2018-10-23,1.653,1.589,1.653,1.582
2018-10-24,1.588,1.601,1.633,1.58
2018-10-25,1.557,1.598,1.602,1.531
2018-10-26,1.607,1.602,1.622,1.586
2018-10-29,1.602,1.551,1.608,1.539
2018-10-30,1.546,1.565,1.592,1.538
2018-10-31,1.575,1.593,1.599,1.569
2018-11-01,1.598,1.59,1.617,1.587
2018-11-02,1.629,1.652,1.652,1.61
2018-11-05,1.638,1.637,1.648,1.612
2018-11-06,1.636,1.633,1.637,1.617
2018-11-07,1.633,1.618,1.65,1.615
2018-11-08,1.628,1.62,1.64,1.611
2018-11-09,1.609,1.583,1.61,1.582
2018-11-12,1.58,1.613,1.613,1.577
2018-11-13,1.596,1.627,1.637,1.588
2018-11-14,1.627,1.602,1.633,1.599
2018-11-15,1.602,1.621,1.625,1.602
2018-11-16,1.627,1.627,1.642,1.615
2018-11-19,1.628,1.651,1.652,1.628
2018-11-20,1.642,1.606,1.648,1.602
2018-11-21,1.595,1.606,1.61,1.584
2018-11-22,1.609,1.597,1.613,1.587
2018-11-23,1.596,1.552,1.596,1.547
2018-11-26,1.552,1.555,1.568,1.544
2018-11-27,1.557,1.549,1.564,1.541
2018-11-28,1.547,1.565,1.566,1.535
2018-11-29,1.575,1.548,1.575,1.547
2018-11-30,1.547,1.564,1.565,1.541
2018-12-03,1.605,1.62,1.631,1.599
2018-12-04,1.621,1.626,1.63,1.607
2018-12-05,1.606,1.619,1.629,1.601
2018-12-06,1.602,1.588,1.607,1.582
2018-12-07,1.588,1.598,1.6,1.587
2018-12-10,1.592,1.584,1.597,1.577
2018-12-11,1.588,1.586,1.592,1.581
2018-12-12,1.592,1.602,1.607,1.592
2018-12-13,1.606,1.629,1.64,1.603
2018-12-14,1.627,1.613,1.63,1.611
2018-12-17,1.61,1.627,1.628,1.606
2018-12-18,1.62,1.611,1.627,1.596
2018-12-19,1.608,1.596,1.62,1.594
2018-12-20,1.593,1.581,1.607,1.566
2018-12-21,1.577,1.567,1.579,1.553
2018-12-24,1.562,1.582,1.582,1.556
2018-12-25,1.571,1.557,1.571,1.524
2018-12-26,1.555,1.559,1.566,1.551
2018-12-27,1.578,1.556,1.59,1.546
2018-12-28,1.555,1.56,1.564,1.546
2019-01-02,1.564,1.516,1.567,1.506
2019-01-03,1.512,1.509,1.534,1.506
2019-01-04,1.497,1.543,1.544,1.489
2019-01-07,1.552,1.568,1.571,1.549
2019-01-08,1.567,1.573,1.574,1.556
2019-01-09,1.573,1.585,1.616,1.573
2019-01-10,1.587,1.577,1.594,1.577
2019-01-11,1.579,1.588,1.593,1.576
2019-01-14,1.589,1.59,1.597,1.587
2019-01-15,1.591,1.608,1.612,1.582
2019-01-16,1.613,1.61,1.614,1.606
2019-01-17,1.611,1.603,1.622,1.603
2019-01-18,1.605,1.635,1.637,1.605
2019-01-21,1.64,1.646,1.653,1.637
2019-01-22,1.645,1.621,1.652,1.614
2019-01-23,1.618,1.624,1.63,1.613
2019-01-24,1.62,1.633,1.635,1.613
2019-01-25,1.633,1.641,1.651,1.633
2019-01-28,1.649,1.642,1.67,1.639
2019-01-29,1.634,1.653,1.658,1.617
2019-01-30,1.649,1.644,1.659,1.635
2019-01-31,1.646,1.66,1.669,1.646
2019-02-01,1.663,1.682,1.683,1.655
2019-02-11,1.682,1.697,1.705,1.675
2019-02-12,1.707,1.716,1.725,1.697
2019-02-13,1.718,1.747,1.764,1.715
2019-02-14,1.748,1.752,1.76,1.74
2019-02-15,1.749,1.713,1.749,1.709
2019-02-18,1.722,1.773,1.773,1.722
2019-02-19,1.775,1.769,1.791,1.757
2019-02-20,1.771,1.772,1.777,1.757
2019-02-21,1.772,1.754,1.786,1.75
2019-02-22,1.755,1.782,1.783,1.742
2019-02-25,1.788,1.9,1.902,1.788
2019-02-26,1.893,1.883,1.929,1.875
2019-02-27,1.875,1.881,1.923,1.867
2019-02-28,1.88,1.882,1.902,1.875
2019-03-01,1.891,1.91,1.911,1.874
2019-03-04,1.915,1.944,1.985,1.915
2019-03-05,1.941,1.959,1.96,1.927
2019-03-06,1.959,1.994,2.002,1.942
2019-03-07,1.991,1.985,2.001,1.96
2019-03-08,1.962,1.868,1.962,1.865
2019-03-11,1.864,1.905,1.911,1.86
2019-03-12,1.925,1.933,1.963,1.909
2019-03-13,1.933,1.912,1.939,1.908
2019-03-14,1.911,1.88,1.933,1.866
2019-03-15,1.879,1.907,1.927,1.879
2019-03-18,1.909,1.982,1.985,1.905
2019-03-19,1.984,1.979,2.002,1.966
2019-03-20,1.968,1.977,1.989,1.941
2019-03-21,1.98,1.992,2.007,1.98
2019-03-22,1.991,1.994,2.001,1.955
2019-03-25,1.946,1.951,1.988,1.946
2019-03-26,1.953,1.905,1.967,1.9
2019-03-27,1.92,1.95,1.953,1.916
2019-03-28,1.95,1.937,1.964,1.928
2019-03-29,1.937,1.994,2.001,1.92
2019-04-01,1.997,2.071,2.075,1.997
2019-04-02,2.082,2.069,2.089,2.063
2019-04-03,2.065,2.101,2.105,2.037
2019-04-04,2.118,2.136,2.143,2.105
2019-04-08,2.145,2.151,2.168,2.106
2019-04-09,2.145,2.144,2.155,2.13
2019-04-10,2.135,2.137,2.157,2.112
2019-04-11,2.137,2.11,2.152,2.096
2019-04-12,2.105,2.086,2.106,2.068
2019-04-15,2.135,2.08,2.14,2.076
2019-04-16,2.074,2.12,2.12,2.04
2019-04-17,2.119,2.124,2.134,2.097
2019-04-18,2.125,2.1,2.125,2.097
2019-04-19,2.1,2.107,2.115,2.077
2019-04-22,2.11,2.047,2.113,2.045
2019-04-23,2.045,2.02,2.049,2.016
2019-04-24,2.02,2.041,2.044,2.008
2019-04-25,2.04,1.974,2.04,1.971
2019-04-26,1.973,1.94,1.973,1.936
2019-04-29,1.94,1.922,1.958,1.921
2019-04-30,1.924,1.949,1.952,1.92
2019-05-06,1.906,1.816,1.91,1.785
2019-05-07,1.821,1.846,1.854,1.821
2019-05-08,1.816,1.816,1.848,1.795
2019-05-09,1.802,1.775,1.811,1.773
2019-05-10,1.79,1.835,1.838,1.752
2019-05-13,1.795,1.797,1.814,1.79
2019-05-14,1.787,1.781,1.797,1.774
2019-05-15,1.794,1.822,1.828,1.793
2019-05-16,1.822,1.835,1.838,1.796
2019-05-17,1.835,1.779,1.842,1.776
2019-05-20,1.779,1.766,1.79,1.747
2019-05-21,1.771,1.793,1.808,1.764
2019-05-22,1.792,1.79,1.8,1.778
2019-05-23,1.784,1.762,1.784,1.76
2019-05-24,1.764,1.762,1.775,1.755
2019-05-27,1.762,1.789,1.79,1.746
2019-05-28,1.789,1.79,1.812,1.781
2019-05-29,1.79,1.793,1.802,1.786
2019-05-30,1.789,1.793,1.793,1.774
2019-05-31,1.792,1.788,1.805,1.785
2019-06-03,1.796,1.776,1.804,1.77
2019-06-04,1.775,1.766,1.776,1.763
2019-06-05,1.786,1.777,1.793,1.773
2019-06-06,1.775,1.75,1.775,1.75
2019-06-10,1.76,1.774,1.787,1.756
2019-06-11,1.778,1.834,1.835,1.776
2019-06-12,1.831,1.816,1.831,1.811
2019-06-13,1.815,1.807,1.816,1.79
2019-06-14,1.801,1.783,1.815,1.782
2019-06-17,1.783,1.791,1.801,1.777
2019-06-18,1.792,1.794,1.799,1.787
2019-06-19,1.832,1.813,1.843,1.813
2019-06-20,1.813,1.861,1.871,1.81
2019-06-21,1.861,1.867,1.878,1.856
2019-06-24,1.867,1.869,1.872,1.858
2019-06-25,1.868,1.844,1.87,1.826
2019-06-26,1.839,1.85,1.856,1.835
2019-06-27,1.852,1.872,1.88,1.852
2019-06-28,1.872,1.861,1.874,1.849
2019-07-01,1.905,1.901,1.905,1.888
2019-07-02,1.9,1.914,1.916,1.894
2019-07-03,1.913,1.916,1.92,1.903
2019-07-04,1.913,1.913,1.931,1.905
2019-07-05,1.914,1.918,1.922,1.902
2019-07-08,1.912,1.857,1.918,1.846
2019-07-09,1.856,1.854,1.867,1.85
2019-07-10,1.854,1.838,1.863,1.833
2019-07-11,1.843,1.839,1.859,1.833
2019-07-12,1.842,1.852,1.855,1.835
2019-07-15,1.851,1.853,1.862,1.811
2019-07-16,1.852,1.855,1.86,1.846
2019-07-17,1.852,1.852,1.859,1.843
2019-07-18,1.846,1.826,1.846,1.826
2019-07-19,1.825,1.843,1.854,1.825
2019-07-22,1.843,1.822,1.851,1.817
2019-07-23,1.825,1.833,1.834,1.823
2019-07-24,1.835,1.854,1.863,1.835
2019-07-25,1.856,1.869,1.87,1.855
2019-07-26,1.868,1.88,1.883,1.862
2019-07-29,1.88,1.885,1.887,1.875
2019-07-30,1.883,1.901,1.909,1.883
2019-07-31,1.897,1.883,1.897,1.878
2019-08-01,1.88,1.862,1.88,1.856
2019-08-02,1.824,1.826,1.828,1.816
2019-08-05,1.822,1.781,1.822,1.778
2019-08-06,1.755,1.735,1.757,1.705
2019-08-07,1.742,1.727,1.745,1.727
2019-08-08,1.736,1.748,1.752,1.736
2019-08-09,1.758,1.75,1.76,1.741
2019-08-12,1.749,1.779,1.779,1.745
2019-08-13,1.769,1.763,1.769,1.76
2019-08-14,1.778,1.769,1.794,1.767
2019-08-15,1.747,1.783,1.786,1.732
2019-08-16,1.787,1.784,1.794,1.777
2019-08-19,1.786,1.828,1.829,1.786
2019-08-20,1.829,1.834,1.835,1.819
2019-08-21,1.832,1.833,1.838,1.826
2019-08-22,1.833,1.825,1.835,1.816
2019-08-23,1.825,1.832,1.835,1.816
2019-08-26,1.805,1.819,1.823,1.796
2019-08-27,1.819,1.855,1.864,1.817
2019-08-28,1.849,1.842,1.856,1.836
2019-08-29,1.845,1.829,1.847,1.822
2019-08-30,1.837,1.814,1.848,1.811
2019-09-02,1.816,1.845,1.855,1.816
2019-09-03,1.846,1.854,1.854,1.842
2019-09-04,1.854,1.89,1.893,1.851
2019-09-05,1.9,1.913,1.941,1.899
2019-09-06,1.915,1.925,1.927,1.911
2019-09-09,1.945,1.939,1.952,1.93
2019-09-10,1.939,1.93,1.94,1.922
2019-09-11,1.934,1.924,1.938,1.922
2019-09-12,1.925,1.941,1.947,1.925
2019-09-16,1.944,1.95,1.956,1.942
2019-09-17,1.948,1.915,1.948,1.905
2019-09-18,1.917,1.918,1.923,1.913
2019-09-19,1.917,1.921,1.921,1.909
2019-09-20,1.922,1.922,1.928,1.919
2019-09-23,1.92,1.894,1.921,1.881
2019-09-24,1.897,1.897,1.913,1.891
2019-09-25,1.897,1.87,1.897,1.868
2019-09-26,1.874,1.87,1.884,1.865
2019-09-27,1.87,1.856,1.872,1.851
2019-09-30,1.854,1.838,1.857,1.831
2019-10-08,1.841,1.848,1.855,1.833
2019-10-09,1.843,1.87,1.873,1.836
2019-10-10,1.871,1.882,1.883,1.87
2019-10-11,1.886,1.911,1.917,1.886
2019-10-14,1.916,1.937,1.952,1.916
2019-10-15,1.936,1.924,1.939,1.919
2019-10-16,1.92,1.917,1.943,1.914
2019-10-17,1.906,1.902,1.917,1.896
2019-10-18,1.905,1.873,1.913,1.864
2019-10-21,1.872,1.878,1.883,1.857
2019-10-22,1.879,1.882,1.884,1.867
2019-10-23,1.882,1.877,1.885,1.871
2019-10-24,1.873,1.882,1.888,1.869
2019-10-25,1.88,1.885,1.885,1.862
2019-10-28,1.884,1.895,1.897,1.884
2019-10-29,1.895,1.883,1.895,1.883
2019-10-30,1.88,1.852,1.88,1.847
2019-10-31,1.852,1.84,1.853,1.836
2019-11-01,1.837,1.864,1.866,1.831
2019-11-04,1.865,1.872,1.88,1.86
2019-11-05,1.876,1.886,1.903,1.869
2019-11-06,1.886,1.869,1.886,1.865
2019-11-07,1.869,1.876,1.882,1.868
2019-11-08,1.895,1.866,1.896,1.862
2019-11-11,1.86,1.815,1.86,1.814
2019-11-12,1.815,1.82,1.822,1.805
2019-11-13,1.817,1.807,1.817,1.803
2019-11-14,1.807,1.805,1.809,1.798
2019-11-15,1.805,1.79,1.808,1.79
2019-11-18,1.792,1.804,1.805,1.778
2019-11-19,1.809,1.825,1.826,1.803
2019-11-20,1.826,1.813,1.829,1.811
2019-11-21,1.81,1.811,1.816,1.8
2019-11-22,1.815,1.813,1.831,1.804
2019-11-25,1.813,1.844,1.849,1.812
2019-11-26,1.853,1.838,1.854,1.835
2019-11-27,1.838,1.832,1.842,1.827
2019-11-28,1.83,1.825,1.836,1.822
2019-11-29,1.822,1.819,1.83,1.813
2019-12-02,1.818,1.827,1.838,1.818
2019-12-03,1.825,1.83,1.831,1.814
2019-12-04,1.82,1.816,1.829,1.809
2019-12-05,1.822,1.829,1.832,1.819
2019-12-06,1.828,1.824,1.831,1.816
2019-12-09,1.823,1.84,1.842,1.823
2019-12-10,1.84,1.847,1.847,1.837
2019-12-11,1.847,1.862,1.866,1.847
2019-12-12,1.862,1.861,1.865,1.856
2019-12-13,1.873,1.892,1.896,1.873
2019-12-16,1.901,1.916,1.917,1.9
2019-12-17,1.916,1.935,1.953,1.907
2019-12-18,1.935,1.93,1.946,1.927
2019-12-19,1.933,1.938,1.94,1.929
2019-12-20,1.94,1.923,1.942,1.921
2019-12-23,1.923,1.892,1.926,1.889
2019-12-24,1.893,1.9,1.901,1.881
2019-12-25,1.9,1.9,1.902,1.89
2019-12-26,1.902,1.928,1.929,1.901
2019-12-27,1.93,1.93,1.948,1.93
2019-12-30,1.928,1.954,1.955,1.921
2019-12-31,1.954,1.972,1.975,1.95
2020-01-02,1.985,2.009,2.018,1.985
2020-01-03,2.009,2.002,2.014,1.993
2020-01-06,1.998,1.996,2.02,1.991
2020-01-07,1.994,2.016,2.017,1.994
2020-01-08,2.014,1.996,2.014,1.989
2020-01-09,2.005,2.019,2.021,2.005
2020-01-10,2.021,2.01,2.026,1.998
2020-01-13,2.011,2.021,2.023,1.998
2020-01-14,2.029,2.036,2.041,2.026
2020-01-15,2.034,2.026,2.037,2.01
2020-01-16,2.026,2.022,2.029,2.014
2020-01-17,2.019,2.003,2.035,1.999
2020-01-20,2.003,2.003,2.008,1.989
2020-01-21,2.003,1.952,2.019,1.95
2020-01-22,1.951,1.948,1.961,1.913
2020-01-23,1.939,1.886,1.949,1.868
2020-02-03,1.675,1.637,1.675,1.629
2020-02-04,1.637,1.701,1.702,1.632
2020-02-05,1.702,1.733,1.752,1.695
2020-02-06,1.735,1.739,1.749,1.709
2020-02-07,1.732,1.733,1.734,1.709
2020-02-10,1.732,1.776,1.777,1.715
2020-02-11,1.782,1.79,1.804,1.772
2020-02-12,1.79,1.797,1.797,1.776
2020-02-13,1.795,1.781,1.8,1.779
2020-02-14,1.778,1.796,1.797,1.777
2020-02-17,1.796,1.841,1.842,1.796
2020-02-18,1.842,1.843,1.854,1.831
2020-02-19,1.842,1.841,1.853,1.834
2020-02-20,1.841,1.877,1.878,1.838
2020-02-21,1.877,1.893,1.911,1.874
2020-02-24,1.891,1.875,1.891,1.857
2020-02-25,1.844,1.841,1.845,1.799
2020-02-26,1.809,1.848,1.88,1.809
2020-02-27,1.853,1.85,1.871,1.844
2020-02-28,1.819,1.777,1.82,1.764
2020-03-02,1.778,1.856,1.863,1.778
2020-03-03,1.879,1.863,1.899,1.847
2020-03-04,1.856,1.887,1.888,1.848
2020-03-05,1.894,1.909,1.915,1.891
2020-03-06,1.894,1.886,1.894,1.874
2020-03-09,1.84,1.815,1.849,1.812
2020-03-10,1.809,1.852,1.858,1.797
2020-03-11,1.852,1.836,1.862,1.835
2020-03-12,1.816,1.795,1.817,1.787
2020-03-13,1.719,1.751,1.771,1.69
2020-03-16,1.754,1.693,1.782,1.685
2020-03-17,1.694,1.67,1.719,1.634
2020-03-18,1.68,1.644,1.701,1.637
2020-03-19,1.639,1.601,1.643,1.565
2020-03-20,1.611,1.626,1.627,1.594
2020-03-23,1.588,1.551,1.588,1.545
2020-03-24,1.587,1.593,1.597,1.56
2020-03-25,1.631,1.65,1.657,1.627
2020-03-26,1.647,1.632,1.649,1.63
2020-03-27,1.652,1.645,1.668,1.642
2020-03-30,1.627,1.623,1.634,1.605
2020-03-31,1.637,1.618,1.643,1.616
2020-04-01,1.618,1.602,1.631,1.602
2020-04-02,1.599,1.628,1.63,1.569
2020-04-03,1.628,1.621,1.633,1.612
2020-04-07,1.643,1.656,1.658,1.641
2020-04-08,1.653,1.657,1.658,1.643
2020-04-09,1.659,1.656,1.667,1.655
2020-04-10,1.656,1.639,1.662,1.634
2020-04-13,1.639,1.629,1.64,1.62
2020-04-14,1.632,1.653,1.654,1.632
2020-04-15,1.655,1.644,1.658,1.64
2020-04-16,1.64,1.636,1.643,1.629
2020-04-17,1.643,1.643,1.654,1.64
2020-04-20,1.643,1.646,1.647,1.635
2020-04-21,1.645,1.63,1.645,1.616
2020-04-22,1.623,1.631,1.632,1.613
2020-04-23,1.632,1.623,1.636,1.622
2020-04-24,1.622,1.605,1.623,1.601
2020-04-27,1.606,1.616,1.62,1.605
2020-04-28,1.614,1.598,1.615,1.565
2020-04-29,1.597,1.63,1.635,1.594
2020-04-30,1.632,1.671,1.671,1.632
2020-05-06,1.661,1.67,1.67,1.641
2020-05-07,1.67,1.671,1.674,1.659
2020-05-08,1.672,1.688,1.691,1.672
2020-05-11,1.688,1.686,1.702,1.676
2020-05-12,1.686,1.675,1.688,1.665
2020-05-13,1.669,1.677,1.68,1.66
2020-05-14,1.677,1.653,1.678,1.653
2020-05-15,1.655,1.648,1.663,1.646
2020-05-18,1.649,1.648,1.655,1.641
2020-05-19,1.654,1.656,1.665,1.65
2020-05-20,1.656,1.64,1.657,1.638
2020-05-21,1.641,1.632,1.646,1.629
2020-05-22,1.633,1.598,1.634,1.59
2020-05-25,1.598,1.597,1.599,1.583
2020-05-26,1.599,1.609,1.61,1.598
2020-05-27,1.61,1.621,1.627,1.608
2020-05-28,1.621,1.625,1.633,1.61
2020-05-29,1.622,1.611,1.622,1.605
2020-06-01,1.611,1.651,1.652,1.611
2020-06-02,1.651,1.657,1.662,1.649
2020-06-03,1.664,1.667,1.684,1.664
2020-06-04,1.686,1.678,1.688,1.669
2020-06-05,1.678,1.663,1.678,1.655
2020-06-08,1.665,1.673,1.679,1.665
2020-06-09,1.673,1.679,1.681,1.673
2020-06-10,1.679,1.669,1.68,1.665
2020-06-11,1.671,1.652,1.672,1.649
2020-06-12,1.639,1.649,1.65,1.62
2020-06-15,1.649,1.633,1.65,1.63
2020-06-16,1.639,1.661,1.663,1.639
2020-06-17,1.661,1.669,1.675,1.66
2020-06-18,1.669,1.69,1.696,1.663
2020-06-19,1.69,1.687,1.692,1.681
2020-06-22,1.687,1.675,1.689,1.672
2020-06-23,1.675,1.666,1.675,1.661
2020-06-24,1.667,1.669,1.674,1.665
2020-06-29,1.669,1.651,1.669,1.648
2020-06-30,1.655,1.668,1.67,1.655
2020-07-01,1.67,1.708,1.709,1.67
2020-07-02,1.709,1.765,1.767,1.699
2020-07-03,1.769,1.802,1.81,1.769
2020-07-06,1.816,1.985,1.992,1.816
2020-07-07,2.002,1.942,2.072,1.929
2020-07-08,1.943,1.982,1.985,1.914
2020-07-09,1.979,1.994,2.001,1.945
2020-07-10,1.994,1.932,1.994,1.919
2020-07-13,1.931,1.985,1.993,1.924
2020-07-14,1.987,1.969,2.012,1.931
2020-07-15,1.979,1.929,1.985,1.904
2020-07-16,1.929,1.857,1.951,1.855
2020-07-17,1.858,1.859,1.889,1.839
2020-07-20,1.863,1.96,1.963,1.863
2020-07-21,1.964,1.953,1.975,1.944
2020-07-22,1.953,1.954,1.986,1.95
2020-07-23,1.951,1.921,1.951,1.881
2020-07-24,1.921,1.844,1.922,1.827
2020-07-27,1.844,1.831,1.859,1.816
2020-07-28,1.833,1.85,1.862,1.833
2020-07-29,1.841,1.881,1.886,1.832
2020-07-30,1.893,1.883,1.904,1.882
2020-07-31,1.884,1.902,1.919,1.879
2020-08-03,1.921,1.963,1.965,1.921
2020-08-04,1.977,1.964,1.984,1.949
2020-08-05,1.964,1.949,1.964,1.927
2020-08-06,1.95,1.962,1.966,1.933
2020-08-07,1.962,1.957,1.962,1.929
2020-08-10,1.959,1.989,1.996,1.959
2020-08-11,1.989,1.976,2.017,1.969
2020-08-12,1.976,1.956,1.976,1.922
2020-08-13,1.961,1.98,1.987,1.959
2020-08-14,1.982,1.994,1.996,1.949
2020-08-17,1.999,2.056,2.069,1.999
2020-08-18,2.057,2.059,2.067,2.051
2020-08-19,2.062,2.051,2.079,2.044
2020-08-20,2.051,2.036,2.054,2.029
2020-08-21,2.037,2.033,2.048,2.02
2020-08-24,2.041,2.037,2.047,2.031
2020-08-25,2.048,2.024,2.055,2.017
2020-08-26,2.024,1.984,2.026,1.976
2020-08-27,1.986,1.985,1.992,1.964
2020-08-28,1.985,2.018,2.021,1.981
2020-08-31,2.026,2.008,2.036,2.007
2020-09-01,2.008,2.006,2.01,1.985
2020-09-02,2.009,2.006,2.018,1.994
2020-09-03,2.006,2.001,2.023,1.994
2020-09-04,2.0,1.981,2.0,1.956
2020-09-07,1.984,1.968,2.005,1.964
2020-09-08,1.971,1.98,1.985,1.959
2020-09-09,1.968,1.958,1.976,1.944
2020-09-10,1.962,1.94,1.975,1.937
2020-09-11,1.941,1.937,1.942,1.916
2020-09-14,1.94,1.939,1.946,1.929
2020-09-15,1.941,1.947,1.947,1.935
2020-09-16,1.947,1.955,1.965,1.941
2020-09-17,1.955,1.958,1.968,1.944
2020-09-18,1.959,1.992,1.993,1.953
2020-09-21,1.994,1.98,1.997,1.977
2020-09-22,1.978,1.948,1.978,1.942
2020-09-23,1.949,1.947,1.957,1.94
2020-09-24,1.947,1.908,1.948,1.904
2020-09-25,1.911,1.902,1.919,1.887
2020-09-28,1.903,1.904,1.91,1.896
2020-09-29,1.906,1.904,1.918,1.899
2020-09-30,1.904,1.897,1.914,1.885
2020-10-09,1.914,1.934,1.943,1.914
2020-10-12,1.936,1.979,1.98,1.936
2020-10-13,1.981,1.974,1.985,1.96
2020-10-14,1.975,1.962,1.977,1.959
2020-10-15,1.962,1.954,1.964,1.951
2020-10-16,1.954,1.957,1.964,1.95
2020-10-19,1.96,1.946,1.984,1.943
2020-10-20,1.946,1.942,1.946,1.926
2020-10-21,1.942,1.938,1.945,1.926
2020-10-22,1.938,1.926,1.94,1.922
2020-10-23,1.927,1.918,1.935,1.915
2020-10-26,1.917,1.902,1.918,1.896
2020-10-27,1.9,1.894,1.901,1.886
2020-10-28,1.894,1.898,1.901,1.879
2020-10-29,1.89,1.922,1.928,1.881
2020-10-30,1.922,1.906,1.939,1.903
2020-11-02,1.907,1.917,1.922,1.907
2020-11-03,1.919,1.935,1.937,1.919
2020-11-04,1.938,1.96,1.962,1.938
2020-11-05,1.975,2.006,2.009,1.975
2020-11-06,2.006,2.029,2.03,2.001
2020-11-09,2.044,2.08,2.084,2.044
2020-11-10,2.089,2.069,2.097,2.063
2020-11-11,2.068,2.084,2.097,2.06
2020-11-12,2.084,2.097,2.099,2.074
2020-11-13,2.097,2.077,2.097,2.059
2020-11-16,2.087,2.134,2.136,2.087
2020-11-17,2.135,2.145,2.159,2.135
2020-11-18,2.145,2.159,2.162,2.14
2020-11-19,2.159,2.14,2.161,2.13
2020-11-20,2.14,2.155,2.155,2.127
2020-11-23,2.158,2.199,2.214,2.157
2020-11-24,2.205,2.194,2.209,2.18
2020-11-25,2.196,2.162,2.208,2.159
2020-11-26,2.162,2.154,2.163,2.138
2020-11-27,2.154,2.175,2.179,2.141
2020-11-30,2.177,2.148,2.199,2.143
2020-12-01,2.148,2.154,2.159,2.124
2020-12-02,2.155,2.156,2.164,2.14
2020-12-03,2.154,2.131,2.154,2.125
2020-12-04,2.131,2.12,2.132,2.098
2020-12-07,2.121,2.076,2.126,2.076
2020-12-08,2.077,2.069,2.089,2.064
2020-12-09,2.07,2.031,2.072,2.029
2020-12-10,2.031,2.048,2.051,2.03
2020-12-11,2.049,2.041,2.059,2.019
2020-12-14,2.042,2.003,2.045,1.991
2020-12-15,2.004,1.99,2.006,1.97
2020-12-16,1.99,1.988,2.0,1.982
2020-12-17,1.988,2.014,2.014,1.966
2020-12-18,2.014,2.032,2.048,2.014
2020-12-21,2.032,2.036,2.044,2.015
2020-12-22,2.034,1.977,2.034,1.97
2020-12-23,1.979,1.98,1.99,1.969
2020-12-24,1.981,1.97,1.99,1.96
2020-12-25,1.969,1.98,1.992,1.956
2020-12-28,1.98,1.967,1.984,1.959
2020-12-29,1.968,1.942,1.975,1.94
2020-12-30,1.943,1.947,1.958,1.933
2020-12-31,1.947,1.958,1.961,1.94
2021-01-04,1.958,1.965,1.965,1.94
2021-01-05,1.965,1.943,1.965,1.92
2021-01-06,1.943,1.94,1.949,1.928
2021-01-07,1.94,1.93,1.945,1.919
2021-01-08,1.931,1.943,1.945,1.918
2021-01-11,1.944,1.91,1.947,1.906
2021-01-12,1.911,1.931,1.933,1.91
2021-01-13,1.932,1.938,1.946,1.924
2021-01-14,1.938,1.936,1.947,1.924
2021-01-15,1.936,1.954,1.959,1.936
2021-01-18,1.99,1.968,1.99,1.95
2021-01-19,1.969,1.971,1.986,1.951
2021-01-20,1.972,1.969,1.98,1.961
2021-01-21,1.97,1.973,1.982,1.963
2021-01-22,1.975,1.949,1.976,1.943
2021-01-25,1.949,1.914,1.949,1.912
2021-01-26,1.914,1.903,1.922,1.901
2021-01-27,1.903,1.902,1.918,1.9
2021-01-28,1.901,1.87,1.901,1.868
2021-01-29,1.871,1.854,1.882,1.84
2021-02-01,1.855,1.871,1.874,1.839
2021-02-02,1.871,1.877,1.879,1.87
2021-02-03,1.877,1.857,1.879,1.852
2021-02-04,1.856,1.84,1.857,1.83
2021-02-05,1.84,1.859,1.865,1.831
2021-02-08,1.859,1.872,1.881,1.853
2021-02-09,1.872,1.888,1.888,1.863
2021-02-10,1.889,1.907,1.909,1.889
2021-02-18,1.93,1.97,1.974,1.93
2021-02-19,1.97,2.022,2.024,1.97
2021-02-22,2.024,2.066,2.101,2.024
2021-02-23,2.067,2.038,2.068,2.029
2021-02-24,2.038,2.007,2.043,1.99
2021-02-25,2.009,2.049,2.059,2.009
2021-02-26,2.043,1.997,2.043,1.991
2021-03-01,1.998,2.032,2.033,1.998
2021-03-02,2.042,2.017,2.05,2.0
2021-03-03,2.018,2.082,2.084,2.017
2021-03-04,2.082,2.078,2.107,2.066
2021-03-05,2.06,2.05,2.062,2.028
2021-03-08,2.058,2.039,2.084,2.033
2021-03-09,2.04,2.028,2.068,1.99
2021-03-10,2.035,2.013,2.043,2.01
2021-03-11,2.013,2.06,2.062,2.013
2021-03-12,2.068,2.087,2.095,2.054
2021-03-15,2.087,2.112,2.122,2.086
2021-03-16,2.113,2.115,2.12,2.09
2021-03-17,2.114,2.101,2.114,2.084
2021-03-18,2.102,2.101,2.115,2.095
2021-03-19,2.095,2.084,2.105,2.072
2021-03-22,2.085,2.11,2.115,2.085
2021-03-23,2.11,2.089,2.115,2.076
2021-03-24,2.074,2.041,2.083,2.031
2021-03-25,2.041,2.043,2.062,2.04
2021-03-26,2.045,2.075,2.077,2.045
2021-03-29,2.088,2.111,2.116,2.078
2021-03-30,2.111,2.11,2.115,2.088
2021-03-31,2.11,2.103,2.11,2.092
2021-04-01,2.104,2.121,2.129,2.097
2021-04-02,2.121,2.098,2.126,2.093
2021-04-06,2.1,2.105,2.112,2.1
2021-04-07,2.105,2.125,2.127,2.092
2021-04-08,2.125,2.126,2.139,2.119
2021-04-09,2.127,2.13,2.134,2.114
2021-04-12,2.131,2.137,2.146,2.124
2021-04-13,2.135,2.105,2.136,2.104
2021-04-14,2.105,2.111,2.116,2.098
2021-04-15,2.112,2.115,2.119,2.106
2021-04-16,2.115,2.15,2.159,2.115
2021-04-19,2.15,2.162,2.169,2.141
2021-04-20,2.159,2.154,2.162,2.151
2021-04-21,2.15,2.145,2.152,2.132
2021-04-22,2.145,2.153,2.171,2.145
2021-04-23,2.149,2.148,2.151,2.136
2021-04-26,2.152,2.14,2.164,2.133
2021-04-27,2.137,2.127,2.138,2.11
2021-04-28,2.123,2.13,2.131,2.11
2021-04-29,2.13,2.146,2.15,2.12
2021-04-30,2.14,2.117,2.143,2.106
2021-05-06,2.118,2.158,2.165,2.118
2021-05-07,2.168,2.189,2.208,2.162
2021-05-10,2.201,2.23,2.233,2.195
2021-05-11,2.227,2.203,2.228,2.161
2021-05-12,2.197,2.214,2.219,2.187
2021-05-13,2.19,2.171,2.207,2.167
2021-05-14,2.171,2.177,2.185,2.167
2021-05-17,2.177,2.172,2.191,2.17
2021-05-18,2.172,2.184,2.188,2.168
2021-05-19,2.183,2.159,2.183,2.155
2021-05-20,2.135,2.115,2.135,2.097
2021-05-21,2.115,2.12,2.134,2.114
2021-05-24,2.12,2.118,2.13,2.112
2021-05-25,2.118,2.145,2.152,2.108
2021-05-26,2.145,2.164,2.173,2.142
2021-05-27,2.164,2.176,2.179,2.157
2021-05-28,2.182,2.172,2.194,2.164
2021-05-31,2.183,2.175,2.184,2.156
2021-06-01,2.175,2.197,2.198,2.158
2021-06-02,2.197,2.192,2.198,2.183
2021-06-03,2.192,2.206,2.228,2.192
2021-06-04,2.207,2.2,2.21,2.182
2021-06-07,2.2,2.197,2.21,2.19
2021-06-08,2.198,2.186,2.2,2.18
2021-06-09,2.186,2.202,2.217,2.182
2021-06-10,2.202,2.213,2.23,2.2
2021-06-11,2.222,2.217,2.23,2.212
2021-06-15,2.227,2.201,2.23,2.192
2021-06-16,2.201,2.192,2.217,2.186
2021-06-17,2.192,2.184,2.202,2.178
2021-06-18,2.184,2.184,2.188,2.178
2021-06-21,2.183,2.172,2.183,2.17
2021-06-22,2.172,2.197,2.201,2.172
2021-06-23,2.198,2.233,2.238,2.197
2021-06-24,2.236,2.245,2.263,2.225
2021-06-25,2.246,2.255,2.263,2.238
2021-06-28,2.255,2.219,2.255,2.216
2021-06-29,2.219,2.198,2.219,2.196
2021-06-30,2.198,2.212,2.219,2.194
2021-07-01,2.215,2.213,2.231,2.206
2021-07-02,2.213,2.189,2.216,2.188
2021-07-05,2.19,2.196,2.202,2.18
2021-07-06,2.196,2.203,2.203,2.19
2021-07-07,2.2,2.206,2.21,2.188
2021-07-08,2.206,2.163,2.206,2.16
2021-07-09,2.163,2.181,2.182,2.137
2021-07-12,2.181,2.186,2.202,2.175
2021-07-13,2.187,2.208,2.211,2.182
2021-07-14,2.208,2.214,2.224,2.206
2021-07-15,2.214,2.245,2.247,2.195
2021-07-16,2.245,2.257,2.273,2.238
2021-07-19,2.26,2.249,2.271,2.244
2021-07-20,2.243,2.229,2.243,2.213
2021-07-21,2.233,2.225,2.248,2.218
2021-07-22,2.225,2.25,2.25,2.219
2021-07-23,2.254,2.241,2.273,2.232
2021-07-26,2.24,2.192,2.24,2.168
2021-07-27,2.192,2.133,2.212,2.127
2021-07-28,2.134,2.107,2.151,2.074
2021-07-29,2.118,2.129,2.138,2.105
2021-07-30,2.129,2.16,2.163,2.116
2021-08-02,2.159,2.137,2.159,2.08
2021-08-03,2.125,2.098,2.13,2.093
2021-08-04,2.099,2.122,2.124,2.099
2021-08-05,2.121,2.11,2.136,2.103
2021-08-06,2.11,2.121,2.123,2.095
2021-08-09,2.121,2.161,2.172,2.112
2021-08-10,2.161,2.16,2.163,2.141
2021-08-11,2.169,2.218,2.221,2.168
2021-08-12,2.217,2.249,2.256,2.201
2021-08-13,2.247,2.244,2.251,2.229
2021-08-16,2.244,2.252,2.269,2.241
2021-08-17,2.25,2.218,2.268,2.212
2021-08-18,2.218,2.236,2.24,2.217
2021-08-19,2.229,2.226,2.233,2.209
2021-08-20,2.224,2.241,2.243,2.209
2021-08-23,2.254,2.254,2.27,2.249
2021-08-24,2.263,2.278,2.287,2.26
2021-08-25,2.278,2.312,2.312,2.274
2021-08-26,2.311,2.353,2.368,2.305
2021-08-27,2.351,2.382,2.385,2.31
2021-08-30,2.386,2.407,2.41,2.375
2021-08-31,2.407,2.48,2.482,2.395
2021-09-01,2.493,2.475,2.528,2.444
2021-09-02,2.474,2.554,2.556,2.47
2021-09-03,2.554,2.531,2.556,2.523
2021-09-06,2.541,2.559,2.576,2.534
2021-09-07,2.565,2.64,2.651,2.564
2021-09-08,2.641,2.676,2.693,2.626
2021-09-09,2.678,2.777,2.782,2.66
2021-09-10,2.778,2.714,2.783,2.709
2021-09-13,2.714,2.786,2.808,2.709
2021-09-14,2.786,2.716,2.786,2.71
2021-09-15,2.715,2.693,2.734,2.67
2021-09-16,2.718,2.68,2.761,2.675
2021-09-17,2.675,2.591,2.707,2.535
2021-09-22,2.575,2.649,2.649,2.535
2021-09-23,2.691,2.64,2.715,2.617
2021-09-24,2.625,2.526,2.627,2.52
2021-09-27,2.526,2.441,2.544,2.429
2021-09-28,2.441,2.519,2.524,2.44
2021-09-29,2.518,2.435,2.519,2.417
2021-09-30,2.434,2.45,2.453,2.401
2021-10-08,2.477,2.44,2.493,2.415
2021-10-11,2.442,2.483,2.485,2.431
2021-10-12,2.483,2.443,2.523,2.404
2021-10-13,2.443,2.403,2.445,2.363
2021-10-14,2.389,2.386,2.407,2.361
2021-10-15,2.386,2.408,2.416,2.366
2021-10-18,2.408,2.457,2.46,2.394
2021-10-19,2.457,2.469,2.484,2.43
2021-10-20,2.448,2.395,2.448,2.388
2021-10-21,2.391,2.433,2.461,2.39
2021-10-22,2.427,2.371,2.454,2.366
2021-10-25,2.373,2.37,2.38,2.34
2021-10-26,2.37,2.344,2.373,2.336
2021-10-27,2.34,2.273,2.34,2.269
2021-10-28,2.26,2.196,2.261,2.188
2021-10-29,2.196,2.2,2.207,2.18
2021-11-01,2.198,2.209,2.217,2.178
2021-11-02,2.21,2.158,2.217,2.128
2021-11-03,2.158,2.199,2.205,2.156
2021-11-04,2.197,2.192,2.198,2.171
2021-11-05,2.184,2.153,2.184,2.151
2021-11-08,2.153,2.15,2.167,2.145
2021-11-09,2.15,2.136,2.153,2.126
2021-11-10,2.13,2.129,2.131,2.086
2021-11-11,2.13,2.176,2.18,2.13
2021-11-12,2.177,2.16,2.179,2.149
2021-11-15,2.16,2.164,2.165,2.146
2021-11-16,2.164,2.147,2.176,2.145
2021-11-17,2.147,2.15,2.152,2.137
2021-11-18,2.151,2.15,2.167,2.146
2021-11-19,2.147,2.186,2.195,2.136
2021-11-22,2.188,2.185,2.2,2.179
2021-11-23,2.185,2.198,2.21,2.18
2021-11-24,2.202,2.23,2.231,2.202
2021-11-25,2.23,2.219,2.24,2.203
2021-11-26,2.21,2.187,2.21,2.182
2021-11-29,2.168,2.152,2.168,2.138
2021-11-30,2.152,2.154,2.178,2.143
2021-12-01,2.153,2.179,2.181,2.143
2021-12-02,2.178,2.194,2.201,2.171
2021-12-03,2.194,2.225,2.24,2.177
2021-12-06,2.225,2.217,2.257,2.21
2021-12-07,2.237,2.247,2.248,2.215
2021-12-08,2.247,2.247,2.248,2.227
2021-12-09,2.247,2.258,2.266,2.237
2021-12-10,2.25,2.238,2.25,2.23
2021-12-13,2.238,2.229,2.244,2.225
2021-12-14,2.225,2.191,2.225,2.191
2021-12-15,2.188,2.203,2.212,2.181
2021-12-16,2.206,2.245,2.246,2.205
2021-12-17,2.249,2.229,2.258,2.224
2021-12-20,2.228,2.203,2.242,2.199
2021-12-21,2.202,2.242,2.245,2.2
2021-12-22,2.242,2.237,2.245,2.227
2021-12-23,2.236,2.246,2.25,2.229
2021-12-24,2.246,2.235,2.247,2.226
2021-12-27,2.234,2.242,2.258,2.23
2021-12-28,2.242,2.225,2.245,2.214
2021-12-29,2.224,2.215,2.227,2.212
2021-12-30,2.215,2.212,2.218,2.208
2021-12-31,2.212,2.236,2.239,2.211
2022-01-04,2.252,2.278,2.282,2.251
2022-01-05,2.277,2.269,2.277,2.251
2022-01-06,2.265,2.273,2.281,2.255
2022-01-07,2.272,2.289,2.305,2.268
2022-01-10,2.289,2.308,2.309,2.281
2022-01-11,2.307,2.329,2.34,2.3
2022-01-12,2.329,2.317,2.332,2.298
2022-01-13,2.317,2.316,2.34,2.315
2022-01-14,2.315,2.271,2.315,2.268
2022-01-17,2.271,2.274,2.295,2.264
2022-01-18,2.274,2.304,2.312,2.268
2022-01-19,2.304,2.321,2.339,2.304
2022-01-20,2.318,2.307,2.336,2.297
2022-01-21,2.307,2.304,2.312,2.287
2022-01-24,2.302,2.29,2.303,2.271
2022-01-25,2.287,2.211,2.287,2.21
2022-01-26,2.211,2.219,2.228,2.195
2022-01-27,2.219,2.201,2.232,2.2
2022-01-28,2.202,2.193,2.213,2.171
2022-02-07,2.199,2.252,2.258,2.199
2022-02-08,2.263,2.319,2.323,2.261
2022-02-09,2.319,2.325,2.344,2.318
2022-02-10,2.324,2.366,2.368,2.297
2022-02-11,2.365,2.369,2.401,2.355
2022-02-14,2.368,2.323,2.368,2.316
2022-02-15,2.322,2.304,2.323,2.294
2022-02-16,2.304,2.333,2.338,2.304
2022-02-17,2.332,2.319,2.332,2.307
2022-02-18,2.315,2.372,2.374,2.307
2022-02-21,2.368,2.398,2.399,2.354
2022-02-22,2.381,2.387,2.39,2.356
2022-02-23,2.384,2.356,2.384,2.337
2022-02-24,2.352,2.331,2.356,2.302
2022-02-25,2.33,2.311,2.356,2.292
2022-02-28,2.311,2.32,2.323,2.285
2022-03-01,2.324,2.35,2.357,2.32
2022-03-02,2.352,2.383,2.387,2.351
2022-03-03,2.385,2.418,2.425,2.385
2022-03-04,2.414,2.408,2.433,2.38
2022-03-07,2.421,2.388,2.434,2.375
2022-03-08,2.382,2.305,2.382,2.297
2022-03-09,2.306,2.248,2.331,2.191
2022-03-10,2.265,2.294,2.319,2.249
2022-03-11,2.288,2.314,2.318,2.237
2022-03-14,2.308,2.275,2.343,2.272
2022-03-15,2.267,2.117,2.267,2.112
2022-03-16,2.12,2.176,2.184,2.046
2022-03-17,2.198,2.206,2.238,2.185
2022-03-18,2.206,2.276,2.282,2.198
2022-03-21,2.275,2.295,2.306,2.267
2022-03-22,2.293,2.343,2.355,2.281
2022-03-23,2.341,2.339,2.353,2.308
2022-03-24,2.333,2.346,2.356,2.324
2022-03-25,2.345,2.347,2.375,2.335
2022-03-28,2.346,2.393,2.397,2.316
2022-03-29,2.39,2.411,2.413,2.372
2022-03-30,2.398,2.419,2.426,2.386
2022-03-31,2.418,2.458,2.484,2.418
2022-04-01,2.452,2.491,2.495,2.438
2022-04-06,2.489,2.536,2.542,2.477
2022-04-07,2.521,2.49,2.536,2.481
2022-04-08,2.486,2.525,2.526,2.456
2022-04-11,2.522,2.466,2.522,2.458
2022-04-12,2.463,2.456,2.49,2.431
2022-04-13,2.447,2.479,2.515,2.443
2022-04-14,2.484,2.535,2.544,2.477
2022-04-15,2.526,2.502,2.566,2.491
2022-04-18,2.486,2.438,2.49,2.427
2022-04-19,2.432,2.482,2.485,2.414
2022-04-20,2.466,2.395,2.472,2.378
2022-04-21,2.385,2.341,2.406,2.326
2022-04-22,2.332,2.371,2.377,2.304
2022-04-25,2.345,2.247,2.345,2.246
2022-04-26,2.247,2.208,2.274,2.199
2022-04-27,2.211,2.244,2.245,2.181
2022-04-28,2.242,2.29,2.295,2.234
2022-04-29,2.29,2.324,2.332,2.258
2022-05-05,2.323,2.313,2.332,2.293
2022-05-06,2.275,2.238,2.281,2.229
2022-05-09,2.234,2.23,2.234,2.207
2022-05-10,2.23,2.233,2.234,2.172
2022-05-11,2.232,2.231,2.254,2.224
2022-05-12,2.231,2.219,2.241,2.196
2022-05-13,2.219,2.274,2.275,2.219
2022-05-16,2.302,2.318,2.325,2.275
2022-05-17,2.317,2.308,2.325,2.282
2022-05-18,2.307,2.28,2.307,2.273
2022-05-19,2.256,2.283,2.283,2.245
2022-05-20,2.283,2.322,2.326,2.282
2022-05-23,2.329,2.326,2.344,2.318
2022-05-24,2.326,2.282,2.333,2.28
2022-05-25,2.279,2.311,2.313,2.268
2022-05-26,2.313,2.351,2.356,2.305
2022-05-27,2.352,2.35,2.361,2.341
2022-05-30,2.35,2.336,2.361,2.324
2022-05-31,2.334,2.34,2.343,2.321
2022-06-01,2.336,2.349,2.351,2.323
2022-06-02,2.348,2.331,2.348,2.315
2022-06-06,2.329,2.33,2.332,2.305
2022-06-07,2.33,2.345,2.358,2.318
2022-06-08,2.35,2.383,2.384,2.334
2022-06-09,2.381,2.39,2.415,2.372
2022-06-10,2.385,2.41,2.418,2.365
2022-06-13,2.4,2.366,2.4,2.347
2022-06-14,2.351,2.404,2.406,2.343
2022-06-15,2.401,2.407,2.447,2.389
2022-06-16,2.406,2.36,2.421,2.35
2022-06-17,2.346,2.353,2.36,2.331
2022-06-20,2.348,2.331,2.348,2.321
2022-06-21,2.331,2.337,2.351,2.324
2022-06-22,2.336,2.301,2.34,2.296
2022-06-23,2.299,2.325,2.329,2.286
2022-06-24,2.326,2.329,2.338,2.316
2022-06-27,2.329,2.356,2.361,2.326
2022-06-28,2.356,2.381,2.381,2.352
2022-06-29,2.38,2.393,2.416,2.376
2022-06-30,2.393,2.41,2.418,2.384
2022-07-01,2.408,2.415,2.422,2.382
2022-07-04,2.412,2.421,2.427,2.403
2022-07-05,2.426,2.435,2.45,2.418
2022-07-06,2.42,2.369,2.421,2.351
2022-07-07,2.368,2.382,2.39,2.357
2022-07-08,2.394,2.38,2.401,2.376
2022-07-11,2.377,2.353,2.377,2.342
2022-07-12,2.353,2.376,2.39,2.353
2022-07-13,2.376,2.374,2.382,2.36
2022-07-14,2.374,2.344,2.374,2.336
2022-07-15,2.344,2.304,2.356,2.303
2022-07-18,2.305,2.363,2.363,2.305
2022-07-19,2.363,2.367,2.373,2.351
2022-07-20,2.366,2.372,2.381,2.366
2022-07-21,2.371,2.328,2.371,2.326
2022-07-22,2.326,2.311,2.332,2.296
2022-07-25,2.313,2.32,2.331,2.311
2022-07-26,2.32,2.358,2.367,2.308
2022-07-27,2.353,2.358,2.368,2.339
2022-07-28,2.364,2.369,2.375,2.356
2022-07-29,2.371,2.347,2.377,2.342
2022-08-01,2.347,2.354,2.36,2.32
2022-08-02,2.346,2.291,2.347,2.273
2022-08-03,2.289,2.263,2.321,2.258
2022-08-04,2.266,2.267,2.275,2.242
2022-08-05,2.267,2.271,2.275,2.246
2022-08-08,2.272,2.302,2.307,2.267
2022-08-09,2.302,2.323,2.326,2.293
2022-08-10,2.322,2.307,2.326,2.298
2022-08-11,2.313,2.334,2.335,2.309
2022-08-12,2.334,2.361,2.364,2.334
2022-08-15,2.359,2.375,2.39,2.356
2022-08-16,2.375,2.385,2.392,2.368
2022-08-17,2.383,2.389,2.396,2.371
2022-08-18,2.387,2.365,2.4,2.362
2022-08-19,2.368,2.39,2.41,2.368
2022-08-22,2.391,2.416,2.42,2.388
2022-08-23,2.415,2.426,2.439,2.394
2022-08-24,2.427,2.382,2.434,2.38
2022-08-25,2.389,2.447,2.449,2.389
2022-08-26,2.446,2.426,2.453,2.421
2022-08-29,2.425,2.448,2.453,2.384
2022-08-30,2.446,2.421,2.454,2.405
2022-08-31,2.42,2.403,2.426,2.392
2022-09-01,2.401,2.431,2.465,2.396
2022-09-02,2.431,2.425,2.437,2.415
2022-09-05,2.436,2.479,2.481,2.425
2022-09-06,2.484,2.528,2.532,2.478
2022-09-07,2.527,2.52,2.532,2.503
2022-09-08,2.518,2.511,2.53,2.489
2022-09-09,2.513,2.554,2.558,2.513
2022-09-13,2.553,2.531,2.558,2.523
2022-09-14,2.515,2.505,2.538,2.501
2022-09-15,2.519,2.517,2.552,2.481
2022-09-16,2.511,2.427,2.514,2.42
2022-09-19,2.42,2.427,2.444,2.4
2022-09-20,2.437,2.424,2.448,2.419
2022-09-21,2.419,2.451,2.46,2.406
2022-09-22,2.442,2.463,2.469,2.436
2022-09-23,2.46,2.439,2.482,2.431
2022-09-26,2.43,2.391,2.443,2.384
2022-09-27,2.391,2.407,2.409,2.352
2022-09-28,2.407,2.386,2.411,2.379
2022-09-29,2.395,2.381,2.419,2.367
2022-09-30,2.381,2.406,2.422,2.378
2022-10-10,2.407,2.411,2.46,2.406
2022-10-11,2.411,2.401,2.417,2.376
2022-10-12,2.4,2.436,2.437,2.372
2022-10-13,2.432,2.39,2.432,2.371
2022-10-14,2.394,2.422,2.433,2.394
2022-10-17,2.422,2.413,2.422,2.371
2022-10-18,2.411,2.408,2.425,2.396
2022-10-19,2.407,2.405,2.426,2.396
2022-10-20,2.401,2.379,2.401,2.371
2022-10-21,2.379,2.392,2.408,2.379
2022-10-24,2.391,2.34,2.399,2.325
2022-10-25,2.341,2.312,2.346,2.292
2022-10-26,2.311,2.295,2.326,2.286
2022-10-27,2.296,2.309,2.323,2.295
2022-10-28,2.306,2.26,2.306,2.249
2022-10-31,2.26,2.193,2.261,2.184
2022-11-01,2.194,2.213,2.213,2.171
2022-11-02,2.213,2.246,2.252,2.197
2022-11-03,2.235,2.227,2.241,2.217
2022-11-04,2.227,2.275,2.29,2.227
2022-11-07,2.275,2.3,2.311,2.269
2022-11-08,2.3,2.3,2.308,2.29
2022-11-09,2.3,2.298,2.326,2.297
2022-11-10,2.293,2.305,2.316,2.262
2022-11-11,2.344,2.367,2.384,2.333
2022-11-14,2.396,2.356,2.418,2.346
2022-11-15,2.356,2.366,2.369,2.334
2022-11-16,2.366,2.357,2.369,2.353
2022-11-17,2.356,2.336,2.356,2.318
2022-11-18,2.336,2.323,2.337,2.317
2022-11-21,2.314,2.312,2.317,2.285
2022-11-22,2.312,2.331,2.351,2.311
2022-11-23,2.33,2.347,2.362,2.326
2022-11-24,2.359,2.363,2.366,2.343
2022-11-25,2.362,2.412,2.416,2.359
2022-11-28,2.392,2.394,2.402,2.364
2022-11-29,2.431,2.48,2.482,2.416
2022-11-30,2.474,2.46,2.509,2.45
2022-12-01,2.484,2.439,2.49,2.436
2022-12-02,2.439,2.418,2.439,2.401
2022-12-05,2.429,2.471,2.48,2.429
2022-12-06,2.468,2.459,2.469,2.445
2022-12-07,2.452,2.444,2.464,2.431
2022-12-08,2.443,2.459,2.468,2.435
2022-12-09,2.457,2.466,2.471,2.446
2022-12-12,2.454,2.404,2.457,2.403
2022-12-13,2.404,2.418,2.428,2.399
2022-12-14,2.418,2.412,2.42,2.406
2022-12-15,2.41,2.377,2.411,2.369
2022-12-16,2.372,2.399,2.414,2.366
2022-12-19,2.399,2.36,2.41,2.344
2022-12-20,2.36,2.326,2.361,2.311
2022-12-21,2.328,2.329,2.345,2.316
2022-12-22,2.336,2.307,2.352,2.298
2022-12-23,2.306,2.297,2.315,2.289
2022-12-26,2.297,2.29,2.302,2.288
2022-12-27,2.292,2.318,2.323,2.292
2022-12-28,2.318,2.324,2.329,2.3
2022-12-29,2.322,2.295,2.322,2.287
2022-12-30,2.296,2.309,2.311,2.292
2023-01-03,2.31,2.322,2.329,2.3
2023-01-04,2.322,2.343,2.351,2.315
2023-01-05,2.346,2.348,2.354,2.338
2023-01-06,2.348,2.343,2.35,2.338
2023-01-09,2.347,2.345,2.353,2.336
2023-01-10,2.346,2.329,2.35,2.324
2023-01-11,2.329,2.351,2.357,2.327
2023-01-12,2.351,2.338,2.352,2.328
2023-01-13,2.339,2.353,2.356,2.339
2023-01-16,2.404,2.372,2.404,2.354
2023-01-17,2.372,2.364,2.376,2.36
2023-01-18,2.364,2.367,2.375,2.364
2023-01-19,2.368,2.373,2.374,2.359
2023-01-20,2.374,2.401,2.402,2.374
2023-01-30,2.417,2.385,2.433,2.384
2023-01-31,2.385,2.393,2.394,2.38
2023-02-01,2.393,2.397,2.399,2.38
2023-02-02,2.397,2.401,2.407,2.386
2023-02-03,2.399,2.383,2.4,2.37
2023-02-06,2.376,2.368,2.376,2.361
2023-02-07,2.368,2.379,2.386,2.368
2023-02-08,2.381,2.372,2.386,2.37
2023-02-09,2.37,2.381,2.384,2.365
2023-02-10,2.382,2.384,2.389,2.376
2023-02-13,2.384,2.389,2.39,2.371
2023-02-14,2.388,2.406,2.407,2.388
2023-02-15,2.406,2.393,2.407,2.389
2023-02-16,2.393,2.378,2.411,2.364
2023-02-17,2.383,2.383,2.398,2.375
2023-02-20,2.383,2.427,2.428,2.383
2023-02-21,2.432,2.463,2.47,2.432
2023-02-22,2.463,2.467,2.473,2.444
2023-02-23,2.478,2.478,2.494,2.466
2023-02-24,2.477,2.47,2.48,2.453
2023-02-27,2.464,2.475,2.491,2.464
2023-02-28,2.475,2.482,2.482,2.461
2023-03-01,2.483,2.499,2.5,2.482
2023-03-02,2.499,2.513,2.526,2.494
2023-03-03,2.514,2.528,2.532,2.505
2023-03-06,2.529,2.514,2.534,2.511
2023-03-07,2.513,2.507,2.554,2.504
2023-03-08,2.504,2.505,2.506,2.485
2023-03-09,2.506,2.501,2.523,2.499
2023-03-10,2.498,2.461,2.498,2.454
2023-03-13,2.457,2.494,2.494,2.454
2023-03-14,2.494,2.479,2.507,2.467
2023-03-15,2.483,2.503,2.509,2.47
2023-03-16,2.494,2.482,2.508,2.478
2023-03-17,2.485,2.501,2.514,2.485
2023-03-20,2.501,2.488,2.525,2.486
2023-03-21,2.49,2.48,2.498,2.471
2023-03-22,2.484,2.494,2.505,2.477
2023-03-23,2.493,2.496,2.499,2.48
2023-03-24,2.499,2.478,2.501,2.474
2023-03-27,2.478,2.457,2.478,2.444
2023-03-28,2.459,2.462,2.47,2.45
2023-03-29,2.464,2.46,2.474,2.455
2023-03-30,2.459,2.471,2.472,2.442
2023-03-31,2.473,2.478,2.489,2.468
2023-04-03,2.478,2.499,2.502,2.478
2023-04-04,2.497,2.512,2.519,2.491
2023-04-06,2.512,2.495,2.512,2.493
2023-04-07,2.494,2.496,2.506,2.489
2023-04-10,2.496,2.493,2.497,2.485
2023-04-11,2.493,2.516,2.516,2.487
2023-04-12,2.518,2.55,2.551,2.518
2023-04-13,2.548,2.557,2.57,2.545
2023-04-14,2.557,2.549,2.563,2.538
2023-04-17,2.546,2.583,2.584,2.536
2023-04-18,2.581,2.602,2.603,2.574
2023-04-19,2.6,2.597,2.609,2.59
2023-04-20,2.594,2.593,2.605,2.568
2023-04-21,2.593,2.576,2.622,2.575
2023-04-24,2.577,2.571,2.588,2.564
2023-04-25,2.572,2.593,2.597,2.554
2023-04-26,2.583,2.599,2.616,2.554
2023-04-27,2.598,2.607,2.621,2.583
2023-04-28,2.6,2.643,2.645,2.597
2023-05-04,2.636,2.714,2.719,2.626
2023-05-05,2.722,2.742,2.763,2.703
2023-05-08,2.739,2.833,2.847,2.732
2023-05-09,2.833,2.795,2.869,2.792
2023-05-10,2.784,2.727,2.796,2.716
2023-05-11,2.729,2.72,2.748,2.709
2023-05-12,2.72,2.707,2.747,2.694
2023-05-15,2.706,2.7,2.707,2.63
2023-05-16,2.697,2.68,2.722,2.675
2023-05-17,2.68,2.667,2.689,2.655
2023-05-18,2.669,2.695,2.713,2.668
2023-05-19,2.682,2.652,2.682,2.648
2023-05-22,2.649,2.642,2.66,2.629
2023-05-23,2.64,2.604,2.65,2.604
2023-05-24,2.602,2.562,2.602,2.558
2023-05-25,2.558,2.547,2.562,2.516
2023-05-26,2.544,2.575,2.583,2.53
2023-05-29,2.583,2.606,2.628,2.565
2023-05-30,2.6,2.605,2.613,2.564
2023-05-31,2.596,2.572,2.602,2.566
2023-06-01,2.574,2.569,2.595,2.555
2023-06-02,2.571,2.568,2.584,2.561
2023-06-05,2.569,2.586,2.589,2.557
2023-06-06,2.586,2.576,2.622,2.566
2023-06-07,2.575,2.607,2.612,2.56
2023-06-08,2.605,2.644,2.652,2.59
2023-06-09,2.642,2.625,2.643,2.616
2023-06-12,2.625,2.594,2.625,2.59
2023-06-13,2.588,2.587,2.601,2.582
2023-06-14,2.587,2.569,2.609,2.568
2023-06-15,2.572,2.578,2.581,2.564
2023-06-16,2.578,2.573,2.585,2.572
2023-06-19,2.573,2.536,2.574,2.534
2023-06-20,2.534,2.509,2.535,2.506
2023-06-21,2.508,2.492,2.522,2.489
2023-06-26,2.484,2.446,2.484,2.445
2023-06-27,2.446,2.499,2.504,2.446
2023-06-28,2.495,2.519,2.522,2.489
2023-06-29,2.518,2.517,2.527,2.502
2023-06-30,2.515,2.522,2.532,2.513
2023-07-03,2.524,2.557,2.559,2.524
2023-07-04,2.554,2.534,2.554,2.52
2023-07-05,2.528,2.532,2.541,2.517
2023-07-06,2.532,2.525,2.541,2.518
2023-07-07,2.52,2.543,2.545,2.516
2023-07-10,2.544,2.55,2.556,2.538
2023-07-11,2.552,2.548,2.557,2.534
2023-07-12,2.55,2.53,2.553,2.524
2023-07-13,2.534,2.561,2.565,2.532
2023-07-14,2.563,2.576,2.586,2.562
2023-07-17,2.567,2.559,2.567,2.544
2023-07-18,2.558,2.552,2.565,2.544
2023-07-19,2.549,2.571,2.572,2.549
2023-07-20,2.571,2.562,2.58,2.556
2023-07-21,2.558,2.562,2.568,2.551
2023-07-24,2.554,2.56,2.572,2.545
2023-07-25,2.577,2.602,2.603,2.577
2023-07-26,2.603,2.609,2.615,2.599
2023-07-27,2.608,2.618,2.642,2.603
2023-07-28,2.612,2.67,2.677,2.611
2023-07-31,2.685,2.69,2.718,2.677
2023-08-01,2.689,2.694,2.709,2.68
2023-08-02,2.692,2.655,2.692,2.649
2023-08-03,2.647,2.671,2.672,2.635
2023-08-04,2.681,2.66,2.696,2.657
2023-08-07,2.656,2.632,2.656,2.623
2023-08-08,2.626,2.627,2.643,2.617
2023-08-09,2.627,2.617,2.627,2.614
2023-08-10,2.617,2.638,2.649,2.613
2023-08-11,2.638,2.596,2.645,2.595
2023-08-14,2.581,2.59,2.596,2.556
2023-08-15,2.59,2.614,2.62,2.581
2023-08-16,2.609,2.613,2.627,2.59
2023-08-17,2.597,2.612,2.613,2.584
2023-08-18,2.608,2.613,2.642,2.607
2023-08-21,2.613,2.588,2.618,2.584
2023-08-22,2.589,2.606,2.615,2.577
2023-08-23,2.603,2.612,2.642,2.6
2023-08-24,2.612,2.596,2.623,2.591
2023-08-25,2.594,2.599,2.617,2.585
2023-08-28,2.734,2.641,2.752,2.631
2023-08-29,2.633,2.641,2.648,2.619
2023-08-30,2.641,2.611,2.641,2.6
2023-08-31,2.608,2.578,2.618,2.572
2023-09-01,2.579,2.606,2.612,2.579
2023-09-04,2.616,2.652,2.659,2.616
2023-09-05,2.652,2.628,2.652,2.618
2023-09-06,2.62,2.625,2.633,2.609
2023-09-07,2.624,2.617,2.641,2.615
2023-09-08,2.609,2.598,2.613,2.591
2023-09-11,2.599,2.619,2.623,2.598
2023-09-12,2.617,2.614,2.622,2.61
2023-09-13,2.617,2.629,2.641,2.617
2023-09-14,2.628,2.667,2.67,2.621
2023-09-15,2.669,2.669,2.694,2.656
2023-09-18,2.668,2.671,2.671,2.638
2023-09-19,2.669,2.692,2.697,2.666
2023-09-20,2.69,2.7,2.705,2.679
2023-09-21,2.691,2.681,2.707,2.679
2023-09-22,2.667,2.695,2.696,2.666
2023-09-25,2.691,2.689,2.709,2.679
2023-09-26,2.685,2.676,2.694,2.672
2023-09-27,2.675,2.665,2.681,2.659
2023-09-28,2.668,2.661,2.674,2.66
2023-10-09,2.661,2.656,2.662,2.626
2023-10-10,2.656,2.627,2.662,2.625
2023-10-11,2.631,2.618,2.635,2.61
2023-10-12,2.627,2.644,2.65,2.625
2023-10-13,2.63,2.64,2.649,2.621
2023-10-16,2.642,2.659,2.66,2.634
2023-10-17,2.657,2.655,2.66,2.643
2023-10-18,2.652,2.632,2.655,2.631
2023-10-19,2.623,2.587,2.627,2.584
2023-10-20,2.583,2.564,2.583,2.554
2023-10-23,2.563,2.534,2.567,2.519
2023-10-24,2.552,2.555,2.556,2.534
2023-10-25,2.571,2.578,2.587,2.565
2023-10-26,2.571,2.588,2.591,2.559
2023-10-27,2.588,2.599,2.611,2.582
2023-10-30,2.593,2.558,2.594,2.554
2023-10-31,2.556,2.566,2.567,2.545
2023-11-01,2.567,2.563,2.569,2.548
2023-11-02,2.563,2.572,2.582,2.561
2023-11-03,2.572,2.558,2.58,2.554
2023-11-06,2.558,2.539,2.562,2.532
2023-11-07,2.536,2.541,2.544,2.524
2023-11-08,2.537,2.54,2.547,2.529
2023-11-09,2.54,2.565,2.567,2.537
2023-11-10,2.555,2.557,2.563,2.541
2023-11-13,2.561,2.562,2.567,2.539
2023-11-14,2.562,2.552,2.565,2.544
2023-11-15,2.564,2.561,2.568,2.554
2023-11-16,2.561,2.563,2.569,2.552
2023-11-17,2.558,2.553,2.561,2.543
2023-11-20,2.554,2.557,2.562,2.546
2023-11-21,2.56,2.573,2.591,2.559
2023-11-22,2.567,2.565,2.584,2.565
2023-11-23,2.565,2.585,2.589,2.562
2023-11-24,2.582,2.593,2.599,2.582
2023-11-27,2.586,2.584,2.59,2.571
2023-11-28,2.58,2.578,2.58,2.562
2023-11-29,2.578,2.565,2.583,2.56
2023-11-30,2.561,2.574,2.575,2.559
2023-12-01,2.574,2.586,2.589,2.571
2023-12-04,2.586,2.592,2.598,2.58
2023-12-05,2.588,2.556,2.588,2.554
2023-12-06,2.557,2.553,2.558,2.525
2023-12-07,2.55,2.554,2.562,2.537
2023-12-08,2.554,2.555,2.566,2.539
2023-12-11,2.547,2.581,2.584,2.505
2023-12-12,2.575,2.593,2.594,2.564
2023-12-13,2.587,2.571,2.594,2.57
2023-12-14,2.581,2.579,2.59,2.564
2023-12-15,2.582,2.562,2.586,2.556
2023-12-18,2.556,2.559,2.574,2.546
2023-12-19,2.555,2.551,2.558,2.539
2023-12-20,2.554,2.549,2.571,2.545
2023-12-21,2.543,2.529,2.543,2.513
2023-12-22,2.53,2.525,2.543,2.517
2023-12-25,2.521,2.523,2.524,2.502
2023-12-26,2.522,2.506,2.541,2.503
2023-12-27,2.504,2.518,2.519,2.491
2023-12-28,2.518,2.5,2.522,2.492
2023-12-29,2.5,2.515,2.519,2.491
2024-01-02,2.515,2.554,2.567,2.514
2024-01-03,2.552,2.594,2.598,2.549
2024-01-04,2.592,2.618,2.624,2.587
2024-01-05,2.614,2.628,2.671,2.61
2024-01-08,2.624,2.599,2.626,2.597
2024-01-09,2.598,2.622,2.626,2.575
2024-01-10,2.61,2.607,2.629,2.603
2024-01-11,2.604,2.579,2.604,2.575
2024-01-12,2.579,2.594,2.601,2.574
2024-01-15,2.584,2.608,2.609,2.574
2024-01-16,2.606,2.618,2.62,2.593
2024-01-17,2.616,2.581,2.626,2.577
2024-01-18,2.577,2.556,2.577,2.484
2024-01-19,2.551,2.534,2.559,2.525
2024-01-22,2.534,2.465,2.536,2.426
2024-01-23,2.494,2.483,2.494,2.425
2024-01-24,2.488,2.551,2.56,2.481
2024-01-25,2.551,2.623,2.625,2.551
2024-01-26,2.62,2.664,2.67,2.616
2024-01-29,2.668,2.679,2.702,2.665
2024-01-30,2.665,2.645,2.693,2.64
2024-01-31,2.639,2.649,2.675,2.628
2024-02-01,2.638,2.619,2.641,2.609
2024-02-02,2.617,2.627,2.668,2.566
2024-02-05,2.611,2.633,2.655,2.576
2024-02-06,2.625,2.675,2.692,2.603
2024-02-07,2.674,2.719,2.721,2.646
2024-02-08,2.718,2.72,2.743,2.703
2024-02-19,2.722,2.79,2.794,2.698
2024-02-20,2.778,2.834,2.842,2.771
2024-02-21,2.826,2.827,2.869,2.817
2024-02-22,2.822,2.885,2.887,2.82
2024-02-23,2.883,2.867,2.902,2.856
2024-02-26,2.866,2.798,2.866,2.785
2024-02-27,2.786,2.815,2.824,2.776
2024-02-28,2.815,2.809,2.84,2.791
2024-02-29,2.791,2.827,2.829,2.787
2024-03-01,2.821,2.822,2.84,2.813
2024-03-04,2.823,2.849,2.851,2.808
2024-03-05,2.843,2.87,2.872,2.834
2024-03-06,2.866,2.868,2.896,2.863
2024-03-07,2.868,2.887,2.908,2.866
2024-03-08,2.888,2.904,2.91,2.869
2024-03-11,2.902,2.872,2.905,2.848
2024-03-12,2.866,2.801,2.866,2.787
2024-03-13,2.792,2.783,2.793,2.756
2024-03-14,2.774,2.792,2.798,2.766
2024-03-15,2.785,2.786,2.791,2.759
2024-03-18,2.783,2.769,2.783,2.755
2024-03-19,2.769,2.767,2.791,2.762
2024-03-20,2.766,2.773,2.782,2.746
2024-03-21,2.772,2.777,2.785,2.759
2024-03-22,2.775,2.783,2.785,2.756
2024-03-25,2.778,2.793,2.824,2.762
2024-03-26,2.787,2.776,2.795,2.758
2024-03-27,2.772,2.775,2.799,2.767
2024-03-28,2.773,2.767,2.777,2.745
2024-03-29,2.764,2.787,2.79,2.755
2024-04-01,2.785,2.782,2.787,2.772
2024-04-02,2.782,2.803,2.81,2.781
2024-04-03,2.803,2.84,2.842,2.799
2024-04-08,2.836,2.85,2.876,2.818
2024-04-09,2.847,2.835,2.863,2.819
2024-04-10,2.835,2.846,2.866,2.83
2024-04-11,2.838,2.886,2.901,2.833
2024-04-12,2.879,2.879,2.897,2.867
2024-04-15,2.88,2.945,2.947,2.871
2024-04-16,2.944,2.959,2.985,2.918
2024-04-17,2.941,2.992,2.997,2.918
2024-04-18,2.991,3.001,3.035,2.985
2024-04-19,2.989,3.023,3.04,2.982
2024-04-22,3.021,2.936,3.033,2.935
2024-04-23,2.922,2.888,2.931,2.877
2024-04-24,2.888,2.889,2.894,2.855
2024-04-25,2.881,2.908,2.909,2.876
2024-04-26,2.902,2.879,2.919,2.858
2024-04-29,2.865,2.845,2.868,2.815
2024-04-30,2.839,2.858,2.876,2.837
2024-05-06,2.863,2.875,2.876,2.843
2024-05-07,2.871,2.875,2.88,2.858
2024-05-08,2.873,2.897,2.907,2.869
2024-05-09,2.895,2.908,2.913,2.887
2024-05-10,2.905,2.927,2.927,2.897
2024-05-13,2.922,2.931,2.935,2.888
2024-05-14,2.926,2.918,2.929,2.899
2024-05-15,2.914,2.917,2.936,2.901
2024-05-16,2.916,2.924,2.938,2.914
2024-05-17,2.924,2.945,2.948,2.911
2024-05-20,2.943,2.984,2.992,2.943
2024-05-21,2.976,3.0,3.007,2.974
2024-05-22,3.001,3.0,3.032,2.999
2024-05-23,2.99,2.958,2.995,2.951
2024-05-24,2.954,2.953,2.992,2.946
2024-05-27,2.955,3.01,3.01,2.955
2024-05-28,3.005,3.001,3.018,2.988
2024-05-29,2.995,3.004,3.031,2.989
2024-05-30,2.994,2.981,3.022,2.972
2024-05-31,2.98,2.988,3.003,2.98
2024-06-03,2.983,2.957,2.984,2.941
2024-06-04,2.953,2.97,2.973,2.938
2024-06-05,2.968,2.932,2.974,2.928
2024-06-06,2.932,2.949,2.965,2.931
2024-06-07,2.947,2.976,2.977,2.947
2024-06-11,2.974,2.92,2.975,2.904
2024-06-12,2.914,2.961,2.965,2.899
2024-06-13,2.955,2.933,2.961,2.922
2024-06-14,2.932,2.938,2.947,2.921
2024-06-17,2.93,2.896,2.94,2.888
2024-06-18,2.896,2.903,2.908,2.873
2024-06-19,2.902,2.903,2.916,2.895
2024-06-20,2.901,2.909,2.917,2.896
2024-06-21,2.907,2.914,2.919,2.897
2024-06-24,2.906,2.872,2.906,2.858
2024-06-25,2.871,2.885,2.897,2.87
2024-06-26,2.884,2.893,2.896,2.867
2024-06-27,2.893,2.893,2.906,2.88
2024-06-28,2.891,2.916,2.924,2.884
2024-07-01,2.91,2.984,2.987,2.907
2024-07-02,2.982,2.986,2.995,2.96
2024-07-03,2.986,2.964,2.993,2.958
2024-07-04,2.964,2.95,2.978,2.944
2024-07-05,2.95,2.933,2.959,2.915
2024-07-08,2.932,2.922,2.942,2.915
2024-07-09,2.921,2.948,2.95,2.898
2024-07-10,2.942,2.882,2.943,2.878
2024-07-11,2.885,2.877,2.894,2.866
2024-07-12,2.877,2.873,2.895,2.866
2024-07-15,2.867,2.91,2.913,2.853
2024-07-16,2.906,2.897,2.913,2.883
2024-07-17,2.895,2.884,2.901,2.872
2024-07-18,2.881,2.888,2.889,2.852
2024-07-19,2.879,2.865,2.881,2.847
2024-07-22,2.858,2.833,2.858,2.806
2024-07-23,2.828,2.812,2.834,2.808
2024-07-24,2.809,2.814,2.822,2.796
2024-07-25,2.805,2.8,2.808,2.775
2024-07-26,2.796,2.782,2.803,2.766
2024-07-29,2.775,2.794,2.795,2.768
2024-07-30,2.79,2.779,2.791,2.767
2024-07-31,2.778,2.808,2.81,2.774
2024-08-01,2.808,2.811,2.821,2.799
2024-08-02,2.797,2.803,2.815,2.783
2024-08-05,2.797,2.762,2.803,2.758
2024-08-06,2.763,2.751,2.781,2.728
2024-08-07,2.74,2.763,2.778,2.738
2024-08-08,2.763,2.774,2.778,2.753
2024-08-09,2.774,2.763,2.78,2.759
2024-08-12,2.758,2.783,2.79,2.75
2024-08-13,2.779,2.784,2.791,2.765
2024-08-14,2.783,2.777,2.79,2.772
2024-08-15,2.775,2.806,2.813,2.768
2024-08-16,2.806,2.811,2.818,2.798
2024-08-19,2.81,2.841,2.843,2.807
2024-08-20,2.843,2.806,2.845,2.791
2024-08-21,2.8,2.773,2.801,2.755
2024-08-22,2.771,2.776,2.789,2.765
2024-08-23,2.775,2.774,2.785,2.76
2024-08-26,2.771,2.758,2.774,2.741
2024-08-27,2.753,2.765,2.769,2.75
2024-08-28,2.76,2.752,2.773,2.743
2024-08-29,2.75,2.696,2.75,2.691
2024-08-30,2.694,2.705,2.727,2.671
2024-09-02,2.699,2.72,2.737,2.669
2024-09-03,2.718,2.693,2.728,2.674
2024-09-04,2.685,2.692,2.699,2.667
2024-09-05,2.689,2.694,2.703,2.681
2024-09-06,2.695,2.67,2.706,2.668
2024-09-09,2.661,2.615,2.663,2.606
2024-09-10,2.614,2.622,2.627,2.598
2024-09-11,2.617,2.558,2.617,2.545
2024-09-12,2.555,2.568,2.579,2.545
2024-09-13,2.566,2.56,2.591,2.557
2024-09-18,2.559,2.593,2.597,2.557
2024-09-19,2.594,2.588,2.601,2.564
2024-09-20,2.587,2.589,2.594,2.571
2024-09-23,2.585,2.62,2.627,2.58
2024-09-24,2.647,2.754,2.755,2.635
2024-09-25,2.801,2.8,2.864,2.794
2024-09-26,2.794,2.904,2.909,2.789
2024-09-27,2.939,2.893,2.968,2.853
2024-09-30,2.97,3.114,3.148,2.947
2024-10-08,3.446,3.119,3.446,3.031
2024-10-09,3.085,2.863,3.085,2.861
2024-10-10,2.863,2.985,3.06,2.863
2024-10-11,2.987,2.941,3.015,2.91
2024-10-14,2.953,3.027,3.049,2.953
2024-10-15,3.015,2.946,3.023,2.944
2024-10-16,2.928,2.994,3.015,2.924
2024-10-17,2.993,2.946,3.017,2.943
2024-10-18,2.94,2.967,3.002,2.896
2024-10-21,2.97,2.947,2.975,2.926
2024-10-22,2.947,2.959,2.973,2.933
2024-10-23,2.959,2.96,2.97,2.947
2024-10-24,2.954,2.941,2.956,2.931
2024-10-25,2.941,2.939,2.949,2.929
2024-10-28,2.936,2.96,2.961,2.929
2024-10-29,2.958,2.915,2.965,2.907
2024-10-30,2.915,2.88,2.92,2.861
2024-10-31,2.879,2.861,2.879,2.832
2024-11-01,2.855,2.89,2.908,2.851
2024-11-04,2.895,2.904,2.907,2.858
2024-11-05,2.903,2.933,2.933,2.894
2024-11-06,2.933,2.905,2.933,2.893
2024-11-07,2.896,2.974,2.975,2.892
2024-11-08,2.981,2.941,2.993,2.922
2024-11-11,2.935,2.908,2.935,2.887
2024-11-12,2.905,2.888,2.93,2.875
2024-11-13,2.885,2.908,2.911,2.877
2024-11-14,2.903,2.882,2.914,2.878
2024-11-15,2.875,2.885,2.91,2.87
2024-11-18,2.902,2.933,2.975,2.9
2024-11-19,2.933,2.924,2.944,2.895
2024-11-20,2.92,2.93,2.931,2.91
2024-11-21,2.925,2.933,2.937,2.92
2024-11-22,2.933,2.857,2.946,2.852
2024-11-25,2.857,2.863,2.888,2.848
2024-11-26,2.857,2.874,2.885,2.85
2024-11-27,2.874,2.904,2.906,2.84
2024-11-28,2.9,2.901,2.915,2.894
2024-11-29,2.9,2.916,2.929,2.9
2024-12-02,2.924,2.924,2.928,2.898
2024-12-03,2.917,2.956,2.96,2.908
2024-12-04,2.953,2.981,2.995,2.935
2024-12-05,2.979,2.974,2.985,2.967
2024-12-06,2.974,3.017,3.028,2.974
2024-12-09,3.017,3.025,3.045,3.003
2024-12-10,3.065,3.021,3.086,3.015
2024-12-11,3.017,3.034,3.04,3.015
2024-12-12,3.036,3.04,3.043,3.024
2024-12-13,3.037,3.003,3.037,2.995
2024-12-16,3.0,3.032,3.053,2.996
2024-12-17,3.023,3.027,3.051,3.017
2024-12-18,3.034,3.047,3.065,3.032
2024-12-19,3.035,3.007,3.036,2.993
2024-12-20,2.999,2.979,3.013,2.977
2024-12-23,2.975,2.993,3.017,2.975
2024-12-24,2.993,3.026,3.031,2.988
2024-12-25,3.026,3.041,3.049,3.02
2024-12-26,3.042,3.031,3.044,3.019
2024-12-27,3.023,3.03,3.032,2.997
2024-12-30,3.029,3.077,3.08,3.025
2024-12-31,3.078,3.066,3.103,3.06
2025-01-02,3.066,2.994,3.083,2.97
2025-01-03,2.997,2.963,3.005,2.953
2025-01-06,2.958,2.963,2.964,2.925
2025-01-07,2.962,2.949,2.962,2.915
2025-01-08,2.94,2.943,2.958,2.909
2025-01-09,2.937,2.899,2.937,2.895
2025-01-10,2.9,2.866,2.908,2.865
2025-01-13,2.855,2.839,2.867,2.825
2025-01-14,2.84,2.889,2.894,2.838
2025-01-15,2.889,2.898,2.926,2.884
2025-01-16,2.903,2.928,2.934,2.903
2025-01-17,2.925,2.911,2.927,2.896
2025-01-20,2.911,2.9,2.921,2.895
2025-01-21,2.91,2.884,2.912,2.874
2025-01-22,2.884,2.86,2.884,2.853
2025-01-23,2.876,2.909,2.92,2.876
2025-01-24,2.902,2.924,2.934,2.888
2025-01-27,2.924,2.962,2.971,2.924
2025-02-05,2.963,2.9,2.968,2.893
2025-02-06,2.898,2.898,2.906,2.877
2025-02-07,2.898,2.911,2.918,2.88
2025-02-10,2.907,2.904,2.909,2.894
2025-02-11,2.904,2.917,2.918,2.902
2025-02-12,2.918,2.919,2.921,2.902
2025-02-13,2.917,2.922,2.931,2.914
2025-02-14,2.921,2.925,2.927,2.908
2025-02-17,2.925,2.912,2.928,2.899
2025-02-18,2.91,2.91,2.928,2.9
2025-02-19,2.905,2.892,2.907,2.887
2025-02-20,2.887,2.879,2.89,2.877
2025-02-21,2.88,2.857,2.884,2.852
2025-02-24,2.856,2.853,2.859,2.838
2025-02-25,2.848,2.832,2.857,2.829
2025-02-26,2.832,2.858,2.865,2.832
2025-02-27,2.859,2.885,2.885,2.853
2025-02-28,2.884,2.867,2.896,2.864
2025-03-03,2.867,2.854,2.876,2.853
2025-03-04,2.854,2.853,2.859,2.84
2025-03-05,2.853,2.861,2.861,2.841
2025-03-06,2.861,2.855,2.864,2.842
2025-03-07,2.853,2.854,2.864,2.849
2025-03-10,2.852,2.858,2.859,2.842
2025-03-11,2.85,2.879,2.88,2.843
2025-03-12,2.879,2.875,2.883,2.868
2025-03-13,2.871,2.903,2.904,2.87
2025-03-14,2.9,2.925,2.934,2.898
2025-03-17,2.926,2.934,2.938,2.92
2025-03-18,2.934,2.922,2.936,2.911
2025-03-19,2.918,2.923,2.927,2.908
2025-03-20,2.923,2.918,2.934,2.915
2025-03-21,2.915,2.912,2.937,2.9
2025-03-24,2.911,2.935,2.937,2.911
2025-03-25,2.93,2.957,2.957,2.929
2025-03-26,2.953,2.958,2.96,2.941
2025-03-27,2.957,2.956,2.962,2.948
2025-03-28,2.952,2.939,2.956,2.931
2025-03-31,2.936,2.93,2.952,2.924
2025-04-01,2.928,2.954,2.955,2.927
2025-04-02,2.954,2.969,2.973,2.949
2025-04-03,2.955,2.974,2.977,2.946
2025-04-07,2.907,2.795,2.91,2.732
2025-04-08,2.796,2.86,2.86,2.795
2025-04-09,2.84,2.864,2.869,2.802
2025-04-10,2.877,2.895,2.905,2.867
2025-04-11,2.887,2.88,2.888,2.87
2025-04-14,2.88,2.908,2.912,2.877
2025-04-15,2.908,2.923,2.924,2.901
2025-04-16,2.92,2.939,2.941,2.913
2025-04-17,2.935,2.932,2.935,2.918
2025-04-18,2.924,2.934,2.937,2.923
2025-04-21,2.932,2.924,2.951,2.922
2025-04-22,2.921,2.934,2.939,2.92
2025-04-23,2.934,2.918,2.937,2.915
2025-04-24,2.917,2.931,2.938,2.912
2025-04-25,2.929,2.928,2.936,2.921
2025-04-28,2.927,2.931,2.934,2.917
2025-04-29,2.928,2.919,2.933,2.914
2025-04-30,2.919,2.895,2.919,2.891
2025-05-06,2.897,2.887,2.9,2.877
2025-05-07,2.9,2.906,2.912,2.893
2025-05-08,2.906,2.91,2.916,2.897
2025-05-09,2.908,2.927,2.931,2.907
2025-05-12,2.93,2.94,2.941,2.924
2025-05-13,2.947,2.962,2.964,2.94
2025-05-14,2.958,2.99,2.991,2.952
2025-05-15,2.989,2.981,3.002,2.98
2025-05-16,2.975,2.963,2.98,2.947
2025-05-19,2.963,2.974,2.978,2.961
2025-05-20,2.975,2.978,2.984,2.969
2025-05-21,2.978,3.007,3.015,2.977
2025-05-22,3.004,3.008,3.014,2.994
2025-05-23,3.009,2.98,3.025,2.979
2025-05-26,2.976,2.964,2.985,2.959
2025-05-27,2.962,2.952,2.971,2.944
2025-05-28,2.952,2.957,2.96,2.943
2025-05-29,2.957,2.965,2.967,2.954
2025-05-30,2.961,2.979,2.98,2.961
2025-06-03,2.975,2.991,2.996,2.96
2025-06-04,2.992,2.999,2.999,2.981
2025-06-05,2.997,2.981,3.006,2.973
2025-06-06,2.981,2.981,2.995,2.977
2025-06-09,2.981,2.985,2.986,2.967
2025-06-10,2.982,2.99,3.005,2.975
2025-06-11,2.988,2.999,3.001,2.986
2025-06-12,2.999,2.997,3.0,2.99
2025-06-13,2.996,2.982,3.0,2.976
2025-06-16,2.978,2.988,2.989,2.974
2025-06-17,2.988,2.991,2.995,2.983
2025-06-18,2.989,2.995,2.997,2.979
2025-06-19,2.994,2.981,2.994,2.975
2025-06-20,2.981,2.997,3.002,2.981
2025-06-23,2.993,3.01,3.016,2.975
2025-06-24,3.002,3.014,3.017,2.996
2025-06-25,3.015,3.03,3.035,3.004
2025-06-26,3.027,3.037,3.042,3.022
2025-06-27,3.036,3.011,3.05,3.004
2025-06-30,3.005,3.009,3.012,2.997
2025-07-01,3.009,3.032,3.033,3.008
2025-07-02,3.034,3.056,3.057,3.032
2025-07-03,3.054,3.055,3.064,3.045
2025-07-04,3.054,3.079,3.09,3.053
2025-07-07,3.076,3.092,3.092,3.064
2025-07-08,3.089,3.086,3.099,3.075
2025-07-09,3.085,3.102,3.109,3.083
2025-07-10,3.101,3.128,3.134,3.1
2025-07-11,3.127,3.107,3.144,3.107
2025-07-14,3.104,3.129,3.141,3.103
2025-07-15,3.125,3.09,3.129,3.083
2025-07-16,3.089,3.078,3.091,3.062
2025-07-17,3.076,3.069,3.082,3.061
2025-07-18,3.069,3.083,3.085,3.068
2025-07-21,3.083,3.104,3.105,3.082
2025-07-22,3.104,3.157,3.162,3.081
2025-07-23,3.171,3.154,3.186,3.151
2025-07-24,3.151,3.164,3.165,3.132
2025-07-25,3.161,3.15,3.182,3.145
2025-07-28,3.139,3.117,3.139,3.107
2025-07-29,3.108,3.108,3.116,3.091
2025-07-30,3.107,3.119,3.139,3.106
2025-07-31,3.108,3.068,3.112,3.053
2025-08-01,3.067,3.065,3.079,3.053
2025-08-04,3.052,3.079,3.081,3.051
2025-08-05,3.08,3.111,3.113,3.075
2025-08-06,3.112,3.124,3.127,3.109
2025-08-07,3.124,3.136,3.141,3.112
2025-08-08,3.132,3.135,3.145,3.127
2025-08-11,3.134,3.117,3.14,3.114
2025-08-12,3.117,3.135,3.149,3.117
2025-08-13,3.135,3.115,3.139,3.112
2025-08-14,3.115,3.094,3.122,3.091
2025-08-15,3.09,3.088,3.09,3.066
2025-08-18,3.087,3.08,3.093,3.071
2025-08-19,3.078,3.074,3.08,3.069
2025-08-20,3.071,3.097,3.098,3.063
2025-08-21,3.097,3.113,3.115,3.088
2025-08-22,3.115,3.11,3.115,3.083
2025-08-25,3.111,3.13,3.131,3.1
2025-08-26,3.127,3.118,3.13,3.117
2025-08-27,3.115,3.065,3.116,3.062
2025-08-28,3.062,3.062,3.071,3.033
2025-08-29,3.058,3.046,3.084,3.043
2025-09-01,3.045,3.028,3.055,3.021
2025-09-02,3.028,3.043,3.044,3.022
2025-09-03,3.042,3.01,3.045,3.005
2025-09-04,3.006,3.029,3.032,2.979
2025-09-05,3.023,3.019,3.024,3.001
2025-09-08,3.017,3.025,3.028,3.009
2025-09-09,3.025,3.027,3.031,3.012
2025-09-10,3.024,3.026,3.029,3.013
2025-09-11,3.024,3.031,3.031,3.007
2025-09-12,3.028,3.016,3.035,3.011
2025-09-15,3.013,2.999,3.013,2.992
2025-09-16,3.002,2.992,3.016,2.988
2025-09-17,2.991,3.006,3.01,2.982
2025-09-18,3.007,2.953,3.007,2.939
2025-09-19,2.953,2.97,2.971,2.934
2025-09-22,2.969,2.944,2.97,2.937
2025-09-23,2.944,2.962,2.964,2.927
2025-09-24,2.957,2.968,2.979,2.95
2025-09-25,2.963,2.954,2.965,2.94
2025-09-26,2.952,2.955,2.961,2.937
2025-09-29,2.948,2.95,2.962,2.929
2025-09-30,2.948,2.939,2.949,2.93
2025-10-09,2.939,2.96,2.96,2.925
2025-10-10,2.957,2.993,2.998,2.948
2025-10-13,2.982,2.997,3.002,2.951
2025-10-14,2.996,3.061,3.062,2.983
2025-10-15,3.06,3.064,3.072,3.044
2025-10-16,3.058,3.096,3.101,3.054
2025-10-17,3.096,3.086,3.125,3.081
2025-10-20,3.086,3.113,3.115,3.057
2025-10-21,3.1,3.105,3.11,3.085
2025-10-22,3.098,3.11,3.113,3.095
2025-10-23,3.105,3.135,3.14,3.105
2025-10-24,3.122,3.116,3.13,3.111
2025-10-27,3.11,3.129,3.143,3.092
2025-10-28,3.125,3.124,3.136,3.11
2025-10-29,3.122,3.106,3.122,3.087
2025-10-30,3.102,3.105,3.128,3.099
2025-10-31,3.104,3.097,3.105,3.082
2025-11-03,3.097,3.14,3.142,3.096
2025-11-04,3.14,3.17,3.184,3.137
2025-11-05,3.163,3.179,3.189,3.149
2025-11-06,3.172,3.183,3.192,3.159
2025-11-07,3.183,3.188,3.207,3.182
2025-11-10,3.185,3.213,3.215,3.174
2025-11-11,3.211,3.204,3.211,3.184
2025-11-12,3.202,3.217,3.232,3.202
2025-11-13,3.209,3.218,3.225,3.193
2025-11-14,3.213,3.205,3.238,3.203
2025-11-17,3.205,3.186,3.205,3.168
2025-11-18,3.181,3.141,3.184,3.13
2025-11-19,3.14,3.157,3.165,3.139
2025-11-20,3.156,3.157,3.19,3.152
2025-11-21,3.147,3.112,3.157,3.107
2025-11-24,3.11,3.084,3.122,3.084
2025-11-25,3.083,3.1,3.103,3.077
2025-11-26,3.097,3.083,3.109,3.08
2025-11-27,3.083,3.087,3.096,3.065
2025-11-28,3.087,3.087,3.089,3.072
2025-12-01,3.087,3.102,3.102,3.079
2025-12-02,3.101,3.106,3.107,3.093
2025-12-03,3.103,3.098,3.121,3.093
2025-12-04,3.095,3.085,3.105,3.081
2025-12-05,3.084,3.083,3.087,3.063
2025-12-08,3.082,3.067,3.084,3.05
2025-12-09,3.06,3.041,3.061,3.038
2025-12-10,3.043,3.028,3.048,3.017
2025-12-11,3.028,3.012,3.031,3.002
2025-12-12,3.012,2.999,3.016,2.992
2025-12-15,3.0,3.025,3.032,2.99
2025-12-16,3.024,2.997,3.024,2.992
2025-12-17,2.993,3.0,3.011,2.981
2025-12-18,3.0,3.032,3.037,2.997
2025-12-19,3.032,3.031,3.04,3.016
2025-12-22,3.031,3.016,3.031,3.012
2025-12-23,3.015,3.017,3.03,3.012
2025-12-24,3.017,3.022,3.023,3.003
2025-12-25,3.022,3.031,3.034,3.02
2025-12-26,3.027,3.044,3.044,3.024
2025-12-29,3.044,3.042,3.057,3.029
2025-12-30,3.036,3.045,3.051,3.028
2025-12-31,3.045,3.04,3.051,3.032
2026-01-05,3.04,3.037,3.05,3.027
2026-01-06,3.037,3.075,3.076,3.029
2026-01-07,3.075,3.089,3.089,3.059
2026-01-08,3.087,3.078,3.088,3.07
2026-01-09,3.078,3.091,3.092,3.073
2026-01-12,3.09,3.088,3.094,3.071
2026-01-13,3.085,3.086,3.102,3.081
2026-01-14,3.085,3.056,3.093,3.054
2026-01-15,3.056,3.045,3.066,3.04
2026-01-16,3.046,3.02,3.057,3.012
2026-01-19,3.02,3.036,3.037,3.011
2026-01-20,3.037,3.074,3.075,3.032
2026-01-21,3.078,3.057,3.079,3.052
2026-01-22,3.059,3.077,3.08,3.055
2026-01-23,3.081,3.069,3.082,3.059
2026-01-26,3.069,3.106,3.109,3.064
2026-01-27,3.106,3.081,3.113,3.075
2026-01-28,3.082,3.132,3.148,3.072
2026-01-29,3.134,3.166,3.168,3.12
2026-01-30,3.165,3.144,3.196,3.124
2026-02-02,3.137,3.046,3.138,3.042
2026-02-03,3.049,3.051,3.064,3.028
2026-02-04,3.056,3.15,3.153,3.056
2026-02-05,3.132,3.136,3.143,3.112
2026-02-06,3.11,3.126,3.141,3.1
2026-02-09,3.126,3.144,3.146,3.125
2026-02-10,3.144,3.156,3.16,3.132
2026-02-11,3.153,3.183,3.192,3.143
2026-02-12,3.185,3.18,3.198,3.169
2026-02-13,3.17,3.137,3.175,3.134
2026-02-24,3.152,3.19,3.196,3.152
2026-02-25,3.19,3.194,3.237,3.187
2026-02-26,3.197,3.195,3.211,3.178
2026-02-27,3.193,3.232,3.237,3.19
2026-03-02,3.275,3.303,3.306,3.235
2026-03-03,3.306,3.367,3.404,3.296
2026-03-04,3.341,3.304,3.341,3.251
2026-03-05,3.283,3.291,3.312,3.255
2026-03-06,3.282,3.285,3.29,3.253
2026-03-09,3.347,3.309,3.373,3.308
2026-03-10,3.256,3.27,3.283,3.24
2026-03-11,3.263,3.313,3.317,3.24
2026-03-12,3.325,3.381,3.392,3.313
2026-03-13,3.38,3.364,3.408,3.358
2026-03-16,3.365,3.335,3.381,3.33
2026-03-17,3.325,3.309,3.349,3.308
2026-03-18,3.308,3.296,3.319,3.261
2026-03-19,3.306,3.305,3.329,3.296
2026-03-20,3.275,3.296,3.329,3.273
2026-03-23,3.305,3.234,3.306,3.226
2026-03-24,3.23,3.269,3.27,3.227
2026-03-25,3.25,3.256,3.257,3.21
2026-03-26,3.251,3.268,3.288,3.248
2026-03-27,3.267,3.267,3.283,3.243
2026-03-30,3.262,3.299,3.304,3.262
2026-03-31,3.293,3.251,3.314,3.248
2026-04-01,3.248,3.241,3.269,3.236
2026-04-02,3.24,3.258,3.27,3.238
2026-04-03,3.256,3.216,3.259,3.204
2026-04-07,3.217,3.228,3.232,3.196
2026-04-08,3.21,3.227,3.228,3.186
2026-04-09,3.222,3.212,3.232,3.202
2026-04-10,3.211,3.218,3.231,3.205
2026-04-13,3.225,3.223,3.233,3.202
2026-04-14,3.216,3.223,3.224,3.205
2026-04-15,3.221,3.24,3.242,3.206
2026-04-16,3.23,3.244,3.251,3.23
2026-04-17,3.24,3.218,3.244,3.216
2026-04-20,3.219,3.225,3.235,3.212
2026-04-21,3.224,3.265,3.273,3.222
2026-04-22,3.268,3.269,3.281,3.259
2026-04-23,3.269,3.293,3.294,3.253
2026-04-24,3.277,3.28,3.292,3.266
2026-04-27,3.27,3.275,3.293,3.264
2026-04-28,3.27,3.325,3.326,3.265
2026-04-29,3.315,3.347,3.36,3.313
2026-04-30,3.34,3.341,3.357,3.324
2026-05-06,3.335,3.341,3.342,3.3
2026-05-07,3.327,3.272,3.327,3.268
2026-05-08,3.273,3.261,3.292,3.25
2026-05-11,3.261,3.263,3.276,3.253
2026-05-12,3.26,3.257,3.284,3.255
2026-05-13,3.258,3.244,3.271,3.23
2026-05-14,3.244,3.223,3.246,3.222
2026-05-15,3.224,3.223,3.244,3.21
2026-05-18,3.22,3.217,3.234,3.2
2026-05-19,3.217,3.222,3.228,3.208
2026-05-20,3.222,3.215,3.23,3.208
2026-05-21,3.205,3.172,3.215,3.167
2026-05-22,3.173,3.156,3.175,3.138
2026-05-25,3.178,3.185,3.219,3.178
2026-05-26,3.178,3.186,3.192,3.163
2026-05-27,3.18,3.17,3.183,3.143
2026-05-28,3.163,3.17,3.193,3.157
2026-05-29,3.165,3.206,3.212,3.162
2026-06-01,3.212,3.307,3.315,3.206
2026-06-02,3.307,3.308,3.365,3.294
2026-06-03,3.29,3.324,3.339,3.264
2026-06-04,3.318,3.327,3.354,3.292
2026-06-05,3.314,3.321,3.355,3.311
2026-06-08,3.309,3.304,3.338,3.278
2026-06-09,3.28,3.291,3.3,3.266
2026-06-10,3.274,3.261,3.286,3.251
2026-06-11,3.268,3.26,3.283,3.248
2026-06-12,3.246,3.303,3.309,3.238
2026-06-15,3.291,3.249,3.295,3.239
2026-06-16,3.239,3.196,3.239,3.19
2026-06-17,3.198,3.16,3.198,3.15
2026-06-18,3.16,3.098,3.161,3.091
2026-06-22,3.099,3.125,3.127,3.058
2026-06-23,3.12,3.104,3.157,3.1
2026-06-24,3.105,3.048,3.107,3.047
2026-06-25,3.042,3.006,3.049,3.0
2026-06-26,3.006,2.954,3.013,2.949
2026-06-29,2.954,2.972,2.98,2.896
2026-06-30,2.97,2.916,2.97,2.901
2026-07-01,2.902,2.963,2.977,2.902
2026-07-02,2.968,2.993,3.024,2.963
2026-07-03,3.0,3.024,3.043,3.0
2026-07-06,3.018,3.089,3.091,3.007
2026-07-07,3.09,3.044,3.094,3.024
2026-07-08,3.045,3.08,3.103,3.031
2026-07-09,3.067,3.04,3.067,3.03
2026-07-10,3.025,3.045,3.057,3.008
2026-07-13,3.039,3.066,3.077,3.027
2026-07-14,3.07,3.138,3.148,3.065
2026-07-15,3.123,3.185,3.19,3.112
2026-07-16,3.178,3.146,3.207,3.139
2026-07-17,3.147,3.135,3.175,3.133
2026-07-20,3.14,3.242,3.248,3.139
2026-07-21,3.238,3.205,3.279,3.2
2026-07-22,3.201,3.253,3.257,3.181
2026-07-23,3.236,3.28,3.287,3.233
2026-07-24,3.279,3.223,3.296,3.223
2026-07-27,3.216,3.232,3.242,3.2
2026-07-28,3.219,3.232,3.235,3.189
2026-07-29,3.23,3.273,3.286,3.221
2026-07-30,3.274,3.312,3.313,3.274
2026-07-31,3.281,3.304,3.309,3.248
