date,open,close,high,low
2011-12-09,0.795,0.797,0.814,0.795
2011-12-12,0.79,0.79,0.803,0.79
2011-12-13,0.788,0.769,0.788,0.765
2011-12-14,0.768,0.757,0.777,0.757
2011-12-15,0.755,0.753,0.761,0.747
2011-12-16,0.75,0.781,0.784,0.748
2011-12-19,0.775,0.795,0.795,0.766
2011-12-20,0.795,0.78,0.8,0.78
2011-12-21,0.786,0.766,0.791,0.766
2011-12-22,0.756,0.757,0.768,0.73
2011-12-23,0.75,0.761,0.773,0.749
2011-12-26,0.759,0.755,0.773,0.751
2011-12-27,0.75,0.729,0.754,0.727
2011-12-28,0.72,0.719,0.724,0.703
2011-12-29,0.713,0.718,0.726,0.711
2011-12-30,0.723,0.729,0.732,0.722
2012-01-04,0.735,0.708,0.739,0.708
2012-01-05,0.705,0.672,0.705,0.666
2012-01-06,0.668,0.67,0.676,0.647
2012-01-09,0.667,0.696,0.698,0.658
2012-01-10,0.696,0.72,0.722,0.691
2012-01-11,0.717,0.723,0.731,0.711
2012-01-12,0.717,0.711,0.73,0.71
2012-01-13,0.709,0.668,0.711,0.666
2012-01-16,0.656,0.635,0.66,0.635
2012-01-17,0.635,0.666,0.67,0.627
2012-01-18,0.665,0.624,0.669,0.624
2012-01-19,0.619,0.635,0.639,0.615
2012-01-20,0.634,0.648,0.653,0.634
2012-01-30,0.649,0.655,0.663,0.645
2012-01-31,0.652,0.65,0.655,0.638
2012-02-01,0.651,0.653,0.666,0.648
2012-02-02,0.654,0.67,0.67,0.653
2012-02-03,0.669,0.682,0.685,0.664
2012-02-06,0.683,0.69,0.693,0.683
2012-02-07,0.683,0.675,0.685,0.671
2012-02-08,0.677,0.696,0.697,0.671
2012-02-09,0.694,0.701,0.708,0.693
2012-02-10,0.7,0.701,0.708,0.695
2012-02-13,0.694,0.718,0.721,0.691
2012-02-14,0.715,0.715,0.719,0.708
2012-02-15,0.714,0.726,0.727,0.708
2012-02-16,0.723,0.723,0.734,0.715
2012-02-17,0.726,0.719,0.728,0.71
2012-02-20,0.725,0.723,0.734,0.722
2012-02-21,0.721,0.738,0.739,0.716
2012-02-22,0.738,0.762,0.767,0.737
2012-02-23,0.765,0.76,0.768,0.75
2012-02-24,0.758,0.764,0.768,0.755
2012-02-27,0.764,0.763,0.774,0.761
2012-02-28,0.758,0.75,0.759,0.74
2012-02-29,0.745,0.737,0.751,0.734
2012-03-01,0.733,0.743,0.75,0.733
2012-03-02,0.744,0.759,0.759,0.743
2012-03-05,0.76,0.761,0.769,0.758
2012-03-06,0.756,0.752,0.76,0.744
2012-03-07,0.743,0.749,0.761,0.74
2012-03-08,0.75,0.765,0.766,0.75
2012-03-09,0.767,0.779,0.78,0.765
2012-03-12,0.783,0.786,0.787,0.779
2012-03-13,0.787,0.793,0.794,0.783
2012-03-14,0.8,0.756,0.802,0.751
2012-03-15,0.759,0.747,0.762,0.735
2012-03-16,0.749,0.767,0.769,0.747
2012-03-19,0.764,0.78,0.783,0.763
2012-03-20,0.775,0.756,0.776,0.755
2012-03-21,0.759,0.75,0.763,0.738
2012-03-22,0.75,0.752,0.759,0.743
2012-03-23,0.75,0.74,0.752,0.735
2012-03-26,0.738,0.739,0.744,0.732
2012-03-27,0.746,0.737,0.748,0.735
2012-03-28,0.733,0.7,0.733,0.699
2012-03-29,0.698,0.686,0.698,0.678
2012-03-30,0.686,0.683,0.69,0.677
2012-04-05,0.68,0.701,0.702,0.678
2012-04-06,0.7,0.703,0.708,0.695
2012-04-09,0.701,0.691,0.705,0.691
2012-04-10,0.691,0.7,0.701,0.675
2012-04-11,0.69,0.701,0.704,0.688
2012-04-12,0.701,0.718,0.718,0.699
2012-04-13,0.719,0.722,0.728,0.716
2012-04-16,0.715,0.719,0.723,0.713
2012-04-17,0.719,0.71,0.721,0.708
2012-04-18,0.713,0.728,0.73,0.712
2012-04-19,0.726,0.728,0.732,0.724
2012-04-20,0.726,0.729,0.732,0.723
2012-04-23,0.725,0.686,0.725,0.686
2012-04-24,0.681,0.683,0.691,0.664
2012-04-25,0.681,0.684,0.688,0.676
2012-04-26,0.689,0.681,0.689,0.676
2012-04-27,0.68,0.688,0.693,0.678
2012-05-02,0.696,0.698,0.701,0.689
2012-05-03,0.697,0.703,0.704,0.694
2012-05-04,0.703,0.719,0.719,0.703
2012-05-07,0.717,0.737,0.737,0.714
2012-05-08,0.739,0.734,0.743,0.734
2012-05-09,0.729,0.724,0.733,0.722
2012-05-10,0.725,0.732,0.735,0.723
2012-05-11,0.73,0.722,0.735,0.722
2012-05-14,0.728,0.722,0.735,0.721
2012-05-15,0.718,0.724,0.725,0.713
2012-05-16,0.723,0.714,0.727,0.714
2012-05-17,0.715,0.72,0.724,0.707
2012-05-18,0.715,0.712,0.722,0.709
2012-05-21,0.712,0.708,0.717,0.703
2012-05-22,0.711,0.721,0.722,0.711
2012-05-23,0.72,0.716,0.722,0.71
2012-05-24,0.715,0.716,0.723,0.714
2012-05-25,0.718,0.706,0.72,0.705
2012-05-28,0.701,0.712,0.714,0.69
2012-05-29,0.709,0.725,0.733,0.708
2012-05-30,0.725,0.732,0.737,0.723
2012-05-31,0.73,0.74,0.747,0.728
2012-06-01,0.739,0.739,0.746,0.735
2012-06-04,0.727,0.723,0.741,0.723
2012-06-05,0.724,0.721,0.73,0.718
2012-06-06,0.723,0.72,0.729,0.716
2012-06-07,0.725,0.717,0.732,0.715
2012-06-08,0.724,0.721,0.728,0.715
2012-06-11,0.721,0.744,0.744,0.72
2012-06-12,0.74,0.741,0.746,0.738
2012-06-13,0.743,0.752,0.753,0.742
2012-06-14,0.751,0.745,0.757,0.744
2012-06-15,0.748,0.747,0.753,0.739
2012-06-18,0.755,0.759,0.763,0.751
2012-06-19,0.758,0.752,0.758,0.751
2012-06-20,0.755,0.754,0.758,0.751
2012-06-21,0.753,0.744,0.753,0.737
2012-06-25,0.74,0.73,0.742,0.729
2012-06-26,0.725,0.721,0.727,0.71
2012-06-27,0.72,0.725,0.736,0.719
2012-06-28,0.726,0.716,0.735,0.716
2012-06-29,0.713,0.734,0.734,0.712
2012-07-02,0.74,0.75,0.753,0.735
2012-07-03,0.747,0.749,0.758,0.745
2012-07-04,0.752,0.743,0.753,0.742
2012-07-05,0.741,0.728,0.741,0.726
2012-07-06,0.732,0.745,0.745,0.718
2012-07-09,0.74,0.725,0.743,0.725
2012-07-10,0.724,0.72,0.727,0.716
2012-07-11,0.719,0.726,0.726,0.713
2012-07-12,0.723,0.738,0.742,0.721
2012-07-13,0.737,0.73,0.741,0.726
2012-07-16,0.73,0.697,0.73,0.696
2012-07-17,0.688,0.702,0.702,0.688
2012-07-18,0.698,0.707,0.708,0.69
2012-07-19,0.704,0.714,0.72,0.704
2012-07-20,0.714,0.71,0.719,0.709
2012-07-23,0.701,0.711,0.714,0.701
2012-07-24,0.707,0.711,0.718,0.702
2012-07-25,0.711,0.713,0.721,0.708
2012-07-26,0.712,0.712,0.723,0.709
2012-07-27,0.715,0.709,0.716,0.704
2012-07-30,0.708,0.694,0.714,0.692
2012-07-31,0.691,0.683,0.693,0.678
2012-08-01,0.682,0.695,0.701,0.682
2012-08-02,0.694,0.695,0.7,0.689
2012-08-03,0.697,0.719,0.719,0.695
2012-08-06,0.714,0.736,0.738,0.712
2012-08-07,0.736,0.741,0.743,0.735
2012-08-08,0.741,0.735,0.741,0.728
2012-08-09,0.736,0.748,0.749,0.732
2012-08-10,0.747,0.748,0.75,0.739
2012-08-13,0.746,0.732,0.747,0.732
2012-08-14,0.73,0.742,0.743,0.717
2012-08-15,0.739,0.734,0.742,0.733
2012-08-16,0.732,0.729,0.736,0.727
2012-08-17,0.727,0.727,0.729,0.718
2012-08-20,0.719,0.736,0.738,0.717
2012-08-21,0.735,0.753,0.758,0.734
2012-08-22,0.753,0.752,0.762,0.747
2012-08-23,0.751,0.755,0.758,0.748
2012-08-24,0.753,0.739,0.756,0.739
2012-08-27,0.736,0.728,0.736,0.726
2012-08-28,0.727,0.733,0.74,0.722
2012-08-29,0.73,0.731,0.741,0.727
2012-08-30,0.727,0.707,0.734,0.697
2012-08-31,0.704,0.713,0.715,0.702
2012-09-03,0.71,0.729,0.73,0.705
2012-09-04,0.729,0.728,0.737,0.725
2012-09-05,0.724,0.736,0.738,0.722
2012-09-06,0.738,0.744,0.745,0.732
2012-09-07,0.748,0.766,0.776,0.748
2012-09-10,0.768,0.767,0.77,0.76
2012-09-11,0.764,0.766,0.768,0.76
2012-09-12,0.768,0.766,0.771,0.758
2012-09-13,0.766,0.751,0.771,0.751
2012-09-14,0.755,0.748,0.759,0.745
2012-09-17,0.746,0.727,0.746,0.727
2012-09-18,0.723,0.729,0.736,0.723
2012-09-19,0.729,0.734,0.736,0.727
2012-09-20,0.733,0.712,0.733,0.707
2012-09-21,0.712,0.694,0.713,0.694
2012-09-24,0.69,0.696,0.702,0.682
2012-09-25,0.69,0.684,0.699,0.684
2012-09-26,0.686,0.666,0.687,0.664
2012-09-27,0.67,0.683,0.686,0.668
2012-09-28,0.677,0.696,0.696,0.674
2012-10-08,0.69,0.697,0.697,0.68
2012-10-09,0.698,0.717,0.718,0.693
2012-10-10,0.716,0.725,0.727,0.711
2012-10-11,0.725,0.717,0.729,0.715
2012-10-12,0.717,0.711,0.726,0.703
2012-10-15,0.712,0.708,0.712,0.697
2012-10-16,0.707,0.709,0.716,0.702
2012-10-17,0.709,0.713,0.715,0.704
2012-10-18,0.713,0.724,0.727,0.713
2012-10-19,0.724,0.723,0.727,0.719
2012-10-22,0.717,0.728,0.729,0.717
2012-10-23,0.729,0.713,0.73,0.712
2012-10-24,0.708,0.711,0.718,0.708
2012-10-25,0.71,0.699,0.717,0.699
2012-10-26,0.699,0.688,0.699,0.683
2012-10-29,0.688,0.692,0.695,0.685
2012-10-30,0.691,0.692,0.7,0.69
2012-10-31,0.692,0.695,0.696,0.688
2012-11-01,0.697,0.706,0.708,0.695
2012-11-02,0.704,0.705,0.707,0.7
2012-11-05,0.705,0.696,0.707,0.694
2012-11-06,0.693,0.693,0.696,0.683
2012-11-07,0.694,0.692,0.697,0.69
2012-11-08,0.687,0.679,0.689,0.679
2012-11-09,0.678,0.678,0.683,0.676
2012-11-12,0.679,0.682,0.685,0.675
2012-11-13,0.682,0.671,0.682,0.669
2012-11-14,0.671,0.669,0.672,0.661
2012-11-15,0.667,0.663,0.671,0.661
2012-11-16,0.663,0.661,0.664,0.658
2012-11-19,0.661,0.661,0.661,0.65
2012-11-20,0.662,0.661,0.666,0.658
2012-11-21,0.661,0.666,0.668,0.65
2012-11-22,0.662,0.655,0.662,0.653
2012-11-23,0.657,0.656,0.66,0.652
2012-11-26,0.656,0.643,0.656,0.642
2012-11-27,0.644,0.62,0.644,0.619
2012-11-28,0.617,0.611,0.62,0.609
2012-11-29,0.613,0.607,0.616,0.606
2012-11-30,0.605,0.608,0.613,0.604
2012-12-03,0.608,0.598,0.611,0.597
2012-12-04,0.597,0.603,0.607,0.589
2012-12-05,0.603,0.627,0.632,0.6
2012-12-06,0.627,0.626,0.633,0.622
2012-12-07,0.626,0.641,0.642,0.623
2012-12-10,0.641,0.649,0.652,0.638
2012-12-11,0.647,0.642,0.649,0.641
2012-12-12,0.641,0.642,0.644,0.633
2012-12-13,0.64,0.633,0.644,0.632
2012-12-14,0.633,0.661,0.663,0.633
2012-12-17,0.661,0.654,0.663,0.647
2012-12-18,0.652,0.649,0.659,0.647
2012-12-19,0.65,0.654,0.658,0.647
2012-12-20,0.651,0.661,0.661,0.65
2012-12-21,0.661,0.671,0.674,0.656
2012-12-24,0.668,0.683,0.683,0.667
2012-12-25,0.678,0.697,0.699,0.678
2012-12-26,0.697,0.711,0.713,0.692
2012-12-27,0.712,0.703,0.715,0.7
2012-12-28,0.701,0.709,0.709,0.696
2012-12-31,0.711,0.713,0.713,0.705
2013-01-04,0.72,0.708,0.721,0.7
2013-01-07,0.703,0.721,0.721,0.702
2013-01-08,0.72,0.737,0.74,0.717
2013-01-09,0.734,0.735,0.742,0.728
2013-01-10,0.734,0.743,0.746,0.731
2013-01-11,0.744,0.731,0.747,0.73
2013-01-14,0.73,0.762,0.764,0.73
2013-01-15,0.766,0.78,0.784,0.765
2013-01-16,0.78,0.774,0.78,0.761
2013-01-17,0.774,0.768,0.777,0.767
2013-01-18,0.772,0.79,0.79,0.772
2013-01-21,0.79,0.794,0.795,0.783
2013-01-22,0.792,0.774,0.793,0.769
2013-01-23,0.774,0.781,0.783,0.764
2013-01-24,0.78,0.759,0.788,0.752
2013-01-25,0.755,0.763,0.768,0.755
2013-01-28,0.764,0.786,0.786,0.764
2013-01-29,0.788,0.792,0.797,0.786
2013-01-30,0.793,0.784,0.793,0.777
2013-01-31,0.784,0.78,0.786,0.771
2013-02-01,0.778,0.783,0.787,0.774
2013-02-04,0.784,0.771,0.788,0.766
2013-02-05,0.767,0.784,0.785,0.766
2013-02-06,0.782,0.791,0.796,0.78
2013-02-07,0.79,0.806,0.807,0.788
2013-02-08,0.806,0.822,0.825,0.805
2013-02-18,0.827,0.832,0.834,0.823
2013-02-19,0.833,0.818,0.833,0.814
2013-02-20,0.816,0.851,0.851,0.815
2013-02-21,0.845,0.838,0.853,0.827
2013-02-22,0.837,0.835,0.848,0.833
2013-02-25,0.833,0.854,0.857,0.833
2013-02-26,0.851,0.85,0.864,0.844
2013-02-27,0.85,0.842,0.855,0.833
2013-02-28,0.843,0.86,0.861,0.84
2013-03-01,0.86,0.885,0.885,0.858
2013-03-04,0.878,0.863,0.886,0.849
2013-03-05,0.863,0.887,0.887,0.854
2013-03-06,0.888,0.902,0.904,0.886
2013-03-07,0.899,0.88,0.9,0.865
2013-03-08,0.878,0.863,0.883,0.858
2013-03-11,0.859,0.867,0.871,0.854
2013-03-12,0.867,0.836,0.871,0.825
2013-03-13,0.832,0.832,0.836,0.817
2013-03-14,0.829,0.84,0.845,0.825
2013-03-15,0.837,0.853,0.868,0.834
2013-03-18,0.848,0.85,0.861,0.845
2013-03-19,0.847,0.841,0.853,0.826
2013-03-20,0.841,0.864,0.865,0.838
2013-03-21,0.865,0.88,0.886,0.865
2013-03-22,0.878,0.878,0.883,0.872
2013-03-25,0.882,0.88,0.884,0.87
2013-03-26,0.875,0.872,0.879,0.856
2013-03-27,0.872,0.882,0.884,0.87
2013-03-28,0.87,0.864,0.877,0.855
2013-03-29,0.865,0.86,0.87,0.857
2013-04-01,0.861,0.875,0.88,0.85
2013-04-02,0.877,0.847,0.884,0.839
2013-04-03,0.84,0.829,0.848,0.825
2013-04-08,0.821,0.854,0.854,0.815
2013-04-09,0.853,0.86,0.864,0.848
2013-04-10,0.857,0.849,0.86,0.839
2013-04-11,0.85,0.849,0.856,0.845
2013-04-12,0.835,0.844,0.851,0.835
2013-04-15,0.844,0.834,0.844,0.83
2013-04-16,0.827,0.842,0.843,0.821
2013-04-17,0.842,0.866,0.867,0.838
2013-04-18,0.861,0.871,0.876,0.857
2013-04-19,0.872,0.891,0.897,0.871
2013-04-22,0.891,0.915,0.915,0.888
2013-04-23,0.919,0.892,0.919,0.887
2013-04-24,0.892,0.926,0.926,0.89
2013-04-25,0.923,0.898,0.937,0.898
2013-04-26,0.892,0.89,0.902,0.882
2013-05-02,0.887,0.914,0.914,0.878
2013-05-03,0.916,0.938,0.939,0.914
2013-05-06,0.94,0.953,0.962,0.938
2013-05-07,0.951,0.95,0.963,0.944
2013-05-08,0.956,0.982,0.982,0.955
2013-05-09,0.979,0.99,0.993,0.972
2013-05-10,0.986,0.987,0.993,0.97
2013-05-13,0.985,0.991,0.992,0.974
2013-05-14,0.99,0.971,0.99,0.964
2013-05-15,0.971,1.01,1.01,0.971
2013-05-16,1.011,1.007,1.034,0.992
2013-05-17,1.005,1.017,1.027,0.998
2013-05-20,1.017,1.048,1.05,1.016
2013-05-21,1.047,1.073,1.074,1.04
2013-05-22,1.072,1.039,1.072,1.031
2013-05-23,1.026,1.043,1.059,1.026
2013-05-24,1.043,1.07,1.072,1.043
2013-05-27,1.066,1.085,1.089,1.066
2013-05-28,1.084,1.054,1.084,1.046
2013-05-29,1.053,1.064,1.064,1.047
2013-05-30,1.059,1.068,1.075,1.053
2013-05-31,1.066,1.067,1.084,1.063
2013-06-03,1.06,1.046,1.07,1.045
2013-06-04,1.046,1.02,1.046,1.007
2013-06-05,1.019,1.035,1.037,1.019
2013-06-06,1.025,1.018,1.03,1.018
2013-06-07,1.02,1.032,1.038,1.014
2013-06-13,1.018,1.024,1.028,0.981
2013-06-14,1.027,1.069,1.07,1.013
2013-06-17,1.073,1.067,1.09,1.064
2013-06-18,1.067,1.068,1.076,1.047
2013-06-19,1.06,1.064,1.069,1.049
2013-06-20,1.055,1.023,1.067,1.023
2013-06-21,1.0,1.027,1.032,0.985
2013-06-24,1.016,0.963,1.018,0.954
2013-06-25,0.946,0.986,0.994,0.902
2013-06-26,0.982,1.045,1.045,0.978
2013-06-27,1.045,1.02,1.064,1.016
2013-06-28,1.003,1.003,1.044,0.996
2013-07-01,1.002,1.06,1.06,1.0
2013-07-02,1.059,1.083,1.084,1.055
2013-07-03,1.072,1.1,1.107,1.06
2013-07-04,1.093,1.087,1.103,1.082
2013-07-05,1.086,1.052,1.089,1.052
2013-07-08,1.024,1.027,1.055,1.011
2013-07-09,1.026,1.048,1.052,1.02
2013-07-10,1.046,1.069,1.069,1.044
2013-07-11,1.068,1.082,1.082,1.05
2013-07-12,1.081,1.092,1.119,1.075
2013-07-15,1.088,1.138,1.14,1.088
2013-07-16,1.14,1.137,1.15,1.126
2013-07-17,1.135,1.126,1.147,1.115
2013-07-18,1.119,1.124,1.136,1.111
2013-07-19,1.124,1.106,1.153,1.106
2013-07-22,1.099,1.154,1.154,1.099
2013-07-23,1.156,1.173,1.18,1.156
2013-07-24,1.174,1.2,1.203,1.17
2013-07-25,1.198,1.147,1.2,1.14
2013-07-26,1.14,1.152,1.156,1.122
2013-07-29,1.143,1.124,1.158,1.123
2013-07-30,1.124,1.11,1.135,1.084
2013-07-31,1.111,1.122,1.13,1.103
2013-08-01,1.123,1.177,1.182,1.121
2013-08-02,1.182,1.169,1.193,1.168
2013-08-05,1.167,1.193,1.193,1.166
2013-08-06,1.186,1.196,1.206,1.184
2013-08-07,1.196,1.162,1.196,1.158
2013-08-08,1.155,1.171,1.184,1.151
2013-08-09,1.171,1.161,1.181,1.137
2013-08-12,1.159,1.152,1.172,1.132
2013-08-13,1.153,1.163,1.169,1.138
2013-08-14,1.16,1.172,1.172,1.145
2013-08-15,1.165,1.151,1.172,1.151
2013-08-16,1.142,1.117,1.163,1.117
2013-08-19,1.112,1.164,1.164,1.11
2013-08-20,1.16,1.16,1.168,1.15
2013-08-21,1.159,1.164,1.172,1.155
2013-08-22,1.163,1.181,1.191,1.163
2013-08-23,1.186,1.198,1.211,1.173
2013-08-26,1.202,1.22,1.226,1.2
2013-08-27,1.218,1.229,1.233,1.207
2013-08-28,1.225,1.209,1.234,1.207
2013-08-29,1.207,1.207,1.219,1.2
2013-08-30,1.201,1.171,1.207,1.162
2013-09-02,1.17,1.197,1.197,1.164
2013-09-03,1.196,1.214,1.217,1.195
2013-09-04,1.214,1.215,1.228,1.208
2013-09-05,1.215,1.248,1.25,1.211
2013-09-06,1.248,1.262,1.269,1.235
2013-09-09,1.262,1.255,1.265,1.236
2013-09-10,1.253,1.244,1.259,1.233
2013-09-11,1.242,1.202,1.242,1.197
2013-09-12,1.201,1.207,1.219,1.189
2013-09-13,1.21,1.235,1.242,1.188
2013-09-16,1.231,1.257,1.276,1.231
2013-09-17,1.254,1.246,1.265,1.245
2013-09-18,1.246,1.265,1.272,1.241
2013-09-23,1.266,1.3,1.306,1.266
2013-09-24,1.303,1.305,1.318,1.288
2013-09-25,1.303,1.299,1.324,1.296
2013-09-26,1.296,1.281,1.312,1.277
2013-09-27,1.28,1.308,1.31,1.28
2013-09-30,1.314,1.346,1.35,1.31
2013-10-08,1.35,1.36,1.365,1.337
2013-10-09,1.356,1.39,1.393,1.352
2013-10-10,1.395,1.349,1.399,1.348
2013-10-11,1.35,1.36,1.363,1.333
2013-10-14,1.36,1.373,1.373,1.345
2013-10-15,1.372,1.365,1.387,1.353
2013-10-16,1.365,1.312,1.367,1.301
2013-10-17,1.314,1.299,1.335,1.294
2013-10-18,1.301,1.332,1.332,1.301
2013-10-21,1.333,1.376,1.379,1.333
2013-10-22,1.373,1.318,1.382,1.318
2013-10-23,1.313,1.289,1.313,1.268
2013-10-24,1.28,1.268,1.295,1.264
2013-10-25,1.267,1.252,1.283,1.231
2013-10-28,1.252,1.255,1.264,1.237
2013-10-29,1.251,1.234,1.269,1.184
2013-10-30,1.233,1.252,1.252,1.223
2013-10-31,1.243,1.211,1.245,1.207
2013-11-01,1.206,1.199,1.21,1.176
2013-11-04,1.195,1.202,1.219,1.19
2013-11-05,1.192,1.236,1.238,1.183
2013-11-06,1.23,1.22,1.254,1.219
2013-11-07,1.211,1.2,1.227,1.197
2013-11-08,1.188,1.189,1.204,1.181
2013-11-11,1.185,1.19,1.203,1.168
2013-11-12,1.19,1.206,1.215,1.186
2013-11-13,1.2,1.189,1.214,1.188
2013-11-14,1.18,1.225,1.23,1.178
2013-11-15,1.227,1.247,1.264,1.225
2013-11-18,1.251,1.268,1.273,1.249
2013-11-19,1.267,1.276,1.288,1.262
2013-11-20,1.275,1.274,1.279,1.258
2013-11-21,1.265,1.272,1.281,1.263
2013-11-22,1.269,1.268,1.278,1.258
2013-11-25,1.26,1.272,1.281,1.259
2013-11-26,1.263,1.265,1.275,1.255
2013-11-27,1.262,1.308,1.315,1.262
2013-11-28,1.308,1.311,1.318,1.302
2013-11-29,1.31,1.341,1.344,1.308
2013-12-02,1.27,1.208,1.293,1.207
2013-12-03,1.181,1.227,1.237,1.176
2013-12-04,1.219,1.22,1.254,1.212
2013-12-05,1.208,1.18,1.213,1.178
2013-12-06,1.176,1.186,1.194,1.172
2013-12-09,1.187,1.217,1.219,1.186
2013-12-10,1.22,1.208,1.227,1.203
2013-12-11,1.205,1.228,1.233,1.203
2013-12-12,1.221,1.252,1.261,1.218
2013-12-13,1.243,1.251,1.262,1.243
2013-12-16,1.252,1.255,1.269,1.24
2013-12-17,1.251,1.239,1.256,1.223
2013-12-18,1.24,1.228,1.241,1.22
2013-12-19,1.23,1.234,1.258,1.229
2013-12-20,1.232,1.23,1.242,1.221
2013-12-23,1.225,1.215,1.229,1.2
2013-12-24,1.215,1.236,1.242,1.21
2013-12-25,1.238,1.262,1.266,1.23
2013-12-26,1.261,1.243,1.269,1.238
2013-12-27,1.236,1.273,1.275,1.236
2013-12-30,1.273,1.28,1.281,1.266
2013-12-31,1.277,1.274,1.282,1.26
2014-01-02,1.273,1.306,1.307,1.273
2014-01-03,1.3,1.325,1.328,1.298
2014-01-06,1.324,1.299,1.326,1.292
2014-01-07,1.29,1.324,1.328,1.285
2014-01-08,1.342,1.375,1.384,1.332
2014-01-09,1.37,1.348,1.394,1.343
2014-01-10,1.338,1.324,1.362,1.318
2014-01-13,1.323,1.336,1.35,1.321
2014-01-14,1.336,1.377,1.377,1.33
2014-01-15,1.378,1.39,1.395,1.371
2014-01-16,1.387,1.371,1.399,1.362
2014-01-17,1.365,1.367,1.383,1.36
2014-01-20,1.361,1.342,1.371,1.332
2014-01-21,1.34,1.381,1.381,1.339
2014-01-22,1.384,1.399,1.403,1.375
2014-01-23,1.4,1.43,1.443,1.4
2014-01-24,1.424,1.453,1.464,1.422
2014-01-27,1.448,1.445,1.469,1.43
2014-01-28,1.443,1.441,1.453,1.413
2014-01-29,1.441,1.466,1.466,1.435
2014-01-30,1.464,1.463,1.48,1.448
2014-02-07,1.451,1.498,1.5,1.45
2014-02-10,1.505,1.516,1.523,1.491
2014-02-11,1.515,1.492,1.526,1.473
2014-02-12,1.488,1.506,1.508,1.478
2014-02-13,1.499,1.45,1.508,1.45
2014-02-14,1.449,1.479,1.481,1.441
2014-02-17,1.483,1.521,1.523,1.483
2014-02-18,1.521,1.507,1.524,1.5
2014-02-19,1.505,1.506,1.513,1.487
2014-02-20,1.501,1.483,1.507,1.467
2014-02-21,1.47,1.483,1.49,1.467
2014-02-24,1.481,1.505,1.507,1.472
2014-02-25,1.505,1.432,1.534,1.421
2014-02-26,1.406,1.431,1.431,1.38
2014-02-27,1.432,1.385,1.461,1.373
2014-02-28,1.38,1.4,1.405,1.36
2014-03-03,1.4,1.43,1.433,1.39
2014-03-04,1.42,1.421,1.438,1.408
2014-03-05,1.425,1.427,1.433,1.414
2014-03-06,1.418,1.426,1.427,1.389
2014-03-07,1.425,1.428,1.441,1.413
2014-03-10,1.408,1.37,1.408,1.368
2014-03-11,1.367,1.363,1.376,1.346
2014-03-12,1.358,1.364,1.382,1.344
2014-03-13,1.365,1.405,1.407,1.363
2014-03-14,1.396,1.398,1.412,1.387
2014-03-17,1.401,1.438,1.441,1.395
2014-03-18,1.441,1.444,1.456,1.439
2014-03-19,1.44,1.427,1.444,1.418
2014-03-20,1.426,1.382,1.429,1.38
2014-03-21,1.373,1.382,1.39,1.346
2014-03-24,1.375,1.359,1.382,1.351
2014-03-25,1.354,1.359,1.376,1.346
2014-03-26,1.36,1.385,1.389,1.36
2014-03-27,1.375,1.332,1.379,1.332
2014-03-28,1.326,1.292,1.33,1.283
2014-03-31,1.293,1.297,1.306,1.28
2014-04-01,1.298,1.321,1.324,1.294
2014-04-02,1.323,1.292,1.327,1.284
2014-04-03,1.29,1.294,1.311,1.285
2014-04-04,1.29,1.314,1.315,1.28
2014-04-08,1.295,1.318,1.318,1.291
2014-04-09,1.316,1.336,1.344,1.316
2014-04-10,1.34,1.347,1.363,1.339
2014-04-11,1.342,1.329,1.342,1.318
2014-04-14,1.329,1.339,1.344,1.329
2014-04-15,1.337,1.333,1.345,1.33
2014-04-16,1.327,1.328,1.335,1.317
2014-04-17,1.325,1.337,1.34,1.325
2014-04-18,1.331,1.344,1.346,1.325
2014-04-21,1.33,1.329,1.351,1.326
2014-04-22,1.326,1.303,1.335,1.286
2014-04-23,1.298,1.294,1.307,1.286
2014-04-24,1.295,1.284,1.3,1.271
2014-04-25,1.282,1.26,1.287,1.256
2014-04-28,1.255,1.228,1.258,1.225
2014-04-29,1.225,1.235,1.244,1.22
2014-04-30,1.234,1.254,1.257,1.23
2014-05-05,1.253,1.272,1.274,1.25
2014-05-06,1.272,1.285,1.296,1.27
2014-05-07,1.278,1.257,1.279,1.256
2014-05-08,1.251,1.252,1.273,1.248
2014-05-09,1.25,1.23,1.252,1.22
2014-05-12,1.236,1.252,1.252,1.222
2014-05-13,1.251,1.245,1.264,1.24
2014-05-14,1.241,1.253,1.254,1.24
2014-05-15,1.248,1.223,1.256,1.223
2014-05-16,1.218,1.202,1.227,1.186
2014-05-19,1.195,1.203,1.21,1.188
2014-05-20,1.218,1.22,1.236,1.212
2014-05-21,1.21,1.234,1.234,1.205
2014-05-22,1.234,1.242,1.261,1.233
2014-05-23,1.241,1.27,1.272,1.234
2014-05-26,1.275,1.289,1.297,1.274
2014-05-27,1.288,1.277,1.29,1.275
2014-05-28,1.278,1.314,1.314,1.275
2014-05-29,1.314,1.287,1.321,1.285
2014-05-30,1.283,1.291,1.296,1.272
2014-06-03,1.291,1.287,1.305,1.287
2014-06-04,1.285,1.295,1.295,1.275
2014-06-05,1.294,1.325,1.329,1.29
2014-06-06,1.326,1.321,1.335,1.312
2014-06-09,1.315,1.294,1.321,1.294
2014-06-10,1.299,1.324,1.329,1.287
2014-06-11,1.318,1.337,1.343,1.316
2014-06-12,1.337,1.334,1.347,1.326
2014-06-13,1.329,1.35,1.359,1.327
2014-06-16,1.352,1.363,1.368,1.352
2014-06-17,1.36,1.35,1.363,1.347
2014-06-18,1.351,1.337,1.355,1.33
2014-06-19,1.332,1.291,1.342,1.281
2014-06-20,1.29,1.305,1.307,1.285
2014-06-23,1.305,1.332,1.337,1.305
2014-06-24,1.329,1.342,1.344,1.327
2014-06-25,1.341,1.328,1.341,1.317
2014-06-26,1.332,1.355,1.362,1.33
2014-06-27,1.355,1.357,1.368,1.351
2014-06-30,1.357,1.372,1.375,1.343
2014-07-01,1.376,1.381,1.385,1.368
2014-07-02,1.38,1.389,1.395,1.37
2014-07-03,1.388,1.389,1.398,1.379
2014-07-04,1.388,1.381,1.392,1.375
2014-07-07,1.375,1.364,1.378,1.35
2014-07-08,1.36,1.381,1.381,1.348
2014-07-09,1.378,1.353,1.387,1.35
2014-07-10,1.351,1.332,1.359,1.33
2014-07-11,1.328,1.329,1.342,1.321
2014-07-14,1.329,1.338,1.338,1.313
2014-07-15,1.334,1.311,1.336,1.303
2014-07-16,1.31,1.289,1.315,1.28
2014-07-17,1.287,1.282,1.296,1.276
2014-07-18,1.282,1.279,1.294,1.273
2014-07-21,1.28,1.278,1.287,1.26
2014-07-22,1.275,1.301,1.303,1.274
2014-07-23,1.301,1.263,1.303,1.26
2014-07-24,1.261,1.242,1.263,1.228
2014-07-25,1.242,1.257,1.261,1.237
2014-07-28,1.258,1.285,1.288,1.255
2014-07-29,1.287,1.3,1.309,1.281
2014-07-30,1.298,1.313,1.316,1.295
2014-07-31,1.312,1.313,1.318,1.302
2014-08-01,1.31,1.29,1.314,1.29
2014-08-04,1.285,1.299,1.302,1.285
2014-08-05,1.301,1.332,1.335,1.289
2014-08-06,1.326,1.335,1.338,1.321
2014-08-07,1.334,1.332,1.351,1.329
2014-08-08,1.335,1.347,1.351,1.335
2014-08-11,1.348,1.366,1.369,1.347
2014-08-12,1.364,1.364,1.371,1.359
2014-08-13,1.36,1.35,1.364,1.336
2014-08-14,1.351,1.346,1.363,1.342
2014-08-15,1.346,1.36,1.36,1.344
2014-08-18,1.36,1.396,1.396,1.36
2014-08-19,1.402,1.404,1.414,1.391
2014-08-20,1.418,1.392,1.418,1.385
2014-08-21,1.39,1.415,1.416,1.386
2014-08-22,1.417,1.429,1.435,1.413
2014-08-25,1.426,1.408,1.428,1.403
2014-08-26,1.403,1.377,1.41,1.371
2014-08-27,1.376,1.388,1.394,1.373
2014-08-28,1.388,1.37,1.39,1.365
2014-08-29,1.371,1.394,1.396,1.37
2014-09-01,1.395,1.417,1.421,1.395
2014-09-02,1.422,1.43,1.432,1.414
2014-09-03,1.428,1.439,1.443,1.422
2014-09-04,1.437,1.457,1.46,1.434
2014-09-05,1.456,1.46,1.466,1.442
2014-09-09,1.453,1.458,1.458,1.438
2014-09-10,1.454,1.467,1.469,1.447
2014-09-11,1.466,1.471,1.493,1.46
2014-09-12,1.469,1.483,1.486,1.463
2014-09-15,1.478,1.483,1.489,1.47
2014-09-16,1.485,1.438,1.49,1.432
2014-09-17,1.439,1.44,1.442,1.418
2014-09-18,1.439,1.456,1.457,1.433
2014-09-19,1.457,1.46,1.465,1.447
2014-09-22,1.452,1.442,1.454,1.44
2014-09-23,1.442,1.461,1.464,1.442
2014-09-24,1.459,1.479,1.481,1.455
2014-09-25,1.484,1.469,1.486,1.464
2014-09-26,1.462,1.472,1.474,1.461
2014-09-29,1.472,1.489,1.489,1.472
2014-09-30,1.488,1.5,1.501,1.483
2014-10-08,1.501,1.515,1.517,1.493
2014-10-09,1.515,1.519,1.524,1.496
2014-10-10,1.513,1.512,1.52,1.502
2014-10-13,1.502,1.505,1.508,1.484
2014-10-14,1.503,1.493,1.521,1.49
2014-10-15,1.493,1.502,1.505,1.483
2014-10-16,1.492,1.482,1.51,1.481
2014-10-17,1.482,1.47,1.488,1.441
2014-10-20,1.465,1.495,1.495,1.465
2014-10-21,1.495,1.474,1.497,1.474
2014-10-22,1.47,1.464,1.487,1.46
2014-10-23,1.459,1.438,1.461,1.433
2014-10-24,1.439,1.441,1.455,1.435
2014-10-27,1.438,1.453,1.453,1.429
2014-10-28,1.456,1.483,1.485,1.455
2014-10-29,1.488,1.489,1.494,1.481
2014-10-30,1.489,1.481,1.497,1.479
2014-10-31,1.481,1.473,1.486,1.462
2014-11-03,1.475,1.491,1.493,1.471
2014-11-04,1.491,1.47,1.496,1.47
2014-11-05,1.471,1.471,1.479,1.464
2014-11-06,1.473,1.492,1.493,1.469
2014-11-07,1.49,1.477,1.503,1.476
2014-11-10,1.48,1.476,1.483,1.462
2014-11-11,1.476,1.425,1.476,1.412
2014-11-12,1.423,1.44,1.441,1.418
2014-11-13,1.433,1.407,1.433,1.395
2014-11-14,1.4,1.406,1.414,1.397
2014-11-17,1.401,1.432,1.439,1.398
2014-11-18,1.43,1.441,1.445,1.425
2014-11-19,1.447,1.464,1.469,1.446
2014-11-20,1.458,1.451,1.459,1.425
2014-11-21,1.45,1.462,1.467,1.45
2014-11-24,1.483,1.47,1.483,1.452
2014-11-25,1.469,1.496,1.5,1.466
2014-11-26,1.495,1.51,1.516,1.495
2014-11-27,1.508,1.518,1.52,1.498
2014-11-28,1.517,1.524,1.537,1.505
2014-12-01,1.52,1.505,1.52,1.495
2014-12-02,1.497,1.517,1.523,1.497
2014-12-03,1.517,1.559,1.56,1.486
2014-12-04,1.563,1.579,1.586,1.553
2014-12-05,1.57,1.529,1.57,1.492
2014-12-08,1.522,1.518,1.553,1.51
2014-12-09,1.509,1.464,1.53,1.46
2014-12-10,1.46,1.536,1.538,1.455
2014-12-11,1.536,1.546,1.548,1.51
2014-12-12,1.549,1.569,1.577,1.531
2014-12-15,1.572,1.601,1.611,1.567
2014-12-16,1.604,1.59,1.617,1.575
2014-12-17,1.58,1.595,1.6,1.559
2014-12-18,1.582,1.577,1.61,1.572
2014-12-19,1.561,1.541,1.57,1.518
2014-12-22,1.534,1.47,1.534,1.465
2014-12-23,1.455,1.461,1.504,1.445
2014-12-24,1.468,1.48,1.482,1.45
2014-12-25,1.475,1.48,1.486,1.463
2014-12-26,1.475,1.488,1.493,1.475
2014-12-29,1.489,1.463,1.489,1.446
2014-12-30,1.458,1.423,1.458,1.411
2014-12-31,1.426,1.43,1.438,1.413
2015-01-05,1.424,1.424,1.432,1.393
2015-01-06,1.422,1.502,1.506,1.409
2015-01-07,1.5,1.474,1.504,1.47
2015-01-08,1.467,1.493,1.518,1.467
2015-01-09,1.485,1.503,1.536,1.48
2015-01-12,1.495,1.54,1.542,1.475
2015-01-13,1.538,1.551,1.562,1.526
2015-01-14,1.546,1.536,1.554,1.526
2015-01-15,1.534,1.534,1.558,1.526
2015-01-16,1.528,1.592,1.596,1.528
2015-01-19,1.576,1.579,1.637,1.548
2015-01-20,1.581,1.657,1.657,1.581
2015-01-21,1.662,1.668,1.673,1.636
2015-01-22,1.661,1.683,1.686,1.655
2015-01-23,1.682,1.638,1.683,1.632
2015-01-26,1.639,1.686,1.686,1.639
2015-01-27,1.686,1.688,1.698,1.651
2015-01-28,1.672,1.668,1.7,1.662
2015-01-29,1.655,1.652,1.676,1.648
2015-01-30,1.651,1.623,1.661,1.614
2015-02-02,1.609,1.639,1.653,1.604
2015-02-03,1.647,1.693,1.701,1.64
2015-02-04,1.693,1.698,1.708,1.676
2015-02-05,1.685,1.709,1.746,1.68
2015-02-06,1.708,1.661,1.719,1.661
2015-02-09,1.661,1.645,1.693,1.642
2015-02-10,1.64,1.685,1.687,1.638
2015-02-11,1.684,1.705,1.717,1.681
2015-02-12,1.706,1.72,1.734,1.706
2015-02-13,1.728,1.761,1.763,1.725
2015-02-16,1.767,1.83,1.83,1.766
2015-02-17,1.839,1.82,1.839,1.798
2015-02-25,1.825,1.803,1.837,1.795
2015-02-26,1.803,1.814,1.823,1.78
2015-02-27,1.812,1.863,1.863,1.809
2015-03-02,1.868,1.914,1.918,1.863
2015-03-03,1.913,1.883,1.929,1.882
2015-03-04,1.881,1.94,1.942,1.881
2015-03-05,1.94,1.938,1.958,1.919
2015-03-06,1.937,1.88,1.939,1.872
2015-03-09,1.855,1.927,1.928,1.855
2015-03-10,1.92,1.972,1.974,1.914
2015-03-11,1.971,1.96,1.977,1.94
2015-03-12,1.953,1.94,1.976,1.908
2015-03-13,1.945,1.992,1.996,1.932
2015-03-16,2.005,2.061,2.07,2.001
2015-03-17,2.063,2.053,2.08,2.035
2015-03-18,2.049,2.099,2.104,2.037
2015-03-19,2.09,2.095,2.103,2.07
2015-03-20,2.094,2.126,2.145,2.091
2015-03-23,2.13,2.206,2.209,2.126
2015-03-24,2.21,2.273,2.286,2.156
2015-03-25,2.269,2.288,2.311,2.248
2015-03-26,2.26,2.19,2.278,2.17
2015-03-27,2.18,2.228,2.233,2.17
2015-03-30,2.21,2.193,2.236,2.165
2015-03-31,2.19,2.247,2.264,2.19
2015-04-01,2.241,2.296,2.301,2.24
2015-04-02,2.33,2.369,2.377,2.306
2015-04-03,2.357,2.391,2.406,2.347
2015-04-07,2.402,2.438,2.443,2.39
2015-04-08,2.439,2.377,2.444,2.328
2015-04-09,2.346,2.466,2.48,2.24
2015-04-10,2.361,2.424,2.453,2.341
2015-04-13,2.435,2.451,2.476,2.4
2015-04-14,2.455,2.44,2.476,2.4
2015-04-15,2.43,2.33,2.437,2.32
2015-04-16,2.309,2.375,2.423,2.304
2015-04-17,2.391,2.368,2.405,2.345
2015-04-20,2.355,2.318,2.395,2.305
2015-04-21,2.33,2.496,2.496,2.33
2015-04-22,2.497,2.524,2.55,2.497
2015-04-23,2.53,2.598,2.611,2.53
2015-04-24,2.566,2.645,2.652,2.558
2015-04-27,2.67,2.65,2.7,2.623
2015-04-28,2.67,2.583,2.693,2.555
2015-04-29,2.561,2.723,2.723,2.561
2015-04-30,2.72,2.748,2.81,2.709
2015-05-04,2.758,2.74,2.777,2.691
2015-05-05,2.731,2.67,2.737,2.641
2015-05-06,2.7,2.738,2.845,2.7
2015-05-07,2.71,2.686,2.766,2.68
2015-05-08,2.72,2.894,2.91,2.72
2015-05-11,2.908,3.05,3.078,2.866
2015-05-12,3.063,3.129,3.147,3.002
2015-05-13,3.05,3.036,3.115,2.987
2015-05-14,3.03,3.008,3.095,2.999
2015-05-15,2.971,3.016,3.05,2.928
2015-05-18,3.043,3.157,3.157,3.043
2015-05-19,3.176,3.185,3.208,3.064
2015-05-20,3.192,3.264,3.339,3.192
2015-05-21,3.27,3.41,3.411,3.27
2015-05-22,3.456,3.382,3.499,3.3
2015-05-25,3.271,3.327,3.355,3.225
2015-05-26,3.313,3.463,3.465,3.31
2015-05-27,3.475,3.463,3.5,3.377
2015-05-28,3.445,3.29,3.508,3.265
2015-05-29,3.3,3.384,3.437,3.158
2015-06-01,3.398,3.568,3.568,3.398
2015-06-02,3.583,3.768,3.769,3.567
2015-06-03,3.772,3.79,3.828,3.654
2015-06-04,3.798,3.751,3.825,3.51
2015-06-05,3.801,3.703,3.845,3.645
2015-06-08,3.65,3.533,3.679,3.418
2015-06-09,3.475,3.526,3.61,3.46
2015-06-10,3.505,3.66,3.704,3.484
2015-06-11,3.652,3.666,3.69,3.62
2015-06-12,3.692,3.704,3.729,3.657
2015-06-15,3.712,3.512,3.725,3.492
2015-06-16,3.45,3.402,3.475,3.295
2015-06-17,3.39,3.545,3.55,3.327
2015-06-18,3.545,3.32,3.558,3.3
2015-06-19,3.22,3.15,3.313,3.142
2015-06-23,3.15,3.208,3.302,2.951
2015-06-24,3.22,3.199,3.276,3.13
2015-06-25,3.215,3.03,3.223,3.017
2015-06-26,2.947,2.767,2.948,2.727
2015-06-29,2.76,2.49,2.786,2.49
2015-06-30,2.44,2.733,2.739,2.25
2015-07-01,2.66,2.56,2.843,2.56
2015-07-02,2.55,2.47,2.669,2.321
2015-07-03,2.4,2.457,2.64,2.296
2015-07-06,2.7,2.33,2.7,2.228
2015-07-07,2.245,2.097,2.252,2.097
2015-07-08,1.887,1.899,2.027,1.887
2015-07-09,1.901,2.089,2.089,1.898
2015-07-10,2.29,2.298,2.298,2.241
2015-07-13,2.524,2.528,2.528,2.42
2015-07-14,2.5,2.657,2.781,2.492
2015-07-15,2.607,2.405,2.612,2.4
2015-07-16,2.302,2.489,2.574,2.261
2015-07-17,2.515,2.688,2.725,2.499
2015-07-20,2.67,2.69,2.78,2.62
2015-07-21,2.64,2.707,2.758,2.625
2015-07-22,2.715,2.754,2.779,2.651
2015-07-23,2.748,2.82,2.833,2.712
2015-07-24,2.819,2.74,2.858,2.682
2015-07-27,2.67,2.466,2.759,2.466
2015-07-28,2.38,2.395,2.559,2.328
2015-07-29,2.441,2.573,2.573,2.253
2015-07-30,2.52,2.4,2.564,2.399
2015-07-31,2.36,2.368,2.47,2.309
2015-08-03,2.325,2.24,2.355,2.221
2015-08-04,2.256,2.442,2.445,2.245
2015-08-05,2.417,2.358,2.448,2.321
2015-08-06,2.295,2.35,2.382,2.282
2015-08-07,2.386,2.459,2.46,2.368
2015-08-10,2.475,2.622,2.645,2.46
2015-08-11,2.614,2.565,2.619,2.533
2015-08-12,2.52,2.489,2.568,2.487
2015-08-13,2.483,2.558,2.562,2.442
2015-08-14,2.58,2.525,2.59,2.523
2015-08-17,2.52,2.505,2.556,2.474
2015-08-18,2.531,2.343,2.585,2.29
2015-08-19,2.282,2.422,2.445,2.226
2015-08-20,2.415,2.362,2.47,2.36
2015-08-21,2.328,2.226,2.344,2.22
2015-08-24,2.112,2.003,2.124,2.003
2015-08-25,1.859,1.803,1.903,1.803
2015-08-26,1.78,1.74,1.892,1.715
2015-08-27,1.78,1.801,1.825,1.702
2015-08-28,1.825,1.941,1.955,1.785
2015-08-31,1.901,1.83,1.909,1.811
2015-09-01,1.797,1.725,1.81,1.719
2015-09-02,1.646,1.69,1.804,1.638
2015-09-07,1.741,1.763,1.825,1.726
2015-09-08,1.745,1.888,1.888,1.723
2015-09-09,1.91,1.943,1.975,1.88
2015-09-10,1.895,1.899,1.945,1.879
2015-09-11,1.905,1.922,1.942,1.89
2015-09-14,1.926,1.73,1.937,1.73
2015-09-15,1.687,1.633,1.734,1.621
2015-09-16,1.655,1.796,1.796,1.65
2015-09-17,1.808,1.763,1.868,1.75
2015-09-18,1.775,1.825,1.843,1.737
2015-09-21,1.796,1.965,1.965,1.77
2015-09-22,1.965,1.939,2.004,1.903
2015-09-23,1.874,1.915,1.958,1.874
2015-09-24,1.936,1.933,1.982,1.91
2015-09-25,1.924,1.845,1.933,1.803
2015-09-28,1.849,1.979,1.983,1.81
2015-09-29,1.935,1.952,1.977,1.911
2015-09-30,1.963,1.935,1.976,1.89
2015-10-08,2.035,2.08,2.095,1.993
2015-10-09,2.06,2.103,2.121,2.056
2015-10-12,2.113,2.22,2.266,2.103
2015-10-13,2.185,2.226,2.242,2.177
2015-10-14,2.22,2.182,2.228,2.17
2015-10-15,2.173,2.298,2.303,2.163
2015-10-16,2.307,2.329,2.34,2.267
2015-10-19,2.328,2.294,2.336,2.259
2015-10-20,2.28,2.391,2.391,2.28
2015-10-21,2.39,2.22,2.401,2.215
2015-10-22,2.225,2.348,2.348,2.225
2015-10-23,2.353,2.427,2.437,2.326
2015-10-26,2.443,2.398,2.445,2.366
2015-10-27,2.366,2.444,2.474,2.296
2015-10-28,2.409,2.36,2.455,2.351
2015-10-29,2.37,2.352,2.409,2.313
2015-10-30,2.346,2.349,2.404,2.308
2015-11-02,2.273,2.311,2.386,2.273
2015-11-03,2.303,2.305,2.33,2.281
2015-11-04,2.323,2.489,2.491,2.323
2015-11-05,2.485,2.443,2.508,2.421
2015-11-06,2.444,2.548,2.558,2.444
2015-11-09,2.521,2.583,2.617,2.478
2015-11-10,2.558,2.609,2.64,2.558
2015-11-11,2.603,2.68,2.68,2.59
2015-11-12,2.674,2.648,2.688,2.605
2015-11-13,2.606,2.58,2.63,2.548
2015-11-16,2.523,2.67,2.67,2.52
2015-11-17,2.688,2.569,2.699,2.555
2015-11-18,2.575,2.516,2.594,2.511
2015-11-19,2.526,2.624,2.63,2.526
2015-11-20,2.624,2.645,2.666,2.606
2015-11-23,2.628,2.619,2.684,2.601
2015-11-24,2.61,2.663,2.665,2.593
2015-11-25,2.654,2.746,2.755,2.65
2015-11-26,2.748,2.674,2.754,2.672
2015-11-27,2.655,2.496,2.685,2.471
2015-11-30,2.505,2.52,2.538,2.369
2015-12-01,2.51,2.507,2.545,2.449
2015-12-02,2.494,2.454,2.511,2.384
2015-12-03,2.461,2.561,2.563,2.46
2015-12-04,2.54,2.53,2.585,2.512
2015-12-07,2.534,2.571,2.591,2.527
2015-12-08,2.556,2.531,2.571,2.516
2015-12-09,2.515,2.51,2.54,2.493
2015-12-10,2.514,2.526,2.566,2.501
2015-12-11,2.519,2.51,2.541,2.502
2015-12-14,2.489,2.555,2.555,2.463
2015-12-15,2.551,2.577,2.598,2.547
2015-12-16,2.588,2.593,2.625,2.576
2015-12-17,2.611,2.674,2.674,2.611
2015-12-18,2.67,2.668,2.675,2.63
2015-12-21,2.654,2.663,2.669,2.631
2015-12-22,2.675,2.656,2.679,2.637
2015-12-23,2.658,2.6,2.666,2.599
2015-12-24,2.597,2.624,2.633,2.565
2015-12-25,2.623,2.62,2.644,2.598
2015-12-28,2.623,2.551,2.643,2.551
2015-12-29,2.547,2.58,2.584,2.539
2015-12-30,2.581,2.605,2.608,2.56
2015-12-31,2.606,2.539,2.612,2.539
2016-01-04,2.531,2.316,2.538,2.301
2016-01-05,2.24,2.275,2.336,2.2
2016-01-06,2.291,2.321,2.33,2.25
2016-01-07,2.272,2.096,2.28,2.09
2016-01-08,2.17,2.125,2.19,2.03
2016-01-11,2.067,1.999,2.109,1.99
2016-01-12,2.011,2.036,2.067,1.979
2016-01-13,2.048,1.964,2.057,1.936
2016-01-14,1.904,2.072,2.079,1.885
2016-01-15,2.041,1.997,2.07,1.98
2016-01-18,1.966,2.07,2.097,1.964
2016-01-19,2.05,2.126,2.129,2.03
2016-01-20,2.102,2.085,2.129,2.069
2016-01-21,2.059,2.006,2.126,2.006
2016-01-22,2.027,2.042,2.047,1.971
2016-01-25,2.055,2.04,2.07,2.02
2016-01-26,2.01,1.888,2.024,1.845
2016-01-27,1.899,1.887,1.907,1.794
2016-01-28,1.869,1.808,1.883,1.799
2016-01-29,1.807,1.879,1.905,1.801
2016-02-01,1.875,1.895,1.902,1.85
2016-02-02,1.897,1.972,1.986,1.894
2016-02-03,1.949,1.988,2.005,1.924
2016-02-04,1.997,2.024,2.036,1.991
2016-02-05,2.029,1.999,2.037,1.997
2016-02-15,1.933,2.017,2.027,1.921
2016-02-16,2.022,2.099,2.106,2.022
2016-02-17,2.099,2.109,2.116,2.07
2016-02-18,2.126,2.09,2.135,2.085
2016-02-19,2.081,2.106,2.123,2.079
2016-02-22,2.134,2.142,2.142,2.108
2016-02-23,2.14,2.117,2.145,2.088
2016-02-24,2.102,2.097,2.124,2.049
2016-02-25,2.094,1.896,2.095,1.888
2016-02-26,1.93,1.902,1.947,1.872
2016-02-29,1.886,1.77,1.897,1.755
2016-03-01,1.776,1.824,1.844,1.736
2016-03-02,1.823,1.912,1.918,1.813
2016-03-03,1.907,1.902,1.959,1.901
2016-03-04,1.89,1.81,1.9,1.795
2016-03-07,1.84,1.853,1.893,1.832
2016-03-08,1.847,1.888,1.895,1.761
2016-03-09,1.852,1.848,1.911,1.832
2016-03-10,1.865,1.835,1.889,1.833
2016-03-11,1.8,1.834,1.846,1.8
2016-03-14,1.86,1.925,1.948,1.858
2016-03-15,1.917,1.891,1.932,1.889
2016-03-16,1.927,1.878,1.934,1.863
2016-03-17,1.88,1.991,1.991,1.879
2016-03-18,2.015,2.076,2.095,1.992
2016-03-21,2.1,2.116,2.12,2.08
2016-03-22,2.09,2.099,2.135,2.082
2016-03-23,2.1,2.148,2.152,2.091
2016-03-24,2.122,2.1,2.16,2.093
2016-03-25,2.092,2.099,2.117,2.067
2016-03-28,2.117,2.073,2.143,2.071
2016-03-29,2.072,2.039,2.081,2.01
2016-03-30,2.058,2.134,2.135,2.05
2016-03-31,2.14,2.119,2.158,2.118
2016-04-01,2.109,2.097,2.116,2.06
2016-04-05,2.093,2.168,2.175,2.092
2016-04-06,2.168,2.181,2.193,2.16
2016-04-07,2.199,2.145,2.205,2.139
2016-04-08,2.121,2.125,2.131,2.084
2016-04-11,2.148,2.17,2.193,2.145
2016-04-12,2.17,2.162,2.179,2.129
2016-04-13,2.17,2.177,2.221,2.17
2016-04-14,2.197,2.212,2.217,2.181
2016-04-15,2.214,2.195,2.217,2.189
2016-04-18,2.176,2.16,2.178,2.139
2016-04-19,2.17,2.161,2.178,2.142
2016-04-20,2.168,2.03,2.173,2.012
2016-04-21,2.03,2.003,2.053,1.998
2016-04-22,1.989,2.038,2.038,1.983
2016-04-25,2.027,2.023,2.027,1.98
2016-04-26,2.016,2.054,2.055,2.013
2016-04-27,2.058,2.041,2.068,2.036
2016-04-28,2.041,2.048,2.054,2.004
2016-04-29,2.036,2.033,2.057,2.03
2016-05-03,2.036,2.112,2.112,2.018
2016-05-04,2.105,2.102,2.124,2.096
2016-05-05,2.098,2.116,2.119,2.091
2016-05-06,2.119,2.018,2.127,2.018
2016-05-09,2.002,1.955,2.002,1.948
2016-05-10,1.95,1.95,1.966,1.941
2016-05-11,1.963,1.93,1.97,1.93
2016-05-12,1.909,1.932,1.936,1.879
2016-05-13,1.925,1.92,1.954,1.91
2016-05-16,1.914,1.953,1.955,1.907
2016-05-17,1.954,1.977,2.002,1.932
2016-05-18,1.962,1.921,1.963,1.902
2016-05-19,1.921,1.938,1.972,1.92
2016-05-20,1.929,1.961,1.965,1.911
2016-05-23,1.967,1.992,2.004,1.967
2016-05-24,1.988,1.975,2.0,1.96
2016-05-25,1.998,1.965,2.01,1.961
2016-05-26,1.959,1.985,1.986,1.92
2016-05-27,1.975,1.968,1.989,1.963
2016-05-30,1.964,1.959,1.983,1.934
2016-05-31,1.956,2.069,2.07,1.956
2016-06-01,2.067,2.067,2.086,2.056
2016-06-02,2.065,2.088,2.09,2.06
2016-06-03,2.08,2.109,2.136,2.077
2016-06-06,2.109,2.102,2.119,2.087
2016-06-07,2.1,2.098,2.109,2.084
2016-06-08,2.091,2.092,2.106,2.072
2016-06-13,2.065,1.967,2.072,1.967
2016-06-14,1.958,1.967,1.98,1.947
2016-06-15,1.951,2.04,2.057,1.95
2016-06-16,2.034,2.009,2.047,2.005
2016-06-17,2.02,2.034,2.065,2.015
2016-06-20,2.033,2.03,2.042,1.997
2016-06-21,2.045,2.007,2.065,1.999
2016-06-22,1.998,2.055,2.06,1.998
2016-06-23,2.055,2.051,2.066,2.032
2016-06-24,2.047,2.043,2.07,1.979
2016-06-27,2.03,2.109,2.109,2.025
2016-06-28,2.095,2.128,2.132,2.085
2016-06-29,2.137,2.121,2.149,2.115
2016-06-30,2.122,2.132,2.142,2.116
2016-07-01,2.137,2.116,2.148,2.112
2016-07-04,2.103,2.153,2.161,2.101
2016-07-05,2.155,2.148,2.164,2.134
2016-07-06,2.145,2.148,2.152,2.135
2016-07-07,2.145,2.141,2.152,2.116
2016-07-08,2.137,2.145,2.16,2.127
2016-07-11,2.147,2.125,2.157,2.12
2016-07-12,2.123,2.155,2.155,2.092
2016-07-13,2.16,2.188,2.201,2.151
2016-07-14,2.188,2.19,2.194,2.173
2016-07-15,2.19,2.164,2.192,2.16
2016-07-18,2.162,2.148,2.168,2.136
2016-07-19,2.148,2.173,2.176,2.138
2016-07-20,2.174,2.165,2.188,2.165
2016-07-21,2.164,2.167,2.189,2.16
2016-07-22,2.163,2.154,2.169,2.15
2016-07-25,2.147,2.146,2.165,2.139
2016-07-26,2.147,2.182,2.182,2.146
2016-07-27,2.181,2.061,2.185,2.048
2016-07-28,2.06,2.044,2.075,2.023
2016-07-29,2.053,2.031,2.055,2.017
2016-08-01,2.024,2.013,2.028,1.981
2016-08-02,2.012,2.025,2.027,2.008
2016-08-03,2.021,2.017,2.031,2.009
2016-08-04,2.017,2.04,2.044,2.013
2016-08-05,2.036,2.022,2.04,2.02
2016-08-08,2.019,2.041,2.042,1.996
2016-08-09,2.041,2.061,2.062,2.035
2016-08-10,2.063,2.043,2.071,2.043
2016-08-11,2.04,2.017,2.047,2.015
2016-08-12,2.013,2.035,2.035,2.01
2016-08-15,2.035,2.103,2.109,2.02
2016-08-16,2.101,2.105,2.116,2.097
2016-08-17,2.106,2.112,2.122,2.099
2016-08-18,2.108,2.108,2.119,2.097
2016-08-19,2.108,2.112,2.116,2.099
2016-08-22,2.112,2.072,2.119,2.072
2016-08-23,2.073,2.084,2.093,2.058
2016-08-24,2.084,2.098,2.108,2.082
2016-08-25,2.089,2.088,2.089,2.061
2016-08-26,2.091,2.095,2.117,2.087
2016-08-29,2.089,2.101,2.116,2.088
2016-08-30,2.103,2.104,2.115,2.097
2016-08-31,2.099,2.099,2.104,2.081
2016-09-01,2.099,2.084,2.107,2.084
2016-09-02,2.079,2.081,2.093,2.068
2016-09-05,2.081,2.088,2.105,2.081
2016-09-06,2.086,2.128,2.133,2.069
2016-09-07,2.126,2.114,2.135,2.109
2016-09-08,2.115,2.128,2.128,2.112
2016-09-09,2.127,2.109,2.131,2.107
2016-09-12,2.075,2.06,2.087,2.054
2016-09-13,2.066,2.055,2.072,2.05
2016-09-14,2.046,2.051,2.065,2.04
2016-09-19,2.054,2.072,2.083,2.054
2016-09-20,2.07,2.066,2.075,2.062
2016-09-21,2.068,2.068,2.08,2.063
2016-09-22,2.08,2.072,2.085,2.07
2016-09-23,2.076,2.065,2.078,2.065
2016-09-26,2.061,2.032,2.07,2.029
2016-09-27,2.031,2.049,2.051,2.025
2016-09-28,2.052,2.05,2.053,2.04
2016-09-29,2.052,2.058,2.065,2.049
2016-09-30,2.057,2.062,2.063,2.054
2016-10-10,2.071,2.119,2.12,2.068
2016-10-11,2.119,2.118,2.119,2.106
2016-10-12,2.111,2.116,2.125,2.108
2016-10-13,2.117,2.113,2.122,2.107
2016-10-14,2.114,2.104,2.114,2.088
2016-10-17,2.104,2.079,2.106,2.068
2016-10-18,2.078,2.107,2.108,2.076
2016-10-19,2.107,2.092,2.108,2.089
2016-10-20,2.093,2.101,2.107,2.092
2016-10-21,2.102,2.09,2.11,2.079
2016-10-24,2.09,2.109,2.116,2.086
2016-10-25,2.111,2.109,2.117,2.104
2016-10-26,2.106,2.094,2.112,2.088
2016-10-27,2.092,2.092,2.095,2.081
2016-10-28,2.09,2.071,2.105,2.071
2016-10-31,2.07,2.071,2.074,2.057
2016-11-01,2.071,2.082,2.087,2.069
2016-11-02,2.079,2.054,2.081,2.053
2016-11-03,2.045,2.062,2.076,2.045
2016-11-04,2.059,2.056,2.08,2.05
2016-11-07,2.054,2.043,2.057,2.038
2016-11-08,2.048,2.063,2.068,2.046
2016-11-09,2.062,2.032,2.066,2.012
2016-11-10,2.052,2.053,2.062,2.051
2016-11-11,2.051,2.06,2.062,2.037
2016-11-14,2.057,2.07,2.087,2.057
2016-11-15,2.07,2.089,2.089,2.061
2016-11-16,2.096,2.091,2.118,2.09
2016-11-17,2.085,2.074,2.085,2.067
2016-11-18,2.074,2.07,2.081,2.065
2016-11-21,2.065,2.061,2.075,2.056
2016-11-22,2.064,2.086,2.086,2.059
2016-11-23,2.09,2.075,2.1,2.073
2016-11-24,2.067,2.054,2.08,2.054
2016-11-25,2.052,2.076,2.078,2.03
2016-11-28,2.079,2.071,2.086,2.067
2016-11-29,2.068,2.073,2.086,2.064
2016-11-30,2.068,2.092,2.11,2.063
2016-12-01,2.09,2.089,2.097,2.083
2016-12-02,2.087,2.055,2.096,2.055
2016-12-05,2.045,2.055,2.071,2.038
2016-12-06,2.058,2.036,2.066,2.033
2016-12-07,2.04,2.044,2.045,2.025
2016-12-08,2.044,2.028,2.045,2.026
2016-12-09,2.025,2.013,2.029,2.011
2016-12-12,2.01,1.902,2.011,1.895
2016-12-13,1.9,1.9,1.911,1.879
2016-12-14,1.898,1.88,1.905,1.873
2016-12-15,1.877,1.893,1.908,1.873
2016-12-16,1.888,1.908,1.922,1.886
2016-12-19,1.907,1.896,1.909,1.891
2016-12-20,1.897,1.897,1.906,1.89
2016-12-21,1.899,1.904,1.912,1.897
2016-12-22,1.903,1.897,1.904,1.889
2016-12-23,1.893,1.874,1.903,1.874
2016-12-26,1.869,1.886,1.887,1.848
2016-12-27,1.883,1.881,1.892,1.879
2016-12-28,1.879,1.87,1.884,1.861
2016-12-29,1.869,1.876,1.887,1.866
2016-12-30,1.878,1.881,1.885,1.871
2017-01-03,1.882,1.881,1.89,1.876
2017-01-04,1.882,1.907,1.909,1.876
2017-01-05,1.904,1.901,1.908,1.897
2017-01-06,1.897,1.886,1.897,1.88
2017-01-09,1.883,1.878,1.889,1.869
2017-01-10,1.877,1.869,1.885,1.868
2017-01-11,1.863,1.857,1.877,1.853
2017-01-12,1.851,1.849,1.867,1.849
2017-01-13,1.849,1.82,1.854,1.816
2017-01-16,1.82,1.756,1.82,1.711
2017-01-17,1.748,1.787,1.797,1.73
2017-01-18,1.78,1.767,1.785,1.763
2017-01-19,1.765,1.768,1.775,1.756
2017-01-20,1.762,1.801,1.813,1.762
2017-01-23,1.798,1.807,1.818,1.797
2017-01-24,1.807,1.786,1.807,1.78
2017-01-25,1.78,1.794,1.798,1.777
2017-01-26,1.794,1.804,1.81,1.794
2017-02-03,1.806,1.802,1.809,1.794
2017-02-06,1.799,1.82,1.825,1.796
2017-02-07,1.816,1.807,1.822,1.803
2017-02-08,1.806,1.822,1.825,1.803
2017-02-09,1.822,1.833,1.84,1.821
2017-02-10,1.833,1.824,1.835,1.821
2017-02-13,1.82,1.833,1.842,1.815
2017-02-14,1.831,1.827,1.839,1.826
2017-02-15,1.828,1.812,1.842,1.81
2017-02-16,1.808,1.817,1.822,1.807
2017-02-17,1.817,1.801,1.826,1.8
2017-02-20,1.804,1.817,1.817,1.798
2017-02-21,1.817,1.842,1.845,1.815
2017-02-22,1.844,1.838,1.845,1.83
2017-02-23,1.838,1.848,1.848,1.825
2017-02-24,1.846,1.859,1.859,1.841
2017-02-27,1.859,1.847,1.864,1.841
2017-02-28,1.847,1.846,1.85,1.836
2017-03-01,1.842,1.85,1.86,1.842
2017-03-02,1.851,1.841,1.856,1.84
2017-03-03,1.836,1.849,1.852,1.829
2017-03-06,1.848,1.883,1.884,1.847
2017-03-07,1.885,1.895,1.896,1.875
2017-03-08,1.895,1.884,1.895,1.879
2017-03-09,1.877,1.869,1.881,1.867
2017-03-10,1.868,1.868,1.876,1.863
2017-03-13,1.864,1.89,1.89,1.857
2017-03-14,1.888,1.875,1.888,1.868
2017-03-15,1.871,1.876,1.882,1.863
2017-03-16,1.875,1.882,1.886,1.875
2017-03-17,1.883,1.862,1.9,1.862
2017-03-20,1.863,1.87,1.871,1.856
2017-03-21,1.869,1.879,1.879,1.866
2017-03-22,1.87,1.864,1.879,1.858
2017-03-23,1.866,1.865,1.879,1.85
2017-03-24,1.865,1.882,1.884,1.863
2017-03-27,1.878,1.864,1.885,1.863
2017-03-28,1.863,1.863,1.871,1.859
2017-03-29,1.865,1.845,1.869,1.844
2017-03-30,1.841,1.813,1.845,1.811
2017-03-31,1.814,1.826,1.827,1.814
2017-04-05,1.831,1.861,1.861,1.831
2017-04-06,1.863,1.859,1.869,1.855
2017-04-07,1.859,1.865,1.871,1.852
2017-04-10,1.865,1.832,1.865,1.828
2017-04-11,1.829,1.836,1.84,1.81
2017-04-12,1.832,1.819,1.834,1.815
2017-04-13,1.819,1.835,1.84,1.814
2017-04-14,1.829,1.81,1.834,1.808
2017-04-17,1.806,1.79,1.809,1.785
2017-04-18,1.79,1.772,1.799,1.77
2017-04-19,1.767,1.763,1.77,1.738
2017-04-20,1.765,1.77,1.778,1.758
2017-04-21,1.77,1.761,1.784,1.756
2017-04-24,1.759,1.737,1.759,1.723
2017-04-25,1.736,1.742,1.755,1.732
2017-04-26,1.74,1.743,1.747,1.734
2017-04-27,1.739,1.764,1.774,1.721
2017-04-28,1.76,1.777,1.779,1.758
2017-05-02,1.775,1.773,1.778,1.766
2017-05-03,1.767,1.763,1.778,1.755
2017-05-04,1.761,1.769,1.781,1.753
2017-05-05,1.76,1.743,1.765,1.743
2017-05-08,1.735,1.716,1.75,1.715
2017-05-09,1.709,1.726,1.73,1.699
2017-05-10,1.725,1.7,1.74,1.699
2017-05-11,1.69,1.696,1.698,1.657
2017-05-12,1.692,1.698,1.7,1.677
2017-05-15,1.701,1.704,1.713,1.698
2017-05-16,1.698,1.741,1.741,1.69
2017-05-17,1.74,1.743,1.759,1.737
2017-05-18,1.734,1.738,1.752,1.731
2017-05-19,1.737,1.725,1.739,1.719
2017-05-22,1.723,1.711,1.738,1.702
2017-05-23,1.706,1.681,1.714,1.681
2017-05-24,1.676,1.703,1.703,1.658
2017-05-25,1.698,1.703,1.713,1.671
2017-05-26,1.696,1.689,1.705,1.684
2017-05-31,1.719,1.692,1.719,1.692
2017-06-01,1.687,1.661,1.688,1.66
2017-06-02,1.652,1.678,1.687,1.643
2017-06-05,1.681,1.689,1.699,1.68
2017-06-06,1.686,1.692,1.702,1.684
2017-06-07,1.692,1.73,1.733,1.689
2017-06-08,1.728,1.722,1.733,1.718
2017-06-09,1.718,1.725,1.726,1.71
2017-06-12,1.715,1.702,1.718,1.7
2017-06-13,1.702,1.723,1.728,1.699
2017-06-14,1.721,1.72,1.726,1.713
2017-06-15,1.719,1.744,1.753,1.717
2017-06-16,1.744,1.739,1.747,1.736
2017-06-19,1.737,1.746,1.747,1.736
2017-06-20,1.747,1.748,1.763,1.745
2017-06-21,1.756,1.753,1.758,1.737
2017-06-22,1.752,1.725,1.758,1.721
2017-06-23,1.724,1.737,1.737,1.706
2017-06-26,1.734,1.749,1.75,1.725
2017-06-27,1.749,1.746,1.758,1.743
2017-06-28,1.743,1.734,1.745,1.73
2017-06-29,1.733,1.742,1.751,1.731
2017-06-30,1.737,1.748,1.748,1.731
2017-07-03,1.747,1.764,1.764,1.743
2017-07-04,1.764,1.755,1.764,1.749
2017-07-05,1.753,1.761,1.763,1.745
2017-07-06,1.76,1.753,1.766,1.743
2017-07-07,1.747,1.75,1.752,1.743
2017-07-10,1.745,1.716,1.745,1.715
2017-07-11,1.712,1.696,1.719,1.696
2017-07-12,1.694,1.697,1.703,1.678
2017-07-13,1.693,1.686,1.696,1.68
2017-07-14,1.68,1.662,1.682,1.661
2017-07-17,1.647,1.57,1.648,1.569
2017-07-18,1.561,1.579,1.589,1.554
2017-07-19,1.573,1.593,1.595,1.561
2017-07-20,1.59,1.59,1.617,1.587
2017-07-21,1.588,1.591,1.602,1.586
2017-07-24,1.589,1.599,1.602,1.582
2017-07-25,1.598,1.599,1.606,1.59
2017-07-26,1.597,1.588,1.6,1.586
2017-07-27,1.588,1.665,1.665,1.584
2017-07-28,1.659,1.647,1.662,1.643
2017-07-31,1.645,1.652,1.654,1.636
2017-08-01,1.651,1.65,1.654,1.639
2017-08-02,1.65,1.638,1.658,1.638
2017-08-03,1.634,1.651,1.672,1.63
2017-08-04,1.648,1.636,1.65,1.635
2017-08-07,1.636,1.651,1.66,1.635
2017-08-08,1.652,1.678,1.679,1.646
2017-08-09,1.677,1.675,1.688,1.668
2017-08-10,1.674,1.669,1.69,1.661
2017-08-11,1.661,1.659,1.678,1.656
2017-08-14,1.664,1.702,1.702,1.662
2017-08-15,1.704,1.706,1.71,1.695
2017-08-16,1.704,1.735,1.745,1.701
2017-08-17,1.728,1.746,1.753,1.725
2017-08-18,1.738,1.733,1.746,1.728
2017-08-21,1.737,1.737,1.743,1.728
2017-08-22,1.737,1.726,1.742,1.72
2017-08-23,1.722,1.717,1.732,1.714
2017-08-24,1.716,1.705,1.726,1.705
2017-08-25,1.702,1.723,1.729,1.702
2017-08-28,1.729,1.755,1.772,1.727
2017-08-29,1.753,1.743,1.766,1.743
2017-08-30,1.745,1.756,1.768,1.743
2017-08-31,1.758,1.765,1.767,1.755
2017-09-01,1.768,1.776,1.78,1.755
2017-09-04,1.773,1.796,1.799,1.769
2017-09-05,1.795,1.796,1.804,1.785
2017-09-06,1.792,1.813,1.814,1.79
2017-09-07,1.813,1.8,1.828,1.797
2017-09-08,1.797,1.791,1.807,1.783
2017-09-11,1.79,1.807,1.807,1.788
2017-09-12,1.811,1.793,1.815,1.792
2017-09-13,1.792,1.797,1.798,1.784
2017-09-14,1.797,1.787,1.803,1.783
2017-09-15,1.785,1.782,1.792,1.78
2017-09-18,1.782,1.808,1.808,1.78
2017-09-19,1.807,1.79,1.811,1.785
2017-09-20,1.788,1.801,1.803,1.786
2017-09-21,1.802,1.78,1.808,1.78
2017-09-22,1.775,1.773,1.78,1.762
2017-09-25,1.77,1.75,1.778,1.748
2017-09-26,1.749,1.746,1.758,1.734
2017-09-27,1.75,1.757,1.766,1.748
2017-09-28,1.758,1.761,1.771,1.757
2017-09-29,1.764,1.78,1.78,1.764
2017-10-09,1.797,1.8,1.81,1.79
2017-10-10,1.798,1.828,1.828,1.797
2017-10-11,1.83,1.814,1.835,1.811
2017-10-12,1.812,1.811,1.819,1.799
2017-10-13,1.811,1.84,1.84,1.806
2017-10-16,1.84,1.796,1.84,1.795
2017-10-17,1.791,1.786,1.798,1.781
2017-10-18,1.789,1.778,1.8,1.778
2017-10-19,1.777,1.775,1.787,1.767
2017-10-20,1.773,1.794,1.795,1.771
2017-10-23,1.791,1.806,1.812,1.788
2017-10-24,1.805,1.812,1.812,1.791
2017-10-25,1.808,1.818,1.822,1.802
2017-10-26,1.819,1.823,1.826,1.808
2017-10-27,1.821,1.801,1.822,1.801
2017-10-30,1.801,1.764,1.807,1.759
2017-10-31,1.764,1.773,1.778,1.762
2017-11-01,1.773,1.769,1.781,1.768
2017-11-02,1.766,1.745,1.767,1.745
2017-11-03,1.742,1.732,1.757,1.726
2017-11-06,1.732,1.754,1.754,1.719
2017-11-07,1.753,1.76,1.76,1.742
2017-11-08,1.758,1.765,1.783,1.755
2017-11-09,1.764,1.779,1.783,1.755
2017-11-10,1.778,1.8,1.8,1.775
2017-11-13,1.799,1.799,1.807,1.794
2017-11-14,1.8,1.788,1.808,1.781
2017-11-15,1.786,1.758,1.789,1.755
2017-11-16,1.756,1.765,1.771,1.751
2017-11-17,1.762,1.723,1.771,1.722
2017-11-20,1.719,1.755,1.755,1.697
2017-11-21,1.747,1.75,1.759,1.737
2017-11-22,1.748,1.744,1.762,1.732
2017-11-23,1.737,1.692,1.74,1.691
2017-11-24,1.687,1.678,1.695,1.678
2017-11-27,1.671,1.66,1.692,1.657
2017-11-28,1.66,1.682,1.686,1.658
2017-11-29,1.682,1.674,1.684,1.661
2017-11-30,1.673,1.663,1.681,1.657
2017-12-01,1.665,1.687,1.695,1.662
2017-12-04,1.683,1.676,1.692,1.673
2017-12-05,1.674,1.644,1.679,1.632
2017-12-06,1.647,1.663,1.664,1.631
2017-12-07,1.662,1.656,1.673,1.654
2017-12-08,1.656,1.675,1.688,1.654
2017-12-11,1.682,1.698,1.698,1.678
2017-12-12,1.698,1.675,1.699,1.675
2017-12-13,1.679,1.691,1.692,1.67
2017-12-14,1.689,1.68,1.692,1.674
2017-12-15,1.681,1.673,1.684,1.666
2017-12-18,1.673,1.667,1.676,1.66
2017-12-19,1.668,1.683,1.688,1.668
2017-12-20,1.68,1.661,1.682,1.661
2017-12-21,1.659,1.668,1.68,1.647
2017-12-22,1.669,1.663,1.676,1.662
2017-12-25,1.662,1.642,1.663,1.634
2017-12-26,1.642,1.644,1.646,1.631
2017-12-27,1.644,1.63,1.647,1.626
2017-12-28,1.629,1.637,1.647,1.627
2017-12-29,1.638,1.644,1.644,1.632
2018-01-02,1.65,1.665,1.676,1.646
2018-01-03,1.666,1.689,1.693,1.663
2018-01-04,1.686,1.693,1.693,1.682
2018-01-05,1.693,1.696,1.7,1.691
2018-01-08,1.694,1.701,1.701,1.682
2018-01-09,1.699,1.699,1.702,1.694
2018-01-10,1.695,1.689,1.699,1.679
2018-01-11,1.686,1.701,1.707,1.675
2018-01-12,1.7,1.685,1.7,1.684
2018-01-15,1.68,1.634,1.681,1.63
2018-01-16,1.632,1.631,1.642,1.621
2018-01-17,1.628,1.639,1.647,1.601
2018-01-18,1.633,1.636,1.651,1.631
2018-01-19,1.64,1.63,1.648,1.629
2018-01-22,1.623,1.67,1.674,1.616
2018-01-23,1.668,1.667,1.676,1.661
2018-01-24,1.672,1.714,1.723,1.653
2018-01-25,1.714,1.708,1.751,1.705
2018-01-26,1.708,1.72,1.733,1.705
2018-01-29,1.72,1.701,1.725,1.692
2018-01-30,1.698,1.687,1.709,1.681
2018-01-31,1.68,1.633,1.68,1.632
2018-02-01,1.634,1.603,1.647,1.602
2018-02-02,1.593,1.607,1.627,1.582
2018-02-05,1.586,1.594,1.601,1.582
2018-02-06,1.57,1.505,1.578,1.502
2018-02-07,1.539,1.523,1.543,1.48
2018-02-08,1.515,1.548,1.556,1.512
2018-02-09,1.51,1.502,1.535,1.482
2018-02-12,1.515,1.553,1.562,1.51
2018-02-13,1.561,1.557,1.574,1.547
2018-02-14,1.555,1.549,1.556,1.539
2018-02-22,1.563,1.58,1.581,1.554
2018-02-23,1.576,1.572,1.584,1.561
2018-02-26,1.585,1.63,1.633,1.575
2018-02-27,1.63,1.639,1.656,1.625
2018-02-28,1.628,1.651,1.672,1.622
2018-03-01,1.64,1.687,1.687,1.632
2018-03-02,1.68,1.669,1.699,1.664
2018-03-05,1.678,1.69,1.693,1.665
2018-03-06,1.693,1.693,1.705,1.685
2018-03-07,1.691,1.679,1.695,1.675
2018-03-08,1.679,1.686,1.692,1.674
2018-03-09,1.688,1.755,1.755,1.685
2018-03-12,1.773,1.777,1.795,1.763
2018-03-13,1.772,1.767,1.791,1.758
2018-03-14,1.761,1.741,1.767,1.735
2018-03-15,1.73,1.742,1.743,1.707
2018-03-16,1.74,1.716,1.75,1.715
2018-03-19,1.712,1.736,1.754,1.711
2018-03-20,1.721,1.76,1.762,1.719
2018-03-21,1.76,1.72,1.768,1.718
2018-03-22,1.726,1.711,1.735,1.71
2018-03-23,1.666,1.622,1.688,1.61
2018-03-26,1.609,1.673,1.679,1.595
2018-03-27,1.69,1.738,1.74,1.686
2018-03-28,1.717,1.73,1.748,1.714
2018-03-29,1.736,1.739,1.75,1.719
2018-03-30,1.744,1.791,1.791,1.739
2018-04-02,1.805,1.788,1.81,1.781
2018-04-03,1.765,1.764,1.778,1.744
2018-04-04,1.773,1.732,1.779,1.732
2018-04-09,1.732,1.737,1.757,1.716
2018-04-10,1.733,1.732,1.738,1.71
2018-04-11,1.737,1.729,1.753,1.728
2018-04-12,1.725,1.72,1.745,1.72
2018-04-13,1.736,1.721,1.743,1.72
2018-04-16,1.722,1.736,1.748,1.714
2018-04-17,1.737,1.683,1.745,1.681
2018-04-18,1.692,1.718,1.732,1.659
2018-04-19,1.711,1.715,1.735,1.707
2018-04-20,1.711,1.684,1.726,1.679
2018-04-23,1.684,1.653,1.692,1.631
2018-04-24,1.653,1.705,1.705,1.651
2018-04-25,1.698,1.715,1.724,1.695
2018-04-26,1.713,1.681,1.716,1.68
2018-04-27,1.689,1.707,1.711,1.681
2018-05-02,1.711,1.701,1.729,1.687
2018-05-03,1.697,1.726,1.726,1.668
2018-05-04,1.72,1.712,1.728,1.71
2018-05-07,1.717,1.749,1.753,1.715
2018-05-08,1.751,1.753,1.753,1.736
2018-05-09,1.75,1.749,1.756,1.741
2018-05-10,1.751,1.762,1.763,1.743
2018-05-11,1.762,1.734,1.765,1.732
2018-05-14,1.732,1.728,1.741,1.724
2018-05-15,1.726,1.756,1.757,1.724
2018-05-16,1.749,1.745,1.758,1.742
2018-05-17,1.742,1.729,1.747,1.725
2018-05-18,1.726,1.731,1.736,1.712
2018-05-21,1.742,1.757,1.767,1.742
2018-05-22,1.757,1.77,1.772,1.752
2018-05-23,1.764,1.745,1.771,1.744
2018-05-24,1.744,1.737,1.752,1.735
2018-05-25,1.736,1.705,1.739,1.704
2018-05-28,1.702,1.698,1.716,1.69
2018-05-29,1.698,1.678,1.713,1.677
2018-05-30,1.659,1.633,1.662,1.626
2018-05-31,1.646,1.649,1.652,1.621
2018-06-01,1.641,1.62,1.648,1.609
2018-06-04,1.624,1.613,1.627,1.602
2018-06-05,1.615,1.653,1.655,1.613
2018-06-06,1.648,1.65,1.656,1.642
2018-06-07,1.653,1.636,1.657,1.634
2018-06-08,1.63,1.62,1.633,1.607
2018-06-11,1.617,1.601,1.618,1.596
2018-06-12,1.602,1.619,1.624,1.592
2018-06-13,1.616,1.597,1.618,1.596
2018-06-14,1.591,1.587,1.613,1.581
2018-06-15,1.586,1.554,1.593,1.55
2018-06-19,1.535,1.467,1.54,1.449
2018-06-20,1.461,1.478,1.492,1.444
2018-06-21,1.475,1.441,1.486,1.441
2018-06-22,1.434,1.466,1.473,1.427
2018-06-25,1.479,1.455,1.482,1.454
2018-06-26,1.444,1.485,1.488,1.437
2018-06-27,1.479,1.466,1.489,1.462
2018-06-28,1.463,1.462,1.487,1.459
2018-06-29,1.464,1.524,1.527,1.464
2018-07-02,1.522,1.503,1.526,1.489
2018-07-03,1.507,1.52,1.531,1.477
2018-07-04,1.511,1.486,1.514,1.476
2018-07-05,1.479,1.452,1.496,1.451
2018-07-06,1.451,1.464,1.493,1.443
2018-07-09,1.474,1.504,1.505,1.47
2018-07-10,1.505,1.516,1.517,1.5
2018-07-11,1.49,1.488,1.5,1.468
2018-07-12,1.49,1.54,1.545,1.489
2018-07-13,1.537,1.542,1.548,1.532
2018-07-16,1.536,1.542,1.546,1.528
2018-07-17,1.54,1.543,1.545,1.521
2018-07-18,1.545,1.532,1.557,1.531
2018-07-19,1.532,1.514,1.543,1.508
2018-07-20,1.511,1.535,1.54,1.505
2018-07-23,1.534,1.54,1.541,1.515
2018-07-24,1.54,1.549,1.562,1.53
2018-07-25,1.549,1.551,1.567,1.547
2018-07-26,1.551,1.534,1.557,1.526
2018-07-27,1.529,1.518,1.532,1.515
2018-07-30,1.514,1.484,1.52,1.482
2018-07-31,1.483,1.489,1.499,1.481
2018-08-01,1.494,1.471,1.507,1.471
2018-08-02,1.465,1.44,1.467,1.415
2018-08-03,1.44,1.414,1.45,1.411
2018-08-06,1.405,1.374,1.416,1.368
2018-08-07,1.381,1.412,1.412,1.369
2018-08-08,1.403,1.381,1.408,1.379
2018-08-09,1.379,1.426,1.437,1.376
2018-08-10,1.424,1.437,1.441,1.421
2018-08-13,1.422,1.458,1.46,1.42
2018-08-14,1.454,1.446,1.458,1.44
2018-08-15,1.445,1.409,1.446,1.403
2018-08-16,1.391,1.396,1.419,1.381
2018-08-17,1.407,1.369,1.41,1.366
2018-08-20,1.363,1.367,1.376,1.34
2018-08-21,1.366,1.387,1.393,1.363
2018-08-22,1.385,1.375,1.389,1.37
2018-08-23,1.376,1.388,1.395,1.373
2018-08-24,1.38,1.382,1.394,1.376
2018-08-27,1.387,1.426,1.426,1.385
2018-08-28,1.425,1.423,1.429,1.416
2018-08-29,1.42,1.411,1.421,1.405
2018-08-30,1.41,1.389,1.415,1.389
2018-08-31,1.383,1.369,1.387,1.366
2018-09-03,1.364,1.375,1.379,1.35
2018-09-04,1.373,1.385,1.394,1.365
2018-09-05,1.38,1.363,1.387,1.363
2018-09-06,1.358,1.355,1.377,1.351
2018-09-07,1.36,1.36,1.386,1.351
2018-09-10,1.353,1.327,1.36,1.325
2018-09-11,1.327,1.332,1.342,1.32
2018-09-12,1.331,1.32,1.341,1.32
2018-09-13,1.336,1.326,1.341,1.307
2018-09-14,1.326,1.304,1.332,1.304
2018-09-17,1.296,1.288,1.302,1.282
2018-09-18,1.286,1.312,1.314,1.283
2018-09-19,1.308,1.324,1.339,1.303
2018-09-20,1.321,1.32,1.333,1.319
2018-09-21,1.325,1.343,1.346,1.317
2018-09-25,1.333,1.338,1.347,1.331
2018-09-26,1.339,1.352,1.361,1.334
2018-09-27,1.35,1.333,1.353,1.332
2018-09-28,1.337,1.346,1.346,1.327
2018-10-08,1.317,1.289,1.322,1.286
2018-10-09,1.294,1.283,1.301,1.275
2018-10-10,1.284,1.282,1.293,1.271
2018-10-11,1.243,1.196,1.249,1.19
2018-10-12,1.192,1.206,1.215,1.173
2018-10-15,1.205,1.19,1.22,1.189
2018-10-16,1.192,1.16,1.195,1.154
2018-10-17,1.173,1.174,1.182,1.149
2018-10-18,1.163,1.153,1.173,1.151
2018-10-19,1.141,1.189,1.197,1.136
2018-10-22,1.22,1.26,1.268,1.211
2018-10-23,1.26,1.231,1.263,1.222
2018-10-24,1.231,1.226,1.246,1.22
2018-10-25,1.19,1.216,1.224,1.183
2018-10-26,1.221,1.203,1.233,1.198
2018-10-29,1.205,1.192,1.213,1.188
2018-10-30,1.189,1.204,1.221,1.168
2018-10-31,1.205,1.216,1.229,1.201
2018-11-01,1.231,1.227,1.253,1.227
2018-11-02,1.28,1.291,1.292,1.257
2018-11-05,1.284,1.287,1.308,1.261
2018-11-06,1.278,1.286,1.287,1.263
2018-11-07,1.287,1.282,1.303,1.28
2018-11-08,1.293,1.265,1.295,1.264
2018-11-09,1.256,1.26,1.272,1.252
2018-11-12,1.258,1.305,1.307,1.256
2018-11-13,1.293,1.326,1.333,1.291
2018-11-14,1.321,1.32,1.333,1.315
2018-11-15,1.315,1.336,1.338,1.314
2018-11-16,1.337,1.332,1.345,1.322
2018-11-19,1.328,1.325,1.332,1.31
2018-11-20,1.316,1.291,1.317,1.282
2018-11-21,1.285,1.294,1.296,1.274
2018-11-22,1.294,1.285,1.302,1.282
2018-11-23,1.289,1.248,1.289,1.244
2018-11-26,1.247,1.244,1.254,1.234
2018-11-27,1.251,1.253,1.259,1.245
2018-11-28,1.253,1.277,1.277,1.243
2018-11-29,1.284,1.247,1.287,1.245
2018-11-30,1.244,1.264,1.269,1.241
2018-12-03,1.301,1.31,1.316,1.292
2018-12-04,1.308,1.315,1.315,1.303
2018-12-05,1.297,1.315,1.326,1.293
2018-12-06,1.305,1.28,1.313,1.277
2018-12-07,1.284,1.275,1.287,1.273
2018-12-10,1.269,1.264,1.277,1.263
2018-12-11,1.269,1.277,1.277,1.266
2018-12-12,1.283,1.276,1.286,1.273
2018-12-13,1.277,1.286,1.295,1.265
2018-12-14,1.282,1.248,1.283,1.247
2018-12-17,1.242,1.24,1.247,1.227
2018-12-18,1.232,1.232,1.248,1.224
2018-12-19,1.234,1.209,1.235,1.207
2018-12-20,1.209,1.219,1.223,1.206
2018-12-21,1.216,1.213,1.22,1.203
2018-12-24,1.212,1.226,1.228,1.206
2018-12-25,1.216,1.217,1.224,1.191
2018-12-26,1.216,1.211,1.225,1.209
2018-12-27,1.229,1.192,1.232,1.191
2018-12-28,1.194,1.194,1.202,1.186
2019-01-02,1.198,1.178,1.199,1.176
2019-01-03,1.176,1.164,1.189,1.163
2019-01-04,1.155,1.195,1.195,1.152
2019-01-07,1.197,1.214,1.218,1.193
2019-01-08,1.21,1.211,1.217,1.207
2019-01-09,1.212,1.21,1.232,1.207
2019-01-10,1.208,1.207,1.219,1.203
2019-01-11,1.207,1.209,1.214,1.201
2019-01-14,1.21,1.195,1.212,1.193
2019-01-15,1.194,1.216,1.216,1.189
2019-01-16,1.214,1.214,1.224,1.21
2019-01-17,1.215,1.198,1.215,1.198
2019-01-18,1.203,1.216,1.218,1.198
2019-01-21,1.218,1.222,1.231,1.213
2019-01-22,1.219,1.201,1.22,1.196
2019-01-23,1.198,1.197,1.204,1.194
2019-01-24,1.199,1.211,1.221,1.197
2019-01-25,1.212,1.214,1.224,1.209
2019-01-28,1.22,1.208,1.227,1.205
2019-01-29,1.205,1.192,1.207,1.18
2019-01-30,1.183,1.183,1.197,1.182
2019-01-31,1.183,1.178,1.194,1.172
2019-02-01,1.182,1.221,1.222,1.182
2019-02-11,1.223,1.264,1.266,1.223
2019-02-12,1.262,1.278,1.281,1.259
2019-02-13,1.279,1.301,1.305,1.277
2019-02-14,1.3,1.304,1.313,1.293
2019-02-15,1.301,1.302,1.314,1.299
2019-02-18,1.31,1.357,1.357,1.308
2019-02-19,1.359,1.346,1.368,1.333
2019-02-20,1.346,1.348,1.357,1.33
2019-02-21,1.344,1.355,1.391,1.34
2019-02-22,1.348,1.406,1.406,1.347
2019-02-25,1.432,1.492,1.495,1.416
2019-02-26,1.487,1.479,1.519,1.459
2019-02-27,1.475,1.458,1.491,1.436
2019-02-28,1.456,1.47,1.482,1.454
2019-03-01,1.489,1.5,1.502,1.466
2019-03-04,1.526,1.556,1.582,1.525
2019-03-05,1.548,1.615,1.615,1.526
2019-03-06,1.624,1.635,1.641,1.59
2019-03-07,1.628,1.621,1.648,1.597
2019-03-08,1.572,1.584,1.644,1.564
2019-03-11,1.6,1.658,1.658,1.581
2019-03-12,1.675,1.696,1.715,1.659
2019-03-13,1.69,1.618,1.69,1.608
2019-03-14,1.604,1.583,1.625,1.556
2019-03-15,1.596,1.589,1.612,1.572
2019-03-18,1.598,1.634,1.634,1.581
2019-03-19,1.633,1.633,1.655,1.619
2019-03-20,1.628,1.613,1.632,1.583
2019-03-21,1.61,1.627,1.643,1.604
2019-03-22,1.628,1.621,1.629,1.589
2019-03-25,1.594,1.598,1.622,1.588
2019-03-26,1.608,1.556,1.61,1.554
2019-03-27,1.567,1.568,1.574,1.546
2019-03-28,1.557,1.556,1.588,1.553
2019-03-29,1.564,1.624,1.627,1.559
2019-04-01,1.635,1.694,1.695,1.635
2019-04-02,1.696,1.682,1.704,1.675
2019-04-03,1.673,1.7,1.701,1.669
2019-04-04,1.704,1.701,1.71,1.688
2019-04-08,1.709,1.665,1.716,1.645
2019-04-09,1.657,1.667,1.677,1.646
2019-04-10,1.657,1.654,1.668,1.639
2019-04-11,1.655,1.619,1.657,1.616
2019-04-12,1.616,1.624,1.63,1.611
2019-04-15,1.647,1.596,1.651,1.594
2019-04-16,1.586,1.629,1.629,1.568
2019-04-17,1.623,1.642,1.655,1.621
2019-04-18,1.637,1.629,1.645,1.629
2019-04-19,1.63,1.645,1.645,1.617
2019-04-22,1.645,1.624,1.649,1.617
2019-04-23,1.619,1.61,1.636,1.603
2019-04-24,1.616,1.646,1.648,1.603
2019-04-25,1.635,1.598,1.649,1.596
2019-04-26,1.591,1.589,1.61,1.584
2019-04-29,1.589,1.549,1.594,1.541
2019-04-30,1.546,1.553,1.565,1.54
2019-05-06,1.496,1.424,1.497,1.421
2019-05-07,1.442,1.438,1.46,1.413
2019-05-08,1.41,1.419,1.45,1.405
2019-05-09,1.41,1.409,1.429,1.405
2019-05-10,1.427,1.465,1.473,1.402
2019-05-13,1.448,1.441,1.457,1.43
2019-05-14,1.432,1.431,1.453,1.43
2019-05-15,1.444,1.462,1.469,1.438
2019-05-16,1.461,1.468,1.472,1.451
2019-05-17,1.469,1.416,1.471,1.411
2019-05-20,1.412,1.407,1.418,1.391
2019-05-21,1.409,1.43,1.441,1.405
2019-05-22,1.428,1.427,1.44,1.415
2019-05-23,1.42,1.392,1.422,1.389
2019-05-24,1.392,1.384,1.403,1.377
2019-05-27,1.387,1.428,1.436,1.383
2019-05-28,1.431,1.432,1.442,1.421
2019-05-29,1.428,1.432,1.445,1.424
2019-05-30,1.429,1.422,1.433,1.405
2019-05-31,1.423,1.425,1.437,1.416
2019-06-03,1.428,1.411,1.438,1.407
2019-06-04,1.407,1.4,1.416,1.392
2019-06-05,1.412,1.393,1.415,1.391
2019-06-06,1.391,1.363,1.394,1.355
2019-06-10,1.364,1.376,1.383,1.356
2019-06-11,1.374,1.43,1.432,1.373
2019-06-12,1.425,1.412,1.427,1.41
2019-06-13,1.412,1.422,1.426,1.406
2019-06-14,1.421,1.397,1.428,1.395
2019-06-17,1.395,1.39,1.405,1.385
2019-06-18,1.392,1.4,1.405,1.383
2019-06-19,1.445,1.417,1.466,1.414
2019-06-20,1.415,1.442,1.454,1.41
2019-06-21,1.491,1.473,1.494,1.462
2019-06-24,1.467,1.46,1.47,1.453
2019-06-25,1.458,1.442,1.458,1.426
2019-06-26,1.433,1.448,1.455,1.431
2019-06-27,1.45,1.469,1.473,1.45
2019-06-28,1.468,1.457,1.468,1.444
2019-07-01,1.487,1.511,1.512,1.477
2019-07-02,1.506,1.511,1.518,1.503
2019-07-03,1.506,1.488,1.506,1.482
2019-07-04,1.489,1.476,1.494,1.469
2019-07-05,1.475,1.492,1.496,1.474
2019-07-08,1.488,1.45,1.488,1.439
2019-07-09,1.45,1.462,1.467,1.447
2019-07-10,1.465,1.456,1.468,1.45
2019-07-11,1.464,1.458,1.476,1.452
2019-07-12,1.458,1.465,1.472,1.451
2019-07-15,1.458,1.489,1.502,1.441
2019-07-16,1.486,1.489,1.494,1.481
2019-07-17,1.486,1.492,1.505,1.483
2019-07-18,1.486,1.47,1.487,1.469
2019-07-19,1.473,1.486,1.497,1.473
2019-07-22,1.488,1.461,1.491,1.453
2019-07-23,1.46,1.481,1.481,1.46
2019-07-24,1.483,1.498,1.506,1.482
2019-07-25,1.493,1.506,1.511,1.493
2019-07-26,1.502,1.506,1.508,1.495
2019-07-29,1.504,1.509,1.509,1.497
2019-07-30,1.508,1.522,1.536,1.506
2019-07-31,1.515,1.512,1.521,1.51
2019-08-01,1.506,1.516,1.52,1.502
2019-08-02,1.486,1.501,1.504,1.481
2019-08-05,1.495,1.473,1.509,1.472
2019-08-06,1.445,1.451,1.462,1.423
2019-08-07,1.462,1.447,1.467,1.446
2019-08-08,1.452,1.468,1.47,1.452
2019-08-09,1.474,1.45,1.48,1.449
2019-08-12,1.457,1.486,1.486,1.452
2019-08-13,1.473,1.47,1.479,1.463
2019-08-14,1.488,1.477,1.494,1.476
2019-08-15,1.459,1.498,1.5,1.451
2019-08-16,1.497,1.512,1.527,1.491
2019-08-19,1.528,1.568,1.573,1.524
2019-08-20,1.565,1.553,1.571,1.549
2019-08-21,1.55,1.549,1.557,1.545
2019-08-22,1.553,1.554,1.556,1.539
2019-08-23,1.553,1.555,1.563,1.544
2019-08-26,1.54,1.54,1.549,1.529
2019-08-27,1.549,1.567,1.586,1.548
2019-08-28,1.566,1.565,1.572,1.555
2019-08-29,1.566,1.558,1.573,1.557
2019-08-30,1.569,1.549,1.577,1.541
2019-09-02,1.55,1.592,1.595,1.55
2019-09-03,1.592,1.595,1.6,1.585
2019-09-04,1.595,1.607,1.609,1.587
2019-09-05,1.618,1.627,1.647,1.618
2019-09-06,1.634,1.631,1.637,1.611
2019-09-09,1.639,1.67,1.672,1.628
2019-09-10,1.666,1.661,1.67,1.65
2019-09-11,1.665,1.638,1.67,1.636
2019-09-12,1.647,1.646,1.649,1.632
2019-09-16,1.649,1.65,1.658,1.639
2019-09-17,1.646,1.618,1.646,1.609
2019-09-18,1.618,1.617,1.624,1.607
2019-09-19,1.62,1.642,1.646,1.612
2019-09-20,1.643,1.638,1.652,1.637
2019-09-23,1.635,1.62,1.635,1.607
2019-09-24,1.619,1.629,1.642,1.614
2019-09-25,1.62,1.611,1.625,1.608
2019-09-26,1.615,1.561,1.617,1.56
2019-09-27,1.562,1.587,1.59,1.561
2019-09-30,1.585,1.57,1.59,1.565
2019-10-08,1.571,1.556,1.577,1.554
2019-10-09,1.549,1.561,1.563,1.543
2019-10-10,1.568,1.604,1.606,1.563
2019-10-11,1.605,1.606,1.615,1.592
2019-10-14,1.615,1.617,1.63,1.611
2019-10-15,1.613,1.597,1.614,1.596
2019-10-16,1.602,1.592,1.61,1.592
2019-10-17,1.594,1.595,1.602,1.591
2019-10-18,1.6,1.589,1.613,1.582
2019-10-21,1.588,1.585,1.591,1.57
2019-10-22,1.587,1.606,1.606,1.585
2019-10-23,1.608,1.589,1.61,1.587
2019-10-24,1.59,1.593,1.6,1.581
2019-10-25,1.593,1.616,1.616,1.586
2019-10-28,1.63,1.646,1.646,1.622
2019-10-29,1.642,1.624,1.643,1.622
2019-10-30,1.623,1.619,1.627,1.609
2019-10-31,1.624,1.608,1.63,1.607
2019-11-01,1.609,1.625,1.628,1.602
2019-11-04,1.624,1.634,1.643,1.624
2019-11-05,1.637,1.649,1.655,1.631
2019-11-06,1.652,1.638,1.655,1.632
2019-11-07,1.634,1.651,1.66,1.632
2019-11-08,1.655,1.645,1.666,1.645
2019-11-11,1.641,1.61,1.641,1.609
2019-11-12,1.61,1.611,1.616,1.593
2019-11-13,1.608,1.62,1.621,1.604
2019-11-14,1.619,1.63,1.634,1.616
2019-11-15,1.626,1.614,1.632,1.614
2019-11-18,1.613,1.621,1.623,1.603
2019-11-19,1.62,1.666,1.666,1.618
2019-11-20,1.664,1.655,1.679,1.654
2019-11-21,1.65,1.65,1.663,1.643
2019-11-22,1.653,1.614,1.672,1.608
2019-11-25,1.616,1.599,1.619,1.591
2019-11-26,1.603,1.608,1.617,1.596
2019-11-27,1.605,1.611,1.622,1.594
2019-11-28,1.608,1.611,1.62,1.605
2019-11-29,1.608,1.6,1.61,1.585
2019-12-02,1.605,1.606,1.618,1.601
2019-12-03,1.6,1.613,1.613,1.586
2019-12-04,1.606,1.612,1.62,1.602
2019-12-05,1.615,1.648,1.65,1.615
2019-12-06,1.646,1.662,1.662,1.641
2019-12-09,1.667,1.656,1.669,1.65
2019-12-10,1.651,1.67,1.67,1.645
2019-12-11,1.667,1.653,1.669,1.649
2019-12-12,1.651,1.657,1.668,1.651
2019-12-13,1.67,1.693,1.695,1.667
2019-12-16,1.693,1.715,1.716,1.686
2019-12-17,1.715,1.738,1.741,1.713
2019-12-18,1.734,1.725,1.739,1.721
2019-12-19,1.725,1.724,1.73,1.714
2019-12-20,1.724,1.708,1.73,1.705
2019-12-23,1.703,1.671,1.708,1.667
2019-12-24,1.676,1.704,1.706,1.675
2019-12-25,1.7,1.718,1.719,1.697
2019-12-26,1.716,1.726,1.727,1.711
2019-12-27,1.728,1.698,1.737,1.698
2019-12-30,1.695,1.727,1.727,1.684
2019-12-31,1.72,1.73,1.736,1.718
2020-01-02,1.743,1.765,1.771,1.731
2020-01-03,1.766,1.764,1.774,1.751
2020-01-06,1.756,1.788,1.806,1.753
2020-01-07,1.792,1.822,1.823,1.792
2020-01-08,1.808,1.792,1.822,1.789
2020-01-09,1.811,1.839,1.842,1.811
2020-01-10,1.847,1.831,1.847,1.821
2020-01-13,1.834,1.862,1.862,1.82
2020-01-14,1.864,1.85,1.871,1.849
2020-01-15,1.848,1.847,1.856,1.829
2020-01-16,1.851,1.856,1.863,1.842
2020-01-17,1.861,1.858,1.874,1.853
2020-01-20,1.862,1.905,1.911,1.861
2020-01-21,1.9,1.892,1.911,1.881
2020-01-22,1.882,1.918,1.93,1.852
2020-01-23,1.892,1.853,1.918,1.829
2020-02-03,1.67,1.708,1.766,1.669
2020-02-04,1.716,1.816,1.82,1.715
2020-02-05,1.833,1.871,1.896,1.818
2020-02-06,1.855,1.93,1.94,1.836
2020-02-07,1.932,1.94,1.949,1.9
2020-02-10,1.938,1.961,1.966,1.924
2020-02-11,1.964,1.947,1.964,1.935
2020-02-12,1.943,2.006,2.012,1.939
2020-02-13,2.005,1.988,2.01,1.971
2020-02-14,1.983,1.987,2.022,1.965
2020-02-17,2.005,2.071,2.071,2.004
2020-02-18,2.072,2.09,2.09,2.05
2020-02-19,2.08,2.054,2.087,2.052
2020-02-20,2.062,2.105,2.118,2.056
2020-02-21,2.1,2.145,2.162,2.092
2020-02-24,2.137,2.178,2.185,2.127
2020-02-25,2.145,2.195,2.21,2.082
2020-02-26,2.162,2.102,2.176,2.086
2020-02-27,2.111,2.111,2.148,2.076
2020-02-28,2.041,1.995,2.074,1.985
2020-03-02,2.026,2.054,2.071,1.999
2020-03-03,2.101,2.092,2.155,2.066
2020-03-04,2.077,2.088,2.097,2.04
2020-03-05,2.121,2.121,2.131,2.09
2020-03-06,2.09,2.111,2.14,2.087
2020-03-09,2.068,2.013,2.09,2.011
2020-03-10,2.016,2.063,2.068,1.974
2020-03-11,2.07,2.024,2.078,2.017
2020-03-12,1.996,1.971,1.998,1.948
2020-03-13,1.895,1.952,1.978,1.85
2020-03-16,1.953,1.832,1.96,1.83
2020-03-17,1.863,1.842,1.886,1.776
2020-03-18,1.86,1.818,1.907,1.816
2020-03-19,1.833,1.825,1.839,1.768
2020-03-20,1.847,1.847,1.854,1.805
2020-03-23,1.79,1.761,1.816,1.75
2020-03-24,1.797,1.806,1.81,1.748
2020-03-25,1.845,1.86,1.867,1.833
2020-03-26,1.845,1.853,1.874,1.841
2020-03-27,1.878,1.83,1.882,1.828
2020-03-30,1.807,1.791,1.808,1.762
2020-03-31,1.805,1.795,1.813,1.79
2020-04-01,1.798,1.792,1.829,1.79
2020-04-02,1.786,1.844,1.845,1.784
2020-04-03,1.834,1.834,1.854,1.825
2020-04-07,1.871,1.894,1.898,1.866
2020-04-08,1.886,1.89,1.901,1.879
2020-04-09,1.905,1.921,1.925,1.896
2020-04-10,1.921,1.877,1.921,1.868
2020-04-13,1.872,1.853,1.872,1.84
2020-04-14,1.862,1.909,1.91,1.856
2020-04-15,1.911,1.899,1.927,1.899
2020-04-16,1.893,1.932,1.938,1.891
2020-04-17,1.948,1.943,1.969,1.936
2020-04-20,1.945,1.969,1.969,1.94
2020-04-21,1.96,1.949,1.96,1.92
2020-04-22,1.932,1.967,1.967,1.927
2020-04-23,1.97,1.951,1.978,1.947
2020-04-24,1.951,1.93,1.959,1.921
2020-04-27,1.938,1.939,1.957,1.919
2020-04-28,1.947,1.951,1.969,1.89
2020-04-29,1.943,1.952,1.973,1.94
2020-04-30,1.964,1.993,1.999,1.96
2020-05-06,1.98,2.029,2.032,1.974
2020-05-07,2.03,2.025,2.035,2.014
2020-05-08,2.035,2.042,2.058,2.033
2020-05-11,2.054,2.024,2.057,2.01
2020-05-12,2.021,2.043,2.045,2.012
2020-05-13,2.033,2.058,2.063,2.033
2020-05-14,2.047,2.036,2.058,2.035
2020-05-15,2.047,2.042,2.056,2.03
2020-05-18,2.045,2.039,2.057,2.015
2020-05-19,2.052,2.061,2.061,2.046
2020-05-20,2.061,2.041,2.074,2.033
2020-05-21,2.045,2.02,2.058,2.015
2020-05-22,2.015,1.972,2.018,1.96
2020-05-25,1.968,1.975,1.977,1.958
2020-05-26,1.989,2.038,2.038,1.986
2020-05-27,2.034,1.997,2.035,1.986
2020-05-28,1.99,1.982,1.999,1.948
2020-05-29,1.969,2.006,2.012,1.967
2020-06-01,2.024,2.082,2.087,2.02
2020-06-02,2.083,2.067,2.085,2.054
2020-06-03,2.075,2.06,2.085,2.059
2020-06-04,2.067,2.073,2.077,2.057
2020-06-05,2.069,2.087,2.087,2.062
2020-06-08,2.101,2.073,2.111,2.07
2020-06-09,2.076,2.102,2.106,2.068
2020-06-10,2.102,2.122,2.124,2.099
2020-06-11,2.123,2.119,2.161,2.103
2020-06-12,2.08,2.141,2.147,2.078
2020-06-15,2.143,2.141,2.181,2.14
2020-06-16,2.169,2.183,2.188,2.161
2020-06-17,2.184,2.188,2.198,2.171
2020-06-18,2.187,2.194,2.196,2.17
2020-06-19,2.196,2.238,2.253,2.191
2020-06-22,2.246,2.263,2.282,2.245
2020-06-23,2.26,2.307,2.307,2.255
2020-06-24,2.318,2.307,2.318,2.29
2020-06-29,2.292,2.295,2.307,2.28
2020-06-30,2.304,2.359,2.363,2.304
2020-07-01,2.363,2.342,2.37,2.303
2020-07-02,2.337,2.35,2.355,2.314
2020-07-03,2.349,2.38,2.39,2.325
2020-07-06,2.384,2.45,2.459,2.375
2020-07-07,2.459,2.503,2.561,2.45
2020-07-08,2.515,2.574,2.58,2.489
2020-07-09,2.576,2.674,2.681,2.56
2020-07-10,2.66,2.685,2.706,2.64
2020-07-13,2.693,2.802,2.81,2.693
2020-07-14,2.798,2.767,2.798,2.695
2020-07-15,2.766,2.722,2.797,2.688
2020-07-16,2.718,2.558,2.755,2.538
2020-07-17,2.558,2.583,2.635,2.529
2020-07-20,2.62,2.611,2.629,2.528
2020-07-21,2.62,2.643,2.653,2.596
2020-07-22,2.628,2.678,2.713,2.621
2020-07-23,2.657,2.706,2.706,2.613
2020-07-24,2.68,2.537,2.695,2.525
2020-07-27,2.544,2.54,2.577,2.513
2020-07-28,2.576,2.573,2.587,2.539
2020-07-29,2.564,2.68,2.685,2.561
2020-07-30,2.68,2.652,2.692,2.641
2020-07-31,2.658,2.708,2.724,2.646
2020-08-03,2.734,2.774,2.774,2.704
2020-08-04,2.772,2.738,2.794,2.721
2020-08-05,2.74,2.763,2.779,2.707
2020-08-06,2.767,2.719,2.77,2.682
2020-08-07,2.701,2.657,2.726,2.61
2020-08-10,2.641,2.641,2.666,2.603
2020-08-11,2.643,2.6,2.68,2.59
2020-08-12,2.596,2.548,2.604,2.492
2020-08-13,2.56,2.535,2.566,2.521
2020-08-14,2.533,2.579,2.58,2.528
2020-08-17,2.591,2.607,2.608,2.56
2020-08-18,2.608,2.605,2.631,2.595
2020-08-19,2.604,2.524,2.61,2.521
2020-08-20,2.503,2.503,2.541,2.272
2020-08-21,2.519,2.546,2.554,2.518
2020-08-24,2.563,2.597,2.612,2.503
2020-08-25,2.591,2.611,2.65,2.589
2020-08-26,2.608,2.551,2.627,2.546
2020-08-27,2.561,2.602,2.609,2.547
2020-08-28,2.59,2.666,2.67,2.586
2020-08-31,2.676,2.637,2.687,2.633
2020-09-01,2.628,2.658,2.659,2.611
2020-09-02,2.657,2.676,2.692,2.634
2020-09-03,2.667,2.653,2.696,2.642
2020-09-04,2.609,2.638,2.649,2.596
2020-09-07,2.628,2.549,2.65,2.541
2020-09-08,2.554,2.564,2.574,2.524
2020-09-09,2.533,2.44,2.533,2.421
2020-09-10,2.462,2.403,2.478,2.39
2020-09-11,2.391,2.449,2.457,2.39
2020-09-14,2.476,2.484,2.515,2.461
2020-09-15,2.484,2.504,2.51,2.473
2020-09-16,2.506,2.47,2.507,2.454
2020-09-17,2.46,2.467,2.495,2.437
2020-09-18,2.468,2.513,2.514,2.45
2020-09-21,2.516,2.48,2.517,2.479
2020-09-22,2.47,2.469,2.508,2.462
2020-09-23,2.472,2.508,2.52,2.459
2020-09-24,2.49,2.454,2.496,2.451
2020-09-25,2.46,2.457,2.482,2.444
2020-09-28,2.465,2.434,2.467,2.432
2020-09-29,2.453,2.479,2.49,2.436
2020-09-30,2.478,2.489,2.513,2.472
2020-10-09,2.539,2.581,2.586,2.534
2020-10-12,2.606,2.683,2.683,2.601
2020-10-13,2.679,2.688,2.697,2.66
2020-10-14,2.682,2.668,2.696,2.664
2020-10-15,2.668,2.65,2.675,2.642
2020-10-16,2.641,2.634,2.658,2.602
2020-10-19,2.648,2.6,2.656,2.593
2020-10-20,2.594,2.645,2.646,2.594
2020-10-21,2.647,2.612,2.65,2.597
2020-10-22,2.594,2.582,2.599,2.556
2020-10-23,2.579,2.516,2.609,2.504
2020-10-26,2.5,2.533,2.539,2.468
2020-10-27,2.52,2.56,2.563,2.52
2020-10-28,2.552,2.577,2.591,2.536
2020-10-29,2.548,2.607,2.619,2.542
2020-10-30,2.607,2.563,2.618,2.553
2020-11-02,2.57,2.617,2.628,2.57
2020-11-03,2.622,2.649,2.657,2.605
2020-11-04,2.644,2.658,2.661,2.629
2020-11-05,2.682,2.69,2.695,2.651
2020-11-06,2.693,2.637,2.697,2.618
2020-11-09,2.653,2.719,2.736,2.653
2020-11-10,2.717,2.674,2.717,2.619
2020-11-11,2.664,2.595,2.671,2.592
2020-11-12,2.602,2.607,2.628,2.595
2020-11-13,2.591,2.619,2.628,2.59
2020-11-16,2.626,2.62,2.627,2.583
2020-11-17,2.614,2.572,2.622,2.538
2020-11-18,2.57,2.534,2.59,2.523
2020-11-19,2.527,2.556,2.56,2.506
2020-11-20,2.553,2.576,2.584,2.552
2020-11-23,2.579,2.593,2.612,2.557
2020-11-24,2.591,2.582,2.604,2.571
2020-11-25,2.583,2.528,2.585,2.526
2020-11-26,2.529,2.522,2.542,2.498
2020-11-27,2.519,2.532,2.546,2.504
2020-11-30,2.532,2.541,2.563,2.506
2020-12-01,2.535,2.602,2.608,2.53
2020-12-02,2.602,2.593,2.607,2.572
2020-12-03,2.583,2.619,2.628,2.577
2020-12-04,2.608,2.637,2.64,2.604
2020-12-07,2.625,2.628,2.643,2.62
2020-12-08,2.633,2.646,2.659,2.633
2020-12-09,2.65,2.598,2.665,2.596
2020-12-10,2.587,2.627,2.642,2.582
2020-12-11,2.629,2.601,2.637,2.575
2020-12-14,2.6,2.641,2.641,2.585
2020-12-15,2.633,2.667,2.668,2.629
2020-12-16,2.666,2.667,2.677,2.638
2020-12-17,2.659,2.694,2.695,2.646
2020-12-18,2.699,2.688,2.706,2.672
2020-12-21,2.687,2.778,2.781,2.686
2020-12-22,2.767,2.718,2.792,2.716
2020-12-23,2.721,2.745,2.768,2.717
2020-12-24,2.741,2.726,2.753,2.718
2020-12-25,2.715,2.749,2.749,2.695
2020-12-28,2.748,2.745,2.764,2.724
2020-12-29,2.733,2.717,2.747,2.702
2020-12-30,2.72,2.799,2.807,2.72
2020-12-31,2.809,2.866,2.869,2.805
2021-01-04,2.864,2.976,2.99,2.861
2021-01-05,2.94,2.988,2.997,2.925
2021-01-06,3.0,3.003,3.03,2.953
2021-01-07,2.996,3.056,3.056,2.978
2021-01-08,3.065,3.036,3.086,3.011
2021-01-11,3.052,2.989,3.054,2.962
2021-01-12,2.98,3.076,3.076,2.954
2021-01-13,3.071,3.025,3.094,2.997
2021-01-14,3.01,2.987,3.036,2.959
2021-01-15,2.98,2.99,3.004,2.919
2021-01-18,2.969,3.046,3.058,2.949
2021-01-19,3.034,2.976,3.046,2.966
2021-01-20,2.992,3.096,3.098,2.987
2021-01-21,3.103,3.176,3.19,3.101
2021-01-22,3.17,3.241,3.252,3.165
2021-01-25,3.242,3.242,3.307,3.215
2021-01-26,3.222,3.152,3.228,3.14
2021-01-27,3.151,3.166,3.184,3.085
2021-01-28,3.111,3.057,3.139,3.053
2021-01-29,3.089,3.029,3.108,2.966
2021-02-01,3.024,3.056,3.08,3.001
2021-02-02,3.062,3.118,3.12,3.023
2021-02-03,3.128,3.106,3.16,3.105
2021-02-04,3.09,3.098,3.134,3.048
2021-02-05,3.102,3.084,3.144,3.08
2021-02-09,3.171,3.222,3.223,3.163
2021-02-10,3.23,3.293,3.309,3.195
2021-02-18,3.353,3.202,3.359,3.186
2021-02-19,3.191,3.17,3.192,3.086
2021-02-22,3.156,3.032,3.159,3.03
2021-02-23,3.0,3.009,3.046,2.988
2021-02-24,3.01,2.904,3.016,2.87
2021-02-25,2.929,2.878,2.934,2.866
2021-02-26,2.854,2.814,2.858,2.79
2021-03-01,2.85,2.894,2.895,2.831
2021-03-02,2.908,2.859,2.915,2.834
2021-03-03,2.848,2.9,2.9,2.833
2021-03-04,2.863,2.751,2.863,2.743
2021-03-05,2.706,2.772,2.795,2.705
2021-03-08,2.783,2.633,2.803,2.631
2021-03-09,2.618,2.547,2.64,2.52
2021-03-10,2.607,2.586,2.622,2.572
2021-03-11,2.585,2.65,2.67,2.581
2021-03-12,2.666,2.658,2.673,2.616
2021-03-15,2.64,2.555,2.64,2.523
2021-03-16,2.562,2.579,2.583,2.539
2021-03-17,2.56,2.607,2.622,2.54
2021-03-18,2.619,2.65,2.661,2.614
2021-03-19,2.608,2.579,2.632,2.562
2021-03-22,2.583,2.607,2.632,2.573
2021-03-23,2.595,2.579,2.614,2.551
2021-03-24,2.558,2.543,2.586,2.533
2021-03-25,2.522,2.567,2.578,2.515
2021-03-26,2.576,2.65,2.658,2.576
2021-03-29,2.644,2.637,2.669,2.621
2021-03-30,2.627,2.673,2.682,2.625
2021-03-31,2.662,2.665,2.68,2.637
2021-04-01,2.665,2.718,2.72,2.665
2021-04-02,2.725,2.756,2.769,2.718
2021-04-06,2.762,2.73,2.769,2.711
2021-04-07,2.74,2.707,2.744,2.678
2021-04-08,2.694,2.728,2.74,2.682
2021-04-09,2.722,2.69,2.729,2.677
2021-04-12,2.683,2.627,2.715,2.618
2021-04-13,2.618,2.649,2.688,2.618
2021-04-14,2.654,2.707,2.71,2.652
2021-04-15,2.695,2.698,2.698,2.663
2021-04-16,2.707,2.688,2.709,2.65
2021-04-19,2.681,2.798,2.799,2.672
2021-04-20,2.788,2.791,2.82,2.77
2021-04-21,2.767,2.814,2.818,2.767
2021-04-22,2.831,2.837,2.847,2.799
2021-04-23,2.824,2.891,2.905,2.824
2021-04-26,2.91,2.863,2.954,2.861
2021-04-27,2.857,2.884,2.889,2.846
2021-04-28,2.884,2.949,2.95,2.877
2021-04-29,2.946,2.952,2.964,2.91
2021-04-30,2.941,2.989,3.004,2.932
2021-05-06,2.963,2.904,2.963,2.862
2021-05-07,2.91,2.819,2.925,2.816
2021-05-10,2.82,2.827,2.863,2.805
2021-05-11,2.796,2.823,2.837,2.769
2021-05-12,2.813,2.865,2.868,2.788
2021-05-13,2.836,2.845,2.871,2.814
2021-05-14,2.857,2.937,2.938,2.846
2021-05-17,2.945,3.007,3.024,2.945
2021-05-18,3.0,2.988,3.023,2.964
2021-05-19,2.965,3.012,3.023,2.965
2021-05-20,3.003,3.043,3.054,3.003
2021-05-21,3.055,3.012,3.065,2.992
2021-05-24,3.01,3.036,3.04,2.972
2021-05-25,3.042,3.119,3.129,3.042
2021-05-26,3.12,3.095,3.12,3.08
2021-05-27,3.086,3.118,3.135,3.066
2021-05-28,3.117,3.121,3.175,3.099
2021-05-31,3.13,3.195,3.2,3.13
2021-06-01,3.18,3.188,3.2,3.136
2021-06-02,3.2,3.133,3.202,3.12
2021-06-03,3.129,3.099,3.149,3.094
2021-06-04,3.077,3.141,3.177,3.077
2021-06-07,3.136,3.122,3.136,3.092
2021-06-08,3.118,3.105,3.17,3.082
2021-06-09,3.096,3.1,3.12,3.079
2021-06-10,3.107,3.179,3.192,3.107
2021-06-11,3.196,3.195,3.212,3.159
2021-06-15,3.191,3.155,3.199,3.139
2021-06-16,3.145,3.024,3.153,3.021
2021-06-17,3.023,3.088,3.094,3.023
2021-06-18,3.096,3.137,3.16,3.095
2021-06-21,3.127,3.166,3.185,3.1
2021-06-22,3.17,3.174,3.19,3.119
2021-06-23,3.179,3.217,3.234,3.164
2021-06-24,3.212,3.174,3.218,3.16
2021-06-25,3.18,3.243,3.254,3.18
2021-06-28,3.238,3.305,3.313,3.236
2021-06-29,3.329,3.297,3.336,3.282
2021-06-30,3.302,3.373,3.373,3.277
2021-07-01,3.381,3.34,3.388,3.32
2021-07-02,3.332,3.227,3.332,3.224
2021-07-05,3.223,3.25,3.282,3.215
2021-07-06,3.242,3.196,3.266,3.142
2021-07-07,3.172,3.305,3.313,3.157
2021-07-08,3.317,3.322,3.36,3.305
2021-07-09,3.3,3.303,3.323,3.23
2021-07-12,3.339,3.427,3.445,3.315
2021-07-13,3.415,3.411,3.452,3.372
2021-07-14,3.402,3.382,3.432,3.357
2021-07-15,3.359,3.429,3.429,3.345
2021-07-16,3.41,3.328,3.412,3.322
2021-07-19,3.326,3.35,3.373,3.311
2021-07-20,3.318,3.356,3.379,3.311
2021-07-21,3.364,3.455,3.46,3.362
2021-07-22,3.455,3.438,3.463,3.404
2021-07-23,3.434,3.367,3.434,3.356
2021-07-26,3.34,3.27,3.36,3.193
2021-07-27,3.259,3.14,3.318,3.135
2021-07-28,3.11,3.183,3.201,3.063
2021-07-29,3.26,3.358,3.359,3.23
2021-07-30,3.34,3.328,3.371,3.292
2021-08-02,3.328,3.393,3.396,3.29
2021-08-03,3.39,3.363,3.408,3.34
2021-08-04,3.356,3.446,3.451,3.34
2021-08-05,3.44,3.419,3.457,3.398
2021-08-06,3.435,3.386,3.436,3.362
2021-08-09,3.351,3.348,3.36,3.304
2021-08-10,3.34,3.366,3.366,3.315
2021-08-11,3.355,3.326,3.363,3.314
2021-08-12,3.32,3.28,3.33,3.276
2021-08-13,3.26,3.249,3.329,3.228
2021-08-16,3.225,3.206,3.244,3.187
2021-08-17,3.204,3.126,3.223,3.115
2021-08-18,3.134,3.16,3.171,3.123
2021-08-19,3.148,3.177,3.202,3.134
2021-08-20,3.155,3.1,3.167,3.067
2021-08-23,3.105,3.195,3.196,3.102
2021-08-24,3.195,3.225,3.247,3.169
2021-08-25,3.225,3.241,3.244,3.193
2021-08-26,3.247,3.164,3.261,3.161
2021-08-27,3.16,3.158,3.197,3.141
2021-08-30,3.17,3.164,3.214,3.147
2021-08-31,3.163,3.106,3.168,3.086
2021-09-01,3.11,3.094,3.124,3.035
2021-09-02,3.08,3.046,3.097,3.039
2021-09-03,3.046,3.01,3.071,2.996
2021-09-06,3.012,3.129,3.13,2.993
2021-09-07,3.113,3.147,3.159,3.107
2021-09-08,3.152,3.123,3.18,3.115
2021-09-09,3.116,3.126,3.145,3.076
2021-09-10,3.113,3.135,3.145,3.089
2021-09-13,3.127,3.095,3.156,3.085
2021-09-14,3.094,3.14,3.174,3.085
2021-09-15,3.122,3.105,3.133,3.088
2021-09-16,3.103,3.035,3.103,3.032
2021-09-17,3.027,3.097,3.101,3.026
2021-09-22,3.057,3.068,3.1,3.051
2021-09-23,3.087,3.086,3.111,3.059
2021-09-24,3.077,3.109,3.147,3.071
2021-09-27,3.119,3.13,3.177,3.111
2021-09-28,3.118,3.114,3.17,3.102
2021-09-29,3.095,3.083,3.109,3.067
2021-09-30,3.088,3.148,3.155,3.084
2021-10-08,3.169,3.138,3.186,3.125
2021-10-11,3.147,3.096,3.156,3.092
2021-10-12,3.081,3.042,3.102,3.013
2021-10-13,3.04,3.109,3.11,3.04
2021-10-14,3.1,3.112,3.138,3.1
2021-10-15,3.11,3.176,3.18,3.088
2021-10-18,3.178,3.172,3.185,3.128
2021-10-19,3.18,3.191,3.208,3.168
2021-10-20,3.19,3.185,3.215,3.172
2021-10-21,3.188,3.174,3.2,3.155
2021-10-22,3.184,3.185,3.205,3.166
2021-10-25,3.182,3.236,3.237,3.182
2021-10-26,3.256,3.221,3.262,3.217
2021-10-27,3.221,3.205,3.221,3.182
2021-10-28,3.196,3.178,3.232,3.163
2021-10-29,3.186,3.249,3.25,3.151
2021-11-01,3.245,3.224,3.268,3.201
2021-11-02,3.227,3.228,3.266,3.205
2021-11-03,3.213,3.222,3.26,3.198
2021-11-04,3.233,3.26,3.275,3.233
2021-11-05,3.243,3.248,3.276,3.243
2021-11-08,3.24,3.278,3.287,3.234
2021-11-09,3.278,3.3,3.302,3.269
2021-11-10,3.287,3.296,3.3,3.236
2021-11-11,3.284,3.324,3.333,3.279
2021-11-12,3.318,3.324,3.335,3.3
2021-11-15,3.324,3.295,3.329,3.284
2021-11-16,3.292,3.282,3.315,3.28
2021-11-17,3.284,3.317,3.319,3.284
2021-11-18,3.305,3.274,3.308,3.268
2021-11-19,3.273,3.313,3.315,3.271
2021-11-22,3.322,3.393,3.395,3.314
2021-11-23,3.392,3.38,3.402,3.371
2021-11-24,3.381,3.362,3.392,3.357
2021-11-25,3.366,3.368,3.386,3.353
2021-11-26,3.367,3.364,3.39,3.35
2021-11-29,3.345,3.389,3.411,3.338
2021-11-30,3.395,3.386,3.408,3.364
2021-12-01,3.377,3.365,3.389,3.352
2021-12-02,3.354,3.355,3.375,3.346
2021-12-03,3.355,3.37,3.372,3.34
2021-12-06,3.354,3.294,3.368,3.293
2021-12-07,3.314,3.266,3.317,3.235
2021-12-08,3.266,3.314,3.32,3.266
2021-12-09,3.304,3.353,3.353,3.29
2021-12-10,3.335,3.37,3.377,3.324
2021-12-13,3.362,3.389,3.4,3.347
2021-12-14,3.37,3.384,3.396,3.37
2021-12-15,3.382,3.355,3.411,3.355
2021-12-16,3.361,3.378,3.384,3.357
2021-12-17,3.376,3.328,3.376,3.32
2021-12-20,3.322,3.225,3.328,3.218
2021-12-21,3.227,3.247,3.25,3.204
2021-12-22,3.249,3.26,3.273,3.248
2021-12-23,3.269,3.269,3.282,3.252
2021-12-24,3.268,3.196,3.275,3.181
2021-12-27,3.183,3.19,3.212,3.173
2021-12-28,3.193,3.226,3.229,3.178
2021-12-29,3.216,3.182,3.218,3.176
2021-12-30,3.18,3.219,3.233,3.176
2021-12-31,3.231,3.218,3.247,3.207
2022-01-04,3.236,3.154,3.242,3.14
2022-01-05,3.151,3.064,3.151,3.049
2022-01-06,3.043,3.034,3.054,2.999
2022-01-07,3.035,3.003,3.046,2.998
2022-01-10,3.0,2.998,3.018,2.958
2022-01-11,2.998,2.96,3.008,2.956
2022-01-12,2.984,3.035,3.039,2.984
2022-01-13,3.042,2.99,3.043,2.988
2022-01-14,2.975,3.015,3.027,2.967
2022-01-17,3.0,3.068,3.075,3.0
2022-01-18,3.057,3.047,3.075,3.038
2022-01-19,3.036,2.985,3.047,2.958
2022-01-20,2.973,2.975,3.002,2.962
2022-01-21,2.957,2.941,2.973,2.927
2022-01-24,2.929,2.962,2.972,2.924
2022-01-25,2.94,2.881,2.961,2.881
2022-01-26,2.893,2.906,2.914,2.86
2022-01-27,2.889,2.815,2.904,2.813
2022-01-28,2.848,2.819,2.869,2.794
2022-02-07,2.87,2.83,2.891,2.815
2022-02-08,2.826,2.758,2.826,2.697
2022-02-09,2.749,2.791,2.797,2.729
2022-02-10,2.794,2.74,2.8,2.711
2022-02-11,2.715,2.66,2.725,2.655
2022-02-14,2.648,2.646,2.687,2.626
2022-02-15,2.653,2.726,2.728,2.653
2022-02-16,2.733,2.725,2.75,2.718
2022-02-17,2.716,2.744,2.768,2.705
2022-02-18,2.727,2.739,2.74,2.713
2022-02-21,2.739,2.713,2.747,2.706
2022-02-22,2.689,2.678,2.692,2.656
2022-02-23,2.683,2.754,2.754,2.68
2022-02-24,2.721,2.693,2.759,2.662
2022-02-25,2.732,2.763,2.79,2.732
2022-02-28,2.763,2.786,2.787,2.741
2022-03-01,2.8,2.795,2.814,2.772
2022-03-02,2.777,2.741,2.777,2.721
2022-03-03,2.76,2.704,2.761,2.701
2022-03-04,2.681,2.662,2.71,2.652
2022-03-07,2.641,2.543,2.642,2.535
2022-03-08,2.54,2.507,2.568,2.486
2022-03-09,2.515,2.483,2.526,2.388
2022-03-10,2.552,2.547,2.578,2.525
2022-03-11,2.502,2.583,2.585,2.484
2022-03-14,2.547,2.49,2.564,2.489
2022-03-15,2.455,2.421,2.54,2.421
2022-03-16,2.46,2.552,2.557,2.4
2022-03-17,2.595,2.624,2.674,2.59
2022-03-18,2.61,2.635,2.642,2.582
2022-03-21,2.639,2.636,2.666,2.614
2022-03-22,2.623,2.602,2.626,2.589
2022-03-23,2.619,2.629,2.639,2.597
2022-03-24,2.605,2.62,2.638,2.571
2022-03-25,2.612,2.565,2.627,2.559
2022-03-28,2.54,2.512,2.545,2.494
2022-03-29,2.517,2.511,2.548,2.499
2022-03-30,2.527,2.61,2.61,2.524
2022-03-31,2.595,2.574,2.6,2.563
2022-04-01,2.55,2.58,2.599,2.548
2022-04-06,2.566,2.55,2.577,2.533
2022-04-07,2.535,2.496,2.547,2.495
2022-04-08,2.496,2.491,2.525,2.467
2022-04-11,2.46,2.386,2.465,2.378
2022-04-12,2.386,2.44,2.442,2.381
2022-04-13,2.418,2.394,2.433,2.391
2022-04-14,2.42,2.389,2.43,2.365
2022-04-15,2.36,2.385,2.406,2.339
2022-04-18,2.361,2.412,2.413,2.335
2022-04-19,2.398,2.377,2.43,2.368
2022-04-20,2.376,2.288,2.376,2.284
2022-04-21,2.27,2.24,2.304,2.227
2022-04-22,2.221,2.225,2.252,2.207
2022-04-25,2.177,2.103,2.192,2.103
2022-04-26,2.103,2.086,2.15,2.083
2022-04-27,2.066,2.2,2.2,2.057
2022-04-28,2.172,2.158,2.194,2.138
2022-04-29,2.166,2.244,2.25,2.152
2022-05-05,2.2,2.212,2.244,2.174
2022-05-06,2.16,2.177,2.203,2.148
2022-05-09,2.165,2.162,2.194,2.145
2022-05-10,2.136,2.204,2.217,2.121
2022-05-11,2.206,2.272,2.323,2.203
2022-05-12,2.256,2.277,2.295,2.251
2022-05-13,2.29,2.285,2.298,2.26
2022-05-16,2.295,2.257,2.319,2.256
2022-05-17,2.256,2.293,2.297,2.249
2022-05-18,2.291,2.29,2.31,2.277
2022-05-19,2.255,2.306,2.306,2.255
2022-05-20,2.317,2.347,2.352,2.31
2022-05-23,2.347,2.332,2.348,2.313
2022-05-24,2.331,2.246,2.331,2.246
2022-05-25,2.246,2.253,2.26,2.233
2022-05-26,2.254,2.249,2.271,2.212
2022-05-27,2.268,2.251,2.304,2.238
2022-05-30,2.262,2.276,2.289,2.252
2022-05-31,2.276,2.334,2.338,2.251
2022-06-01,2.333,2.354,2.366,2.321
2022-06-02,2.341,2.386,2.389,2.336
2022-06-06,2.38,2.477,2.483,2.379
2022-06-07,2.474,2.478,2.498,2.457
2022-06-08,2.477,2.494,2.498,2.433
2022-06-09,2.477,2.423,2.487,2.419
2022-06-10,2.408,2.48,2.481,2.404
2022-06-13,2.458,2.469,2.488,2.448
2022-06-14,2.443,2.475,2.48,2.388
2022-06-15,2.476,2.497,2.554,2.473
2022-06-16,2.498,2.507,2.539,2.494
2022-06-17,2.482,2.584,2.588,2.482
2022-06-20,2.59,2.626,2.661,2.588
2022-06-21,2.626,2.615,2.643,2.586
2022-06-22,2.614,2.596,2.642,2.595
2022-06-23,2.601,2.68,2.68,2.594
2022-06-24,2.697,2.738,2.74,2.678
2022-06-27,2.751,2.741,2.78,2.735
2022-06-28,2.739,2.754,2.767,2.69
2022-06-29,2.734,2.683,2.76,2.68
2022-06-30,2.689,2.73,2.751,2.689
2022-07-01,2.728,2.699,2.738,2.687
2022-07-04,2.682,2.75,2.75,2.663
2022-07-05,2.758,2.739,2.784,2.701
2022-07-06,2.734,2.725,2.773,2.694
2022-07-07,2.721,2.769,2.77,2.709
2022-07-08,2.779,2.731,2.803,2.727
2022-07-11,2.729,2.69,2.729,2.661
2022-07-12,2.682,2.622,2.692,2.618
2022-07-13,2.628,2.665,2.681,2.595
2022-07-14,2.653,2.735,2.758,2.649
2022-07-15,2.729,2.68,2.755,2.68
2022-07-18,2.685,2.717,2.732,2.657
2022-07-19,2.715,2.67,2.715,2.658
2022-07-20,2.682,2.68,2.706,2.674
2022-07-21,2.674,2.67,2.712,2.66
2022-07-22,2.694,2.651,2.706,2.635
2022-07-25,2.647,2.629,2.657,2.615
2022-07-26,2.628,2.634,2.65,2.603
2022-07-27,2.629,2.637,2.65,2.616
2022-07-28,2.653,2.629,2.669,2.624
2022-07-29,2.633,2.594,2.639,2.588
2022-08-01,2.58,2.657,2.657,2.562
2022-08-02,2.627,2.605,2.637,2.575
2022-08-03,2.613,2.553,2.637,2.545
2022-08-04,2.56,2.565,2.578,2.536
2022-08-05,2.566,2.606,2.61,2.561
2022-08-08,2.588,2.596,2.602,2.571
2022-08-09,2.596,2.614,2.62,2.58
2022-08-10,2.606,2.579,2.614,2.57
2022-08-11,2.59,2.647,2.647,2.572
2022-08-12,2.633,2.613,2.639,2.611
2022-08-15,2.606,2.638,2.654,2.606
2022-08-16,2.639,2.652,2.679,2.638
2022-08-17,2.653,2.695,2.702,2.639
2022-08-18,2.687,2.693,2.713,2.682
2022-08-19,2.693,2.653,2.698,2.652
2022-08-22,2.65,2.699,2.701,2.634
2022-08-23,2.69,2.697,2.719,2.683
2022-08-24,2.714,2.6,2.721,2.597
2022-08-25,2.604,2.59,2.615,2.558
2022-08-26,2.581,2.566,2.598,2.556
2022-08-29,2.541,2.553,2.564,2.525
2022-08-30,2.551,2.538,2.555,2.52
2022-08-31,2.525,2.491,2.537,2.474
2022-09-01,2.487,2.463,2.508,2.457
2022-09-02,2.466,2.461,2.48,2.443
2022-09-05,2.454,2.467,2.479,2.445
2022-09-06,2.466,2.468,2.47,2.42
2022-09-07,2.45,2.493,2.509,2.443
2022-09-08,2.494,2.448,2.496,2.445
2022-09-09,2.453,2.476,2.477,2.449
2022-09-13,2.485,2.475,2.494,2.46
2022-09-14,2.445,2.431,2.454,2.415
2022-09-15,2.431,2.349,2.438,2.336
2022-09-16,2.341,2.297,2.356,2.297
2022-09-19,2.292,2.285,2.318,2.27
2022-09-20,2.295,2.297,2.327,2.285
2022-09-21,2.284,2.265,2.289,2.256
2022-09-22,2.25,2.252,2.28,2.236
2022-09-23,2.245,2.239,2.268,2.209
2022-09-26,2.226,2.253,2.288,2.22
2022-09-27,2.258,2.306,2.306,2.258
2022-09-28,2.294,2.249,2.3,2.248
2022-09-29,2.269,2.267,2.288,2.251
2022-09-30,2.259,2.221,2.276,2.219
2022-10-10,2.219,2.166,2.232,2.166
2022-10-11,2.183,2.192,2.206,2.176
2022-10-12,2.191,2.274,2.275,2.169
2022-10-13,2.255,2.282,2.305,2.252
2022-10-14,2.315,2.365,2.38,2.297
2022-10-17,2.349,2.362,2.375,2.333
2022-10-18,2.38,2.373,2.397,2.355
2022-10-19,2.366,2.355,2.39,2.351
2022-10-20,2.34,2.337,2.375,2.296
2022-10-21,2.337,2.321,2.342,2.31
2022-10-24,2.323,2.266,2.348,2.253
2022-10-25,2.252,2.241,2.279,2.214
2022-10-26,2.251,2.302,2.329,2.251
2022-10-27,2.319,2.265,2.32,2.265
2022-10-28,2.247,2.187,2.259,2.179
2022-10-31,2.166,2.202,2.231,2.164
2022-11-01,2.208,2.275,2.275,2.186
2022-11-02,2.261,2.305,2.325,2.256
2022-11-03,2.283,2.309,2.316,2.283
2022-11-04,2.307,2.383,2.394,2.304
2022-11-07,2.372,2.379,2.4,2.36
2022-11-08,2.379,2.363,2.386,2.341
2022-11-09,2.356,2.326,2.362,2.326
2022-11-10,2.313,2.288,2.321,2.276
2022-11-11,2.4,2.33,2.4,2.33
2022-11-14,2.333,2.302,2.345,2.296
2022-11-15,2.297,2.361,2.362,2.287
2022-11-16,2.359,2.33,2.372,2.327
2022-11-17,2.322,2.316,2.322,2.281
2022-11-18,2.317,2.315,2.348,2.312
2022-11-21,2.298,2.319,2.32,2.291
2022-11-22,2.312,2.273,2.316,2.263
2022-11-23,2.269,2.269,2.288,2.233
2022-11-24,2.276,2.264,2.289,2.262
2022-11-25,2.261,2.242,2.261,2.238
2022-11-28,2.203,2.233,2.235,2.197
2022-11-29,2.233,2.268,2.28,2.228
2022-11-30,2.266,2.265,2.277,2.255
2022-12-01,2.312,2.311,2.332,2.308
2022-12-02,2.31,2.316,2.339,2.302
2022-12-05,2.327,2.313,2.334,2.298
2022-12-06,2.301,2.319,2.346,2.299
2022-12-07,2.311,2.343,2.359,2.308
2022-12-08,2.337,2.338,2.351,2.326
2022-12-09,2.337,2.348,2.353,2.323
2022-12-12,2.342,2.333,2.348,2.33
2022-12-13,2.334,2.305,2.336,2.303
2022-12-14,2.309,2.299,2.32,2.293
2022-12-15,2.299,2.326,2.33,2.295
2022-12-16,2.312,2.298,2.319,2.291
2022-12-19,2.304,2.274,2.317,2.267
2022-12-20,2.27,2.243,2.271,2.242
2022-12-21,2.244,2.24,2.253,2.225
2022-12-22,2.249,2.235,2.259,2.221
2022-12-23,2.216,2.222,2.236,2.207
2022-12-26,2.224,2.262,2.265,2.222
2022-12-27,2.268,2.293,2.295,2.256
2022-12-28,2.278,2.267,2.281,2.257
2022-12-29,2.255,2.277,2.295,2.252
2022-12-30,2.287,2.279,2.298,2.278
2023-01-03,2.267,2.289,2.293,2.246
2023-01-04,2.28,2.267,2.283,2.255
2023-01-05,2.276,2.33,2.334,2.274
2023-01-06,2.321,2.35,2.368,2.315
2023-01-09,2.361,2.365,2.382,2.356
2023-01-10,2.365,2.401,2.406,2.36
2023-01-11,2.401,2.374,2.409,2.369
2023-01-12,2.383,2.382,2.404,2.375
2023-01-13,2.397,2.417,2.417,2.388
2023-01-16,2.421,2.462,2.492,2.417
2023-01-17,2.465,2.47,2.483,2.46
2023-01-18,2.479,2.468,2.482,2.457
2023-01-19,2.465,2.496,2.498,2.454
2023-01-20,2.505,2.507,2.518,2.495
2023-01-30,2.577,2.533,2.579,2.532
2023-01-31,2.533,2.507,2.543,2.497
2023-02-01,2.516,2.537,2.538,2.495
2023-02-02,2.544,2.524,2.554,2.519
2023-02-03,2.515,2.5,2.527,2.475
2023-02-06,2.486,2.468,2.486,2.449
2023-02-07,2.474,2.461,2.482,2.445
2023-02-08,2.466,2.447,2.475,2.445
2023-02-09,2.444,2.493,2.496,2.44
2023-02-10,2.493,2.465,2.494,2.455
2023-02-13,2.463,2.495,2.502,2.463
2023-02-14,2.502,2.49,2.508,2.475
2023-02-15,2.488,2.468,2.498,2.466
2023-02-16,2.473,2.436,2.491,2.422
2023-02-17,2.433,2.378,2.439,2.375
2023-02-20,2.372,2.403,2.409,2.353
2023-02-21,2.401,2.395,2.407,2.378
2023-02-22,2.385,2.377,2.399,2.372
2023-02-23,2.379,2.385,2.398,2.374
2023-02-24,2.388,2.357,2.39,2.354
2023-02-27,2.347,2.34,2.362,2.333
2023-02-28,2.35,2.359,2.362,2.334
2023-03-01,2.358,2.372,2.378,2.344
2023-03-02,2.368,2.347,2.371,2.341
2023-03-03,2.353,2.352,2.362,2.332
2023-03-06,2.356,2.361,2.365,2.32
2023-03-07,2.354,2.312,2.359,2.311
2023-03-08,2.303,2.308,2.319,2.296
2023-03-09,2.309,2.303,2.316,2.296
2023-03-10,2.295,2.3,2.318,2.284
2023-03-13,2.295,2.287,2.306,2.276
2023-03-14,2.285,2.276,2.287,2.238
2023-03-15,2.285,2.268,2.303,2.266
2023-03-16,2.257,2.233,2.265,2.23
2023-03-17,2.248,2.228,2.252,2.221
2023-03-20,2.229,2.226,2.25,2.213
2023-03-21,2.233,2.265,2.266,2.232
2023-03-22,2.27,2.27,2.286,2.26
2023-03-23,2.262,2.288,2.288,2.259
2023-03-24,2.292,2.297,2.3,2.282
2023-03-27,2.293,2.323,2.325,2.29
2023-03-28,2.322,2.298,2.322,2.293
2023-03-29,2.3,2.297,2.309,2.294
2023-03-30,2.3,2.313,2.313,2.29
2023-03-31,2.321,2.327,2.328,2.314
2023-04-03,2.327,2.366,2.37,2.327
2023-04-04,2.366,2.35,2.367,2.336
2023-04-06,2.334,2.354,2.355,2.331
2023-04-07,2.351,2.369,2.38,2.347
2023-04-10,2.379,2.368,2.385,2.358
2023-04-11,2.367,2.362,2.386,2.351
2023-04-12,2.364,2.353,2.364,2.342
2023-04-13,2.345,2.332,2.352,2.332
2023-04-14,2.342,2.355,2.356,2.336
2023-04-17,2.354,2.364,2.366,2.348
2023-04-18,2.362,2.354,2.372,2.35
2023-04-19,2.356,2.339,2.356,2.338
2023-04-20,2.337,2.314,2.338,2.304
2023-04-21,2.318,2.269,2.326,2.268
2023-04-24,2.267,2.234,2.269,2.22
2023-04-25,2.236,2.193,2.241,2.178
2023-04-26,2.187,2.226,2.238,2.184
2023-04-27,2.219,2.24,2.247,2.215
2023-04-28,2.247,2.255,2.26,2.236
2023-05-04,2.253,2.23,2.253,2.224
2023-05-05,2.228,2.202,2.23,2.194
2023-05-08,2.21,2.213,2.214,2.188
2023-05-09,2.209,2.18,2.211,2.179
2023-05-10,2.176,2.199,2.21,2.166
2023-05-11,2.201,2.211,2.229,2.2
2023-05-12,2.211,2.185,2.22,2.185
2023-05-15,2.192,2.234,2.235,2.19
2023-05-16,2.242,2.228,2.244,2.222
2023-05-17,2.23,2.229,2.236,2.217
2023-05-18,2.233,2.215,2.237,2.198
2023-05-19,2.212,2.215,2.229,2.206
2023-05-22,2.216,2.214,2.227,2.201
2023-05-23,2.216,2.187,2.218,2.186
2023-05-24,2.181,2.183,2.204,2.175
2023-05-25,2.179,2.184,2.194,2.166
2023-05-26,2.183,2.167,2.183,2.153
2023-05-29,2.171,2.143,2.177,2.136
2023-05-30,2.139,2.155,2.157,2.12
2023-05-31,2.149,2.131,2.153,2.125
2023-06-01,2.133,2.148,2.163,2.127
2023-06-02,2.156,2.175,2.179,2.152
2023-06-05,2.173,2.143,2.173,2.138
2023-06-06,2.14,2.106,2.141,2.102
2023-06-07,2.105,2.075,2.106,2.069
2023-06-08,2.075,2.071,2.083,2.064
2023-06-09,2.073,2.086,2.086,2.064
2023-06-12,2.08,2.095,2.106,2.076
2023-06-13,2.093,2.111,2.113,2.09
2023-06-14,2.115,2.106,2.121,2.106
2023-06-15,2.114,2.179,2.18,2.114
2023-06-16,2.185,2.208,2.215,2.178
2023-06-19,2.211,2.207,2.219,2.201
2023-06-20,2.203,2.21,2.22,2.199
2023-06-21,2.206,2.156,2.208,2.155
2023-06-26,2.14,2.133,2.158,2.118
2023-06-27,2.133,2.138,2.151,2.124
2023-06-28,2.134,2.126,2.135,2.107
2023-06-29,2.121,2.129,2.139,2.121
2023-06-30,2.126,2.164,2.174,2.118
2023-07-03,2.168,2.171,2.185,2.16
2023-07-04,2.169,2.174,2.178,2.161
2023-07-05,2.176,2.156,2.182,2.152
2023-07-06,2.15,2.137,2.163,2.133
2023-07-07,2.13,2.118,2.132,2.116
2023-07-10,2.127,2.145,2.158,2.126
2023-07-11,2.147,2.161,2.162,2.138
2023-07-12,2.162,2.139,2.163,2.138
2023-07-13,2.151,2.182,2.182,2.151
2023-07-14,2.184,2.169,2.187,2.167
2023-07-17,2.163,2.152,2.164,2.142
2023-07-18,2.155,2.147,2.159,2.143
2023-07-19,2.145,2.125,2.148,2.117
2023-07-20,2.129,2.103,2.145,2.098
2023-07-21,2.1,2.11,2.123,2.097
2023-07-24,2.1,2.09,2.114,2.088
2023-07-25,2.123,2.136,2.14,2.113
2023-07-26,2.13,2.135,2.138,2.125
2023-07-27,2.14,2.129,2.15,2.125
2023-07-28,2.12,2.163,2.169,2.117
2023-07-31,2.172,2.182,2.199,2.172
2023-08-01,2.18,2.168,2.192,2.161
2023-08-02,2.166,2.164,2.177,2.158
2023-08-03,2.158,2.187,2.187,2.158
2023-08-04,2.21,2.204,2.225,2.19
2023-08-07,2.198,2.185,2.201,2.179
2023-08-08,2.183,2.177,2.19,2.171
2023-08-09,2.17,2.174,2.185,2.169
2023-08-10,2.173,2.184,2.186,2.165
2023-08-11,2.187,2.129,2.187,2.129
2023-08-14,2.112,2.113,2.115,2.087
2023-08-15,2.112,2.096,2.116,2.078
2023-08-16,2.085,2.082,2.102,2.08
2023-08-17,2.078,2.094,2.099,2.061
2023-08-18,2.09,2.065,2.101,2.064
2023-08-21,2.061,2.035,2.061,2.033
2023-08-22,2.043,2.038,2.05,1.998
2023-08-23,2.023,1.987,2.028,1.984
2023-08-24,1.995,2.014,2.031,1.99
2023-08-25,2.0,1.991,2.007,1.982
2023-08-28,2.136,2.01,2.136,2.003
2023-08-29,2.002,2.067,2.08,2.0
2023-08-30,2.064,2.066,2.088,2.057
2023-08-31,2.062,2.052,2.064,2.048
2023-09-01,2.058,2.049,2.068,2.04
2023-09-04,2.058,2.067,2.069,2.038
2023-09-05,2.06,2.057,2.069,2.055
2023-09-06,2.05,2.049,2.053,2.037
2023-09-07,2.043,2.003,2.043,2.003
2023-09-08,2.0,1.998,2.005,1.987
2023-09-11,2.0,2.011,2.025,1.99
2023-09-12,2.007,1.998,2.012,1.997
2023-09-13,1.995,1.974,2.002,1.964
2023-09-14,1.969,1.96,1.974,1.952
2023-09-15,1.962,1.954,1.972,1.946
2023-09-18,1.951,1.968,1.982,1.946
2023-09-19,1.966,1.952,1.967,1.945
2023-09-20,1.947,1.936,1.952,1.935
2023-09-21,1.93,1.917,1.94,1.917
2023-09-22,1.913,1.964,1.964,1.911
2023-09-25,1.955,1.953,1.963,1.949
2023-09-26,1.951,1.938,1.958,1.938
2023-09-27,1.935,1.956,1.977,1.935
2023-09-28,1.958,1.953,1.968,1.945
2023-10-09,1.95,1.947,1.956,1.928
2023-10-10,1.954,1.938,1.962,1.936
2023-10-11,1.945,1.954,1.969,1.945
2023-10-12,1.969,1.968,1.971,1.951
2023-10-13,1.954,1.945,1.956,1.936
2023-10-16,1.945,1.906,1.947,1.9
2023-10-17,1.91,1.912,1.919,1.9
2023-10-18,1.906,1.887,1.906,1.885
2023-10-19,1.878,1.867,1.887,1.864
2023-10-20,1.86,1.85,1.874,1.845
2023-10-23,1.845,1.815,1.845,1.806
2023-10-24,1.818,1.832,1.842,1.812
2023-10-25,1.844,1.815,1.848,1.814
2023-10-26,1.802,1.829,1.83,1.793
2023-10-27,1.82,1.881,1.888,1.816
2023-10-30,1.874,1.926,1.933,1.874
2023-10-31,1.92,1.916,1.923,1.907
2023-11-01,1.921,1.908,1.923,1.899
2023-11-02,1.912,1.89,1.922,1.889
2023-11-03,1.894,1.918,1.925,1.894
2023-11-06,1.93,1.981,1.982,1.93
2023-11-07,1.974,1.967,1.98,1.96
2023-11-08,1.964,1.971,1.983,1.957
2023-11-09,1.968,1.967,1.983,1.961
2023-11-10,1.958,1.955,1.96,1.948
2023-11-13,1.965,1.958,1.97,1.945
2023-11-14,1.957,1.953,1.973,1.943
2023-11-15,1.98,1.963,1.983,1.956
2023-11-16,1.961,1.925,1.962,1.925
2023-11-17,1.92,1.934,1.935,1.918
2023-11-20,1.934,1.942,1.947,1.918
2023-11-21,1.949,1.931,1.962,1.928
2023-11-22,1.923,1.899,1.93,1.899
2023-11-23,1.898,1.911,1.912,1.891
2023-11-24,1.908,1.888,1.91,1.885
2023-11-27,1.883,1.878,1.886,1.868
2023-11-28,1.874,1.89,1.89,1.87
2023-11-29,1.886,1.867,1.888,1.867
2023-11-30,1.869,1.874,1.884,1.863
2023-12-01,1.873,1.881,1.887,1.856
2023-12-04,1.878,1.858,1.88,1.858
2023-12-05,1.854,1.823,1.857,1.822
2023-12-06,1.818,1.834,1.85,1.816
2023-12-07,1.828,1.829,1.841,1.817
2023-12-08,1.831,1.843,1.848,1.823
2023-12-11,1.836,1.868,1.872,1.819
2023-12-12,1.861,1.856,1.865,1.851
2023-12-13,1.85,1.822,1.85,1.822
2023-12-14,1.833,1.812,1.846,1.812
2023-12-15,1.82,1.802,1.83,1.795
2023-12-18,1.792,1.773,1.799,1.767
2023-12-19,1.771,1.781,1.791,1.767
2023-12-20,1.783,1.755,1.787,1.755
2023-12-21,1.749,1.787,1.794,1.747
2023-12-22,1.779,1.78,1.801,1.766
2023-12-25,1.777,1.783,1.791,1.772
2023-12-26,1.78,1.761,1.781,1.753
2023-12-27,1.762,1.763,1.771,1.75
2023-12-28,1.761,1.833,1.84,1.757
2023-12-29,1.828,1.842,1.848,1.827
2024-01-02,1.842,1.806,1.842,1.806
2024-01-03,1.802,1.787,1.809,1.778
2024-01-04,1.783,1.754,1.786,1.748
2024-01-05,1.751,1.728,1.768,1.72
2024-01-08,1.724,1.699,1.734,1.698
2024-01-09,1.702,1.706,1.729,1.691
2024-01-10,1.696,1.698,1.726,1.681
2024-01-11,1.694,1.732,1.744,1.694
2024-01-12,1.722,1.714,1.739,1.713
2024-01-15,1.702,1.698,1.72,1.692
2024-01-16,1.692,1.708,1.709,1.679
2024-01-17,1.7,1.656,1.7,1.653
2024-01-18,1.643,1.683,1.69,1.635
2024-01-19,1.675,1.669,1.697,1.669
2024-01-22,1.663,1.623,1.67,1.612
2024-01-23,1.62,1.642,1.656,1.612
2024-01-24,1.65,1.65,1.657,1.599
2024-01-25,1.641,1.675,1.676,1.628
2024-01-26,1.665,1.637,1.67,1.633
2024-01-29,1.638,1.58,1.643,1.58
2024-01-30,1.57,1.544,1.589,1.541
2024-01-31,1.544,1.533,1.56,1.53
2024-02-01,1.527,1.548,1.574,1.522
2024-02-02,1.546,1.508,1.554,1.471
2024-02-05,1.491,1.527,1.56,1.444
2024-02-06,1.508,1.623,1.624,1.502
2024-02-07,1.622,1.66,1.666,1.614
2024-02-08,1.67,1.681,1.718,1.669
2024-02-19,1.704,1.697,1.707,1.675
2024-02-20,1.688,1.696,1.701,1.676
2024-02-21,1.681,1.703,1.736,1.676
2024-02-22,1.7,1.71,1.714,1.694
2024-02-23,1.717,1.709,1.719,1.695
2024-02-26,1.706,1.704,1.72,1.69
2024-02-27,1.696,1.746,1.746,1.694
2024-02-28,1.749,1.701,1.78,1.701
2024-02-29,1.696,1.761,1.762,1.693
2024-03-01,1.757,1.775,1.781,1.746
2024-03-04,1.773,1.783,1.796,1.767
2024-03-05,1.771,1.78,1.794,1.765
2024-03-06,1.773,1.782,1.805,1.761
2024-03-07,1.779,1.742,1.788,1.74
2024-03-08,1.745,1.756,1.763,1.73
2024-03-11,1.76,1.84,1.84,1.76
2024-03-12,1.845,1.851,1.863,1.832
2024-03-13,1.854,1.841,1.859,1.838
2024-03-14,1.841,1.832,1.86,1.818
2024-03-15,1.825,1.833,1.836,1.796
2024-03-18,1.85,1.875,1.875,1.848
2024-03-19,1.87,1.853,1.873,1.852
2024-03-20,1.848,1.856,1.862,1.844
2024-03-21,1.86,1.846,1.868,1.844
2024-03-22,1.843,1.817,1.844,1.808
2024-03-25,1.809,1.781,1.819,1.781
2024-03-26,1.782,1.792,1.805,1.777
2024-03-27,1.787,1.742,1.788,1.741
2024-03-28,1.74,1.758,1.778,1.738
2024-03-29,1.756,1.768,1.773,1.75
2024-04-01,1.78,1.822,1.822,1.78
2024-04-02,1.822,1.808,1.822,1.801
2024-04-03,1.804,1.79,1.804,1.789
2024-04-08,1.785,1.758,1.789,1.756
2024-04-09,1.759,1.777,1.778,1.752
2024-04-10,1.774,1.739,1.774,1.731
2024-04-11,1.725,1.731,1.752,1.725
2024-04-12,1.73,1.713,1.74,1.711
2024-04-15,1.712,1.746,1.757,1.712
2024-04-16,1.74,1.713,1.742,1.709
2024-04-17,1.718,1.747,1.748,1.718
2024-04-18,1.739,1.738,1.759,1.717
2024-04-19,1.725,1.705,1.728,1.692
2024-04-22,1.695,1.703,1.718,1.687
2024-04-23,1.708,1.705,1.716,1.693
2024-04-24,1.709,1.719,1.72,1.696
2024-04-25,1.71,1.716,1.73,1.7
2024-04-26,1.717,1.774,1.777,1.717
2024-04-29,1.78,1.837,1.854,1.78
2024-04-30,1.837,1.816,1.837,1.816
2024-05-06,1.852,1.853,1.863,1.846
2024-05-07,1.851,1.85,1.857,1.844
2024-05-08,1.847,1.821,1.847,1.82
2024-05-09,1.828,1.856,1.86,1.828
2024-05-10,1.858,1.84,1.859,1.829
2024-05-13,1.819,1.817,1.835,1.808
2024-05-14,1.821,1.813,1.831,1.809
2024-05-15,1.814,1.797,1.823,1.795
2024-05-16,1.806,1.801,1.819,1.794
2024-05-17,1.795,1.824,1.825,1.791
2024-05-20,1.828,1.831,1.844,1.823
2024-05-21,1.826,1.818,1.831,1.813
2024-05-22,1.819,1.839,1.842,1.814
2024-05-23,1.837,1.811,1.837,1.807
2024-05-24,1.804,1.781,1.821,1.778
2024-05-27,1.784,1.792,1.793,1.762
2024-05-28,1.784,1.769,1.789,1.766
2024-05-29,1.768,1.772,1.793,1.765
2024-05-30,1.772,1.777,1.783,1.767
2024-05-31,1.781,1.772,1.794,1.77
2024-06-03,1.769,1.782,1.786,1.764
2024-06-04,1.778,1.806,1.812,1.777
2024-06-05,1.805,1.796,1.821,1.796
2024-06-06,1.804,1.785,1.808,1.778
2024-06-07,1.784,1.748,1.786,1.729
2024-06-11,1.735,1.752,1.757,1.727
2024-06-12,1.746,1.743,1.754,1.742
2024-06-13,1.752,1.742,1.766,1.741
2024-06-14,1.745,1.756,1.762,1.726
2024-06-17,1.746,1.768,1.775,1.743
2024-06-18,1.769,1.776,1.785,1.766
2024-06-19,1.781,1.753,1.783,1.752
2024-06-20,1.75,1.728,1.758,1.727
2024-06-21,1.725,1.723,1.729,1.709
2024-06-24,1.711,1.696,1.721,1.693
2024-06-25,1.694,1.666,1.698,1.657
2024-06-26,1.665,1.699,1.7,1.662
2024-06-27,1.689,1.67,1.689,1.669
2024-06-28,1.665,1.652,1.688,1.647
2024-07-01,1.648,1.65,1.658,1.621
2024-07-02,1.643,1.633,1.652,1.627
2024-07-03,1.633,1.629,1.645,1.616
2024-07-04,1.633,1.616,1.643,1.615
2024-07-05,1.615,1.623,1.63,1.601
2024-07-08,1.615,1.596,1.62,1.592
2024-07-09,1.594,1.62,1.629,1.584
2024-07-10,1.609,1.618,1.636,1.608
2024-07-11,1.64,1.654,1.664,1.627
2024-07-12,1.648,1.653,1.661,1.64
2024-07-15,1.644,1.64,1.648,1.633
2024-07-16,1.638,1.664,1.665,1.637
2024-07-17,1.66,1.663,1.674,1.653
2024-07-18,1.653,1.686,1.687,1.649
2024-07-19,1.673,1.692,1.699,1.672
2024-07-22,1.693,1.693,1.702,1.679
2024-07-23,1.691,1.64,1.691,1.639
2024-07-24,1.634,1.619,1.651,1.614
2024-07-25,1.61,1.614,1.627,1.607
2024-07-26,1.617,1.627,1.638,1.615
2024-07-29,1.622,1.604,1.623,1.603
2024-07-30,1.6,1.601,1.607,1.591
2024-07-31,1.594,1.658,1.658,1.592
2024-08-01,1.659,1.636,1.663,1.631
2024-08-02,1.621,1.609,1.639,1.604
2024-08-05,1.592,1.576,1.625,1.576
2024-08-06,1.594,1.597,1.607,1.581
2024-08-07,1.593,1.589,1.601,1.587
2024-08-08,1.582,1.582,1.599,1.568
2024-08-09,1.59,1.566,1.598,1.566
2024-08-12,1.566,1.563,1.572,1.558
2024-08-13,1.562,1.578,1.578,1.558
2024-08-14,1.575,1.555,1.576,1.554
2024-08-15,1.551,1.565,1.579,1.55
2024-08-16,1.564,1.561,1.573,1.558
2024-08-19,1.56,1.559,1.577,1.557
2024-08-20,1.561,1.539,1.562,1.536
2024-08-21,1.532,1.529,1.543,1.527
2024-08-22,1.53,1.516,1.534,1.515
2024-08-23,1.512,1.517,1.526,1.509
2024-08-26,1.517,1.515,1.528,1.511
2024-08-27,1.511,1.5,1.512,1.497
2024-08-28,1.499,1.501,1.505,1.494
2024-08-29,1.488,1.513,1.522,1.484
2024-08-30,1.511,1.552,1.571,1.511
2024-09-02,1.547,1.507,1.552,1.506
2024-09-03,1.504,1.525,1.532,1.503
2024-09-04,1.512,1.525,1.54,1.51
2024-09-05,1.525,1.536,1.546,1.524
2024-09-06,1.535,1.508,1.538,1.508
2024-09-09,1.5,1.513,1.519,1.498
2024-09-10,1.514,1.512,1.524,1.495
2024-09-11,1.51,1.528,1.534,1.507
2024-09-12,1.536,1.525,1.549,1.521
2024-09-13,1.525,1.509,1.528,1.508
2024-09-18,1.505,1.504,1.513,1.494
2024-09-19,1.511,1.519,1.537,1.492
2024-09-20,1.516,1.508,1.517,1.498
2024-09-23,1.507,1.501,1.52,1.5
2024-09-24,1.515,1.587,1.588,1.504
2024-09-25,1.621,1.61,1.649,1.609
2024-09-26,1.604,1.686,1.686,1.595
2024-09-27,1.713,1.86,1.89,1.713
2024-09-30,2.0,2.232,2.232,1.928
2024-10-08,2.678,2.678,2.678,2.29
2024-10-09,2.41,2.242,2.478,2.238
2024-10-10,2.241,2.174,2.297,2.137
2024-10-11,2.134,2.06,2.152,2.026
2024-10-14,2.078,2.116,2.124,2.022
2024-10-15,2.094,2.045,2.135,2.045
2024-10-16,2.001,2.0,2.044,1.989
2024-10-17,2.019,1.995,2.042,1.993
2024-10-18,1.986,2.156,2.256,1.986
2024-10-21,2.162,2.167,2.225,2.139
2024-10-22,2.158,2.175,2.186,2.139
2024-10-23,2.166,2.162,2.211,2.145
2024-10-24,2.149,2.132,2.161,2.126
2024-10-25,2.147,2.196,2.236,2.138
2024-10-28,2.193,2.188,2.193,2.158
2024-10-29,2.191,2.135,2.198,2.133
2024-10-30,2.119,2.111,2.138,2.086
2024-10-31,2.105,2.122,2.164,2.09
2024-11-01,2.104,2.084,2.125,2.08
2024-11-04,2.081,2.145,2.146,2.08
2024-11-05,2.144,2.249,2.258,2.13
2024-11-06,2.249,2.223,2.316,2.202
2024-11-07,2.202,2.306,2.306,2.198
2024-11-08,2.355,2.282,2.365,2.274
2024-11-11,2.25,2.349,2.35,2.249
2024-11-12,2.365,2.345,2.402,2.316
2024-11-13,2.325,2.372,2.381,2.3
2024-11-14,2.37,2.288,2.372,2.285
2024-11-15,2.276,2.204,2.294,2.201
2024-11-18,2.205,2.149,2.219,2.132
2024-11-19,2.155,2.215,2.219,2.132
2024-11-20,2.201,2.223,2.24,2.195
2024-11-21,2.213,2.223,2.237,2.206
2024-11-22,2.218,2.136,2.226,2.133
2024-11-25,2.14,2.132,2.151,2.1
2024-11-26,2.122,2.109,2.146,2.107
2024-11-27,2.1,2.165,2.167,2.079
2024-11-28,2.162,2.128,2.165,2.124
2024-11-29,2.122,2.179,2.221,2.12
2024-12-02,2.172,2.211,2.218,2.166
2024-12-03,2.211,2.198,2.219,2.182
2024-12-04,2.195,2.17,2.203,2.161
2024-12-05,2.167,2.177,2.195,2.163
2024-12-06,2.18,2.224,2.247,2.17
2024-12-09,2.219,2.206,2.23,2.185
2024-12-10,2.32,2.221,2.32,2.214
2024-12-11,2.215,2.218,2.235,2.209
2024-12-12,2.217,2.248,2.258,2.212
2024-12-13,2.231,2.193,2.233,2.19
2024-12-16,2.19,2.158,2.192,2.148
2024-12-17,2.156,2.159,2.189,2.153
2024-12-18,2.167,2.158,2.173,2.15
2024-12-19,2.137,2.171,2.178,2.132
2024-12-20,2.166,2.169,2.19,2.157
2024-12-23,2.163,2.147,2.18,2.142
2024-12-24,2.148,2.17,2.172,2.143
2024-12-25,2.173,2.156,2.175,2.144
2024-12-26,2.16,2.166,2.176,2.152
2024-12-27,2.166,2.163,2.192,2.154
2024-12-30,2.158,2.165,2.174,2.155
2024-12-31,2.162,2.102,2.165,2.101
2025-01-02,2.096,2.019,2.097,2.0
2025-01-03,2.02,1.978,2.027,1.976
2025-01-06,1.978,1.976,1.994,1.962
2025-01-07,1.965,1.99,1.99,1.951
2025-01-08,1.975,1.968,1.99,1.925
2025-01-09,1.956,1.971,1.985,1.954
2025-01-10,1.967,1.938,1.983,1.938
2025-01-13,1.916,1.942,1.959,1.916
2025-01-14,1.95,2.036,2.037,1.942
2025-01-15,2.022,1.999,2.025,1.992
2025-01-16,2.009,2.01,2.044,1.99
2025-01-17,1.999,2.026,2.043,1.998
2025-01-20,2.047,2.062,2.077,2.046
2025-01-21,2.081,2.07,2.083,2.048
2025-01-22,2.063,2.059,2.069,2.041
2025-01-23,2.082,2.052,2.11,2.052
2025-01-24,2.045,2.084,2.092,2.044
2025-01-27,2.086,2.028,2.087,2.028
2025-02-05,2.043,2.024,2.047,2.016
2025-02-06,2.022,2.08,2.082,2.017
2025-02-07,2.08,2.131,2.159,2.08
2025-02-10,2.14,2.142,2.147,2.114
2025-02-11,2.141,2.113,2.142,2.11
2025-02-12,2.107,2.15,2.154,2.101
2025-02-13,2.145,2.135,2.163,2.133
2025-02-14,2.134,2.174,2.181,2.132
2025-02-17,2.198,2.182,2.2,2.166
2025-02-18,2.178,2.14,2.19,2.131
2025-02-19,2.136,2.185,2.186,2.133
2025-02-20,2.179,2.184,2.191,2.161
2025-02-21,2.185,2.239,2.242,2.185
2025-02-24,2.232,2.221,2.24,2.201
2025-02-25,2.189,2.197,2.222,2.185
2025-02-26,2.199,2.223,2.225,2.19
2025-02-27,2.224,2.212,2.237,2.183
2025-02-28,2.197,2.128,2.198,2.123
2025-03-03,2.133,2.154,2.189,2.12
2025-03-04,2.131,2.149,2.151,2.12
2025-03-05,2.147,2.149,2.159,2.131
2025-03-06,2.162,2.191,2.2,2.16
2025-03-07,2.181,2.16,2.183,2.152
2025-03-10,2.166,2.159,2.174,2.14
2025-03-11,2.135,2.159,2.161,2.131
2025-03-12,2.17,2.149,2.172,2.148
2025-03-13,2.146,2.125,2.158,2.113
2025-03-14,2.125,2.186,2.19,2.12
2025-03-17,2.188,2.173,2.191,2.169
2025-03-18,2.182,2.185,2.201,2.173
2025-03-19,2.181,2.178,2.195,2.166
2025-03-20,2.178,2.158,2.18,2.155
2025-03-21,2.153,2.112,2.159,2.108
2025-03-24,2.11,2.112,2.118,2.084
2025-03-25,2.112,2.105,2.123,2.094
2025-03-26,2.1,2.098,2.117,2.097
2025-03-27,2.093,2.103,2.125,2.076
2025-03-28,2.101,2.089,2.112,2.087
2025-03-31,2.079,2.064,2.083,2.047
2025-04-01,2.067,2.062,2.087,2.06
2025-04-02,2.062,2.064,2.081,2.057
2025-04-03,2.042,2.027,2.057,2.018
2025-04-07,1.93,1.775,1.931,1.721
2025-04-08,1.792,1.804,1.844,1.777
2025-04-09,1.762,1.823,1.838,1.743
2025-04-10,1.88,1.863,1.908,1.86
2025-04-11,1.845,1.892,1.907,1.844
2025-04-14,1.915,1.895,1.919,1.892
2025-04-15,1.895,1.893,1.903,1.881
2025-04-16,1.885,1.87,1.885,1.844
2025-04-17,1.859,1.873,1.887,1.856
2025-04-18,1.865,1.878,1.881,1.862
2025-04-21,1.874,1.908,1.91,1.865
2025-04-22,1.903,1.899,1.911,1.895
2025-04-23,1.917,1.919,1.933,1.906
2025-04-24,1.916,1.907,1.929,1.902
2025-04-25,1.913,1.92,1.932,1.908
2025-04-28,1.918,1.906,1.921,1.901
2025-04-29,1.902,1.903,1.912,1.895
2025-04-30,1.905,1.921,1.926,1.904
2025-05-06,1.936,1.958,1.959,1.935
2025-05-07,1.995,1.967,2.007,1.953
2025-05-08,1.963,2.001,2.006,1.961
2025-05-09,2.0,1.984,2.001,1.975
2025-05-12,2.013,2.037,2.037,2.007
2025-05-13,2.062,2.03,2.065,2.027
2025-05-14,2.032,2.054,2.074,2.021
2025-05-15,2.046,2.012,2.047,2.012
2025-05-16,2.006,2.008,2.02,2.005
2025-05-19,2.006,2.002,2.008,1.988
2025-05-20,2.009,2.018,2.031,1.997
2025-05-21,2.02,2.034,2.047,2.019
2025-05-22,2.036,2.016,2.037,2.014
2025-05-23,2.015,1.994,2.03,1.994
2025-05-26,1.99,1.977,1.997,1.965
2025-05-27,1.976,1.967,1.976,1.957
2025-05-28,1.969,1.959,1.975,1.956
2025-05-29,1.962,1.989,1.991,1.961
2025-05-30,1.98,1.972,1.98,1.963
2025-06-03,1.961,1.977,1.987,1.96
2025-06-04,1.983,2.0,2.006,1.982
2025-06-05,2.001,2.023,2.029,1.989
2025-06-06,2.022,2.017,2.027,2.01
2025-06-09,2.02,2.034,2.051,2.02
2025-06-10,2.034,2.012,2.041,1.999
2025-06-11,2.016,2.038,2.053,2.016
2025-06-12,2.033,2.04,2.052,2.027
2025-06-13,2.033,2.02,2.042,2.015
2025-06-16,2.019,2.037,2.039,2.016
2025-06-17,2.04,2.028,2.041,2.023
2025-06-18,2.027,2.034,2.038,2.017
2025-06-19,2.028,2.005,2.036,2.0
2025-06-20,2.005,1.988,2.015,1.987
2025-06-23,1.98,1.998,2.001,1.975
2025-06-24,2.004,2.044,2.044,2.003
2025-06-25,2.05,2.109,2.113,2.05
2025-06-26,2.109,2.093,2.121,2.092
2025-06-27,2.1,2.101,2.125,2.091
2025-06-30,2.11,2.133,2.134,2.106
2025-07-01,2.128,2.126,2.131,2.112
2025-07-02,2.123,2.104,2.123,2.097
2025-07-03,2.11,2.141,2.147,2.108
2025-07-04,2.141,2.133,2.167,2.131
2025-07-07,2.126,2.11,2.134,2.106
2025-07-08,2.109,2.159,2.161,2.107
2025-07-09,2.157,2.163,2.183,2.155
2025-07-10,2.17,2.169,2.179,2.153
2025-07-11,2.169,2.185,2.202,2.159
2025-07-14,2.18,2.177,2.187,2.167
2025-07-15,2.184,2.212,2.223,2.184
2025-07-16,2.217,2.206,2.237,2.205
2025-07-17,2.205,2.247,2.247,2.204
2025-07-18,2.256,2.252,2.274,2.241
2025-07-21,2.258,2.275,2.275,2.251
2025-07-22,2.274,2.289,2.291,2.267
2025-07-23,2.288,2.287,2.31,2.281
2025-07-24,2.297,2.325,2.325,2.291
2025-07-25,2.326,2.318,2.326,2.308
2025-07-28,2.322,2.342,2.344,2.311
2025-07-29,2.338,2.383,2.384,2.332
2025-07-30,2.378,2.345,2.378,2.325
2025-07-31,2.354,2.301,2.37,2.299
2025-08-01,2.296,2.303,2.324,2.281
2025-08-04,2.285,2.313,2.313,2.282
2025-08-05,2.326,2.32,2.328,2.3
2025-08-06,2.314,2.336,2.338,2.312
2025-08-07,2.338,2.32,2.35,2.3
2025-08-08,2.314,2.312,2.331,2.307
2025-08-11,2.317,2.357,2.362,2.312
2025-08-12,2.358,2.385,2.385,2.345
2025-08-13,2.395,2.473,2.475,2.391
2025-08-14,2.473,2.446,2.489,2.438
2025-08-15,2.435,2.509,2.518,2.435
2025-08-18,2.52,2.582,2.608,2.504
2025-08-19,2.575,2.575,2.61,2.561
2025-08-20,2.551,2.588,2.588,2.524
2025-08-21,2.589,2.572,2.605,2.558
2025-08-22,2.566,2.662,2.663,2.563
2025-08-25,2.693,2.737,2.76,2.675
2025-08-26,2.727,2.716,2.75,2.702
2025-08-27,2.716,2.696,2.796,2.696
2025-08-28,2.68,2.806,2.807,2.677
2025-08-29,2.799,2.865,2.909,2.78
2025-09-01,2.88,2.927,2.932,2.859
2025-09-02,2.922,2.848,2.954,2.815
2025-09-03,2.852,2.87,2.899,2.832
2025-09-04,2.899,2.751,2.93,2.716
2025-09-05,2.75,2.944,2.947,2.749
2025-09-08,2.946,2.908,2.951,2.856
2025-09-09,2.866,2.845,2.898,2.818
2025-09-10,2.857,2.875,2.9,2.833
2025-09-11,2.883,3.025,3.027,2.871
2025-09-12,3.01,2.995,3.033,2.982
2025-09-15,3.006,3.037,3.08,3.006
2025-09-16,3.039,3.059,3.064,2.993
2025-09-17,3.055,3.119,3.125,3.036
2025-09-18,3.115,3.067,3.141,3.024
2025-09-19,3.067,3.062,3.101,3.046
2025-09-22,3.068,3.082,3.082,3.026
2025-09-23,3.115,3.093,3.13,3.015
2025-09-24,3.063,3.16,3.162,3.061
2025-09-25,3.15,3.211,3.24,3.134
2025-09-26,3.193,3.129,3.226,3.126
2025-09-29,3.126,3.213,3.233,3.126
2025-09-30,3.221,3.217,3.254,3.194
2025-10-09,3.217,3.235,3.297,3.217
2025-10-10,3.201,3.095,3.217,3.072
2025-10-13,2.952,3.054,3.073,2.951
2025-10-14,3.093,2.934,3.106,2.92
2025-10-15,2.932,3.003,3.01,2.905
2025-10-16,2.984,3.014,3.044,2.978
2025-10-17,3.002,2.915,3.021,2.91
2025-10-20,2.976,2.971,3.02,2.948
2025-10-21,2.999,3.062,3.078,2.972
2025-10-22,3.037,3.039,3.067,3.02
2025-10-23,3.021,3.038,3.045,2.98
2025-10-24,3.069,3.147,3.147,3.058
2025-10-27,3.209,3.209,3.218,3.155
2025-10-28,3.189,3.205,3.258,3.181
2025-10-29,3.235,3.3,3.3,3.234
2025-10-30,3.296,3.239,3.308,3.235
2025-10-31,3.235,3.166,3.258,3.164
2025-11-03,3.152,3.176,3.178,3.098
2025-11-04,3.166,3.112,3.184,3.087
2025-11-05,3.06,3.142,3.157,3.046
2025-11-06,3.158,3.201,3.213,3.153
2025-11-07,3.184,3.185,3.218,3.155
2025-11-10,3.2,3.158,3.215,3.117
2025-11-11,3.175,3.113,3.188,3.107
2025-11-12,3.095,3.108,3.116,3.058
2025-11-13,3.094,3.182,3.188,3.086
2025-11-14,3.146,3.093,3.146,3.091
2025-11-17,3.074,3.084,3.101,3.06
2025-11-18,3.069,3.051,3.095,3.032
2025-11-19,3.051,3.057,3.092,3.041
2025-11-20,3.106,3.026,3.113,3.019
2025-11-21,2.99,2.904,2.99,2.903
2025-11-24,2.925,2.908,2.932,2.873
2025-11-25,2.951,2.961,3.008,2.94
2025-11-26,2.955,3.027,3.061,2.943
2025-11-27,3.018,3.012,3.093,3.007
2025-11-28,3.008,3.035,3.048,2.993
2025-12-01,3.044,3.073,3.074,3.017
2025-12-02,3.075,3.052,3.075,3.036
2025-12-03,3.058,3.019,3.086,3.01
2025-12-04,3.014,3.051,3.056,2.997
2025-12-05,3.063,3.089,3.098,3.028
2025-12-08,3.101,3.171,3.194,3.099
2025-12-09,3.168,3.188,3.215,3.153
2025-12-10,3.185,3.192,3.2,3.124
2025-12-11,3.192,3.146,3.226,3.145
2025-12-12,3.152,3.174,3.186,3.12
2025-12-15,3.14,3.12,3.167,3.119
2025-12-16,3.112,3.06,3.125,3.043
2025-12-17,3.057,3.164,3.165,3.054
2025-12-18,3.134,3.092,3.14,3.092
2025-12-19,3.118,3.107,3.141,3.096
2025-12-22,3.135,3.175,3.18,3.135
2025-12-23,3.18,3.185,3.21,3.166
2025-12-24,3.194,3.212,3.219,3.177
2025-12-25,3.21,3.222,3.234,3.184
2025-12-26,3.222,3.226,3.252,3.202
2025-12-29,3.217,3.205,3.234,3.19
2025-12-30,3.19,3.229,3.234,3.19
2025-12-31,3.23,3.186,3.239,3.182
2026-01-05,3.215,3.281,3.281,3.21
2026-01-06,3.278,3.303,3.305,3.249
2026-01-07,3.311,3.311,3.336,3.281
2026-01-08,3.291,3.287,3.313,3.27
2026-01-09,3.269,3.314,3.315,3.253
2026-01-12,3.314,3.371,3.387,3.267
2026-01-13,3.372,3.306,3.402,3.291
2026-01-14,3.307,3.332,3.388,3.292
2026-01-15,3.306,3.352,3.359,3.293
2026-01-16,3.382,3.346,3.394,3.337
2026-01-19,3.327,3.318,3.369,3.31
2026-01-20,3.319,3.263,3.335,3.242
2026-01-21,3.243,3.281,3.315,3.242
2026-01-22,3.298,3.315,3.323,3.264
2026-01-23,3.322,3.337,3.337,3.304
2026-01-26,3.352,3.305,3.355,3.292
2026-01-27,3.31,3.327,3.352,3.263
2026-01-28,3.342,3.307,3.345,3.29
2026-01-29,3.297,3.292,3.342,3.284
2026-01-30,3.286,3.335,3.355,3.241
2026-02-02,3.338,3.252,3.376,3.248
2026-02-03,3.302,3.313,3.32,3.238
2026-02-04,3.29,3.297,3.307,3.233
2026-02-05,3.264,3.238,3.278,3.227
2026-02-06,3.21,3.229,3.275,3.187
2026-02-09,3.288,3.321,3.327,3.263
2026-02-10,3.327,3.311,3.335,3.307
2026-02-11,3.3,3.273,3.312,3.272
2026-02-12,3.28,3.319,3.323,3.277
2026-02-13,3.303,3.265,3.313,3.263
2026-02-24,3.318,3.295,3.331,3.282
2026-02-25,3.301,3.344,3.352,3.293
2026-02-26,3.338,3.336,3.343,3.301
2026-02-27,3.31,3.301,3.317,3.283
2026-03-02,3.251,3.282,3.308,3.25
2026-03-03,3.303,3.205,3.32,3.198
2026-03-04,3.17,3.154,3.207,3.138
2026-03-05,3.216,3.206,3.254,3.183
2026-03-06,3.191,3.225,3.238,3.169
2026-03-09,3.183,3.201,3.21,3.1
2026-03-10,3.267,3.296,3.298,3.252
2026-03-11,3.303,3.335,3.377,3.303
2026-03-12,3.34,3.308,3.35,3.278
2026-03-13,3.29,3.3,3.334,3.28
2026-03-16,3.308,3.349,3.35,3.275
2026-03-17,3.369,3.273,3.379,3.271
2026-03-18,3.293,3.338,3.341,3.265
2026-03-19,3.297,3.303,3.353,3.287
2026-03-20,3.337,3.341,3.417,3.337
2026-03-23,3.3,3.228,3.326,3.206
2026-03-24,3.275,3.237,3.277,3.145
2026-03-25,3.279,3.307,3.315,3.262
2026-03-26,3.306,3.263,3.338,3.256
2026-03-27,3.241,3.293,3.313,3.221
2026-03-30,3.242,3.264,3.273,3.216
2026-03-31,3.248,3.182,3.272,3.178
2026-04-01,3.245,3.232,3.247,3.2
2026-04-02,3.224,3.164,3.224,3.148
2026-04-03,3.182,3.141,3.189,3.139
2026-04-07,3.153,3.151,3.173,3.125
2026-04-08,3.241,3.345,3.345,3.235
2026-04-09,3.316,3.32,3.331,3.292
2026-04-10,3.339,3.437,3.462,3.339
2026-04-13,3.43,3.468,3.485,3.421
2026-04-14,3.501,3.55,3.552,3.484
2026-04-15,3.589,3.511,3.595,3.482
2026-04-16,3.522,3.624,3.624,3.511
2026-04-17,3.638,3.67,3.678,3.61
2026-04-20,3.657,3.672,3.689,3.636
2026-04-21,3.663,3.681,3.688,3.614
2026-04-22,3.66,3.758,3.761,3.66
2026-04-23,3.769,3.728,3.789,3.684
2026-04-24,3.689,3.674,3.704,3.63
2026-04-27,3.68,3.652,3.691,3.643
2026-04-28,3.63,3.602,3.643,3.588
2026-04-29,3.585,3.694,3.7,3.578
2026-04-30,3.703,3.689,3.727,3.668
2026-05-06,3.763,3.786,3.824,3.733
2026-05-07,3.814,3.845,3.849,3.769
2026-05-08,3.811,3.806,3.851,3.796
2026-05-11,3.834,3.947,3.947,3.806
2026-05-12,3.952,3.94,3.966,3.907
2026-05-13,3.91,4.048,4.054,3.904
2026-05-14,4.092,3.961,4.104,3.948
2026-05-15,3.961,3.97,4.015,3.88
2026-05-18,3.912,3.923,3.971,3.892
2026-05-19,3.901,3.922,3.931,3.82
2026-05-20,3.895,3.932,3.959,3.895
2026-05-21,3.97,3.846,4.029,3.835
2026-05-22,3.877,3.946,3.959,3.866
2026-05-25,3.982,4.034,4.034,3.916
2026-05-26,4.012,4.055,4.07,3.997
2026-05-27,4.053,4.056,4.158,4.027
2026-05-28,4.039,4.138,4.148,3.984
2026-05-29,4.143,4.053,4.174,4.022
2026-06-01,4.047,3.964,4.094,3.956
2026-06-02,3.981,4.071,4.098,3.959
2026-06-03,4.095,4.145,4.23,4.076
2026-06-04,4.074,4.1,4.131,4.065
2026-06-05,4.083,3.977,4.122,3.947
2026-06-08,3.83,3.827,3.916,3.79
2026-06-09,3.877,3.972,3.975,3.836
2026-06-10,3.925,3.87,3.942,3.835
2026-06-11,3.843,3.83,3.925,3.77
2026-06-12,3.932,3.846,3.934,3.835
2026-06-15,3.912,4.045,4.053,3.858
2026-06-16,4.068,4.111,4.154,4.063
2026-06-17,4.086,4.183,4.183,4.071
2026-06-18,4.169,4.269,4.288,4.16
2026-06-22,4.291,4.379,4.379,4.24
2026-06-23,4.379,4.21,4.379,4.17
2026-06-24,4.206,4.258,4.271,4.174
2026-06-25,4.287,4.395,4.395,4.254
2026-06-26,4.328,4.215,4.344,4.19
2026-06-29,4.2,4.236,4.28,4.118
2026-06-30,4.224,4.364,4.37,4.221
2026-07-01,4.364,4.274,4.378,4.234
2026-07-02,4.207,4.036,4.207,4.016
2026-07-03,4.002,4.037,4.13,4.0
2026-07-06,4.051,3.97,4.077,3.918
2026-07-07,3.93,3.932,3.991,3.872
2026-07-08,3.948,3.867,3.98,3.842
2026-07-09,3.904,4.04,4.048,3.831
2026-07-10,4.046,3.862,4.088,3.86
2026-07-13,3.81,3.751,3.876,3.712
2026-07-14,3.739,3.867,3.874,3.693
2026-07-15,3.885,3.828,3.925,3.812
2026-07-16,3.769,3.723,3.816,3.68
2026-07-17,3.679,3.463,3.679,3.408
2026-07-20,3.512,3.477,3.572,3.358
2026-07-21,3.488,3.709,3.713,3.393
2026-07-22,3.65,3.586,3.716,3.575
2026-07-23,3.597,3.597,3.645,3.559
2026-07-24,3.536,3.508,3.584,3.507
2026-07-27,3.502,3.612,3.618,3.47
2026-07-28,3.513,3.355,3.538,3.335
2026-07-29,3.346,3.402,3.435,3.273
2026-07-30,3.35,3.27,3.379,3.182
2026-07-31,3.437,3.368,3.486,3.367
